ISO-10303-21;
HEADER;
/* Generated by software containing ST-Developer
 * from STEP Tools, Inc. (www.steptools.com) 
 */
/* OPTION: using custom renumber hook */

FILE_DESCRIPTION(
/* description */ ('STEP AP242 Edition 2',
'CAx-IF Rec.Pracs.---Representation and Presentation of Product Manufa
cturing Information (PMI)---4.0---2014-10-13',
'CAx-IF Rec.Pracs.---3D Tessellated Geometry---0.4---2014-09-14','2;1',
'CAx-IF Rec.Pracs.---User Defined Attributes---1.5---2016-08-15'),
/* implementation_level */ '2;1');

FILE_NAME(
/* name */ 'Part Studio 2',
/* time_stamp */ '2026-08-31T10:03:30Z',
/* author */ (''),
/* organization */ (''),
/* preprocessor_version */ 'ST-DEVELOPER v20',
/* originating_system */ 'ONSHAPE BY PTC INC, 1.220',
/* authorisation */ '  ');

FILE_SCHEMA (('AP242_MANAGED_MODEL_BASED_3D_ENGINEERING_MIM_LF { 1 0 10303 442 3 1 4 }'));
ENDSEC;

DATA;
#10=SHAPE_REPRESENTATION_RELATIONSHIP('','',#3386,#11);
#11=ADVANCED_BREP_SHAPE_REPRESENTATION('',(#3384),#5972);
#12=B_SPLINE_CURVE_WITH_KNOTS('',3,(#5690,#5691,#5692,#5693,#5694),
 .UNSPECIFIED.,.F.,.F.,(4,1,4),(1.9660435991747E-7,0.00111491361533421,
0.00222963062630851),.UNSPECIFIED.);
#13=B_SPLINE_CURVE_WITH_KNOTS('',3,(#5700,#5701,#5702,#5703,#5704),
 .UNSPECIFIED.,.F.,.F.,(4,1,4),(-9.86930331852089E-6,0.00111109773367655,
0.00223206477067163),.UNSPECIFIED.);
#14=B_SPLINE_CURVE_WITH_KNOTS('',3,(#5730,#5731,#5732,#5733),
 .UNSPECIFIED.,.F.,.F.,(4,4),(0.000422398262475288,0.00155148327367433),
 .UNSPECIFIED.);
#15=B_SPLINE_CURVE_WITH_KNOTS('',3,(#5735,#5736,#5737,#5738),
 .UNSPECIFIED.,.F.,.F.,(4,4),(1.96606533811435E-7,0.00113303157310497),
 .UNSPECIFIED.);
#16=B_SPLINE_CURVE_WITH_KNOTS('',3,(#5752,#5753,#5754,#5755,#5756),
 .UNSPECIFIED.,.F.,.F.,(4,1,4),(1.96606533814925E-7,0.00111901930653049,
0.00223784200652717),.UNSPECIFIED.);
#17=B_SPLINE_CURVE_WITH_KNOTS('',3,(#5762,#5763,#5764,#5765),
 .UNSPECIFIED.,.F.,.F.,(4,4),(0.00110638122410927,0.00223206477067163),
 .UNSPECIFIED.);
#18=B_SPLINE_CURVE_WITH_KNOTS('',3,(#5767,#5768,#5769,#5770),
 .UNSPECIFIED.,.F.,.F.,(4,4),(1.966043599139E-7,0.00112031016060788),
 .UNSPECIFIED.);
#19=B_SPLINE_CURVE_WITH_KNOTS('',3,(#5774,#5775,#5776,#5777,#5778,#5779),
 .UNSPECIFIED.,.F.,.F.,(4,1,1,4),(-1.00521253827935E-5,0.00112921088939796,
0.00169884239678834,0.00226847390417872),.UNSPECIFIED.);
#20=B_SPLINE_CURVE_WITH_KNOTS('',3,(#5787,#5788,#5789,#5790,#5791),
 .UNSPECIFIED.,.F.,.F.,(4,1,4),(-9.82641126129544E-6,0.00110667394999441,
0.00222317431125012),.UNSPECIFIED.);
#21=B_SPLINE_CURVE_WITH_KNOTS('',3,(#5793,#5794,#5795,#5796,#5797),
 .UNSPECIFIED.,.F.,.F.,(4,1,4),(1.96606533808584E-7,0.00111901930653048,
0.00223784200652715),.UNSPECIFIED.);
#22=B_SPLINE_CURVE_WITH_KNOTS('',3,(#5840,#5841,#5842,#5843),
 .UNSPECIFIED.,.F.,.F.,(4,4),(0.000423096452367034,0.00155445136046192),
 .UNSPECIFIED.);
#23=B_SPLINE_CURVE_WITH_KNOTS('',3,(#5845,#5846,#5847,#5848),
 .UNSPECIFIED.,.F.,.F.,(4,4),(1.96606533815004E-7,0.00111983881546837),
 .UNSPECIFIED.);
#24=B_SPLINE_CURVE_WITH_KNOTS('',3,(#5854,#5855,#5856,#5857),
 .UNSPECIFIED.,.F.,.F.,(4,4),(1.96616862007481E-7,0.00114354269948933),
 .UNSPECIFIED.);
#25=B_SPLINE_CURVE_WITH_KNOTS('',3,(#5859,#5860,#5861,#5862),
 .UNSPECIFIED.,.F.,.F.,(4,4),(0.000352153069030866,0.00142057328162526),
 .UNSPECIFIED.);
#26=B_SPLINE_CURVE_WITH_KNOTS('',3,(#5864,#5865,#5866,#5867),
 .UNSPECIFIED.,.F.,.F.,(4,4),(1.96604359921466E-7,0.00106763900573541),
 .UNSPECIFIED.);
#27=B_SPLINE_CURVE_WITH_KNOTS('',3,(#5880,#5881,#5882,#5883),
 .UNSPECIFIED.,.F.,.F.,(4,4),(0.00111958276065185,0.00223206477067162),
 .UNSPECIFIED.);
#28=B_SPLINE_CURVE_WITH_KNOTS('',3,(#5885,#5886,#5887,#5888),
 .UNSPECIFIED.,.F.,.F.,(4,4),(1.96606533811435E-7,0.00112250544844448),
 .UNSPECIFIED.);
#29=B_SPLINE_CURVE_WITH_KNOTS('',3,(#5892,#5893,#5894,#5895),
 .UNSPECIFIED.,.F.,.F.,(4,4),(0.00113380381330124,0.00226847390417871),
 .UNSPECIFIED.);
#30=B_SPLINE_CURVE_WITH_KNOTS('',3,(#5903,#5904,#5905,#5906,#5907),
 .UNSPECIFIED.,.F.,.F.,(4,1,4),(-9.86930331846884E-6,0.00111109773367658,
0.00223206477067164),.UNSPECIFIED.);
#31=B_SPLINE_CURVE_WITH_KNOTS('',3,(#5913,#5914,#5915,#5916,#5917),
 .UNSPECIFIED.,.F.,.F.,(4,1,4),(1.96616862009053E-7,0.00113622038250239,
0.00227224414814277),.UNSPECIFIED.);
#32=B_SPLINE_CURVE_WITH_KNOTS('',3,(#5947,#5948,#5949,#5950),
 .UNSPECIFIED.,.F.,.F.,(4,4),(1.96616862009266E-7,0.00113021934136393),
 .UNSPECIFIED.);
#33=B_SPLINE_CURVE_WITH_KNOTS('',3,(#5952,#5953,#5954,#5955),
 .UNSPECIFIED.,.F.,.F.,(4,4),(0.000352835476948175,0.00142330071938663),
 .UNSPECIFIED.);
#34=B_SPLINE_CURVE_WITH_KNOTS('',3,(#5957,#5958,#5959,#5960),
 .UNSPECIFIED.,.F.,.F.,(4,4),(1.96606533814285E-7,0.00106974996716975),
 .UNSPECIFIED.);
#35=B_SPLINE_CURVE_WITH_KNOTS('',3,(#5966,#5967,#5968,#5969),
 .UNSPECIFIED.,.F.,.F.,(4,4),(0.00114712383763933,0.00226847390417871),
 .UNSPECIFIED.);
#36=TOROIDAL_SURFACE('',#3650,0.00343137,0.00193137);
#37=TOROIDAL_SURFACE('',#3651,0.00343137,0.00193137);
#38=TOROIDAL_SURFACE('',#3652,0.00343137,0.00193137);
#39=TOROIDAL_SURFACE('',#3653,0.00343137,0.00193137);
#40=TOROIDAL_SURFACE('',#3654,0.00551068979379494,0.00193137);
#41=TOROIDAL_SURFACE('',#3658,0.00243137,0.00193137);
#42=TOROIDAL_SURFACE('',#3660,0.00243137,0.00193137);
#43=TOROIDAL_SURFACE('',#3666,0.00243137,0.00193137);
#44=TOROIDAL_SURFACE('',#3668,0.00243137,0.00193137);
#45=TOROIDAL_SURFACE('',#3671,0.00243137,0.00193137);
#46=TOROIDAL_SURFACE('',#3678,0.00243137,0.00193137);
#47=TOROIDAL_SURFACE('',#3680,0.00243137,0.00193137);
#48=TOROIDAL_SURFACE('',#3682,0.00243137,0.00193137);
#49=TOROIDAL_SURFACE('',#3689,0.00243137,0.00193137);
#50=TOROIDAL_SURFACE('',#3692,0.00243137,0.00193137);
#51=TOROIDAL_SURFACE('',#3695,0.00243137,0.00193137);
#52=TOROIDAL_SURFACE('',#3702,0.00243137,0.00193137);
#53=TOROIDAL_SURFACE('',#3715,0.00243137,0.00193137);
#54=TOROIDAL_SURFACE('',#3717,0.00243137,0.00193137);
#55=TOROIDAL_SURFACE('',#3719,0.00243137,0.00193137);
#56=TOROIDAL_SURFACE('',#3721,0.00243137,0.00193137);
#57=TOROIDAL_SURFACE('',#3723,0.00243137,0.00193137);
#58=TOROIDAL_SURFACE('',#3725,0.00243137,0.00193137);
#59=TOROIDAL_SURFACE('',#3727,0.00243137,0.00193137);
#60=TOROIDAL_SURFACE('',#3729,0.00243137,0.00193137);
#61=TOROIDAL_SURFACE('',#3735,0.00243137,0.00193137);
#62=TOROIDAL_SURFACE('',#3746,0.00243137,0.00193137);
#63=TOROIDAL_SURFACE('',#3749,0.00243137,0.00193137);
#64=TOROIDAL_SURFACE('',#3756,0.00243137,0.00193137);
#65=TOROIDAL_SURFACE('',#3761,0.00243137,0.00193137);
#66=TOROIDAL_SURFACE('',#3762,0.00243137,0.00193137);
#67=TOROIDAL_SURFACE('',#3767,0.00243137,0.00193137);
#68=TOROIDAL_SURFACE('',#3774,0.00243137,0.00193137);
#69=TOROIDAL_SURFACE('',#3775,0.00243137,0.00193137);
#70=TOROIDAL_SURFACE('',#3777,0.00243137,0.00193137);
#71=TOROIDAL_SURFACE('',#3779,0.00243137,0.00193137);
#72=TOROIDAL_SURFACE('',#3781,0.00243137,0.00193137);
#73=TOROIDAL_SURFACE('',#3787,0.00243137,0.00193137);
#74=TOROIDAL_SURFACE('',#3789,0.00243137,0.00193137);
#75=TOROIDAL_SURFACE('',#3799,0.00243137,0.00193137);
#76=TOROIDAL_SURFACE('',#3801,0.00243137,0.00193137);
#77=TOROIDAL_SURFACE('',#3807,0.00243137,0.00193137);
#78=TOROIDAL_SURFACE('',#3808,0.00243137,0.00193137);
#79=TOROIDAL_SURFACE('',#3813,0.00243137,0.00193137);
#80=TOROIDAL_SURFACE('',#3814,0.00243137,0.00193137);
#81=ELLIPSE('',#3635,0.00273136964796053,0.00193137);
#82=ELLIPSE('',#3636,0.00273136964796053,0.00193137);
#83=ELLIPSE('',#3638,0.00273136964796053,0.00193137);
#84=ELLIPSE('',#3640,0.00273136964796053,0.00193137);
#85=ELLIPSE('',#3643,0.00273136964796053,0.00193137);
#86=ELLIPSE('',#3644,0.00273136964796053,0.00193137);
#87=ELLIPSE('',#3646,0.00273136964796053,0.00193137);
#88=ELLIPSE('',#3648,0.00273136964796053,0.00193137);
#89=SPHERICAL_SURFACE('',#3612,0.00193137);
#90=SPHERICAL_SURFACE('',#3623,0.00193137);
#91=SPHERICAL_SURFACE('',#3625,0.00193137);
#92=SPHERICAL_SURFACE('',#3631,0.00193137);
#93=CIRCLE('',#3399,0.0005);
#94=CIRCLE('',#3400,0.0005);
#95=CIRCLE('',#3403,0.0005);
#96=CIRCLE('',#3404,0.0005);
#97=CIRCLE('',#3407,0.0005);
#98=CIRCLE('',#3408,0.0005);
#99=CIRCLE('',#3411,0.0005);
#100=CIRCLE('',#3412,0.0005);
#101=CIRCLE('',#3415,0.0005);
#102=CIRCLE('',#3416,0.0005);
#103=CIRCLE('',#3419,0.0005);
#104=CIRCLE('',#3420,0.0005);
#105=CIRCLE('',#3423,0.0005);
#106=CIRCLE('',#3424,0.0005);
#107=CIRCLE('',#3426,0.0005);
#108=CIRCLE('',#3427,0.0005);
#109=CIRCLE('',#3430,0.0005);
#110=CIRCLE('',#3431,0.0005);
#111=CIRCLE('',#3434,0.0005);
#112=CIRCLE('',#3435,0.0005);
#113=CIRCLE('',#3438,0.0005);
#114=CIRCLE('',#3439,0.0005);
#115=CIRCLE('',#3441,0.0005);
#116=CIRCLE('',#3442,0.0005);
#117=CIRCLE('',#3445,0.0005);
#118=CIRCLE('',#3446,0.0005);
#119=CIRCLE('',#3449,0.0005);
#120=CIRCLE('',#3450,0.0005);
#121=CIRCLE('',#3453,0.0005);
#122=CIRCLE('',#3454,0.0005);
#123=CIRCLE('',#3456,0.0005);
#124=CIRCLE('',#3457,0.0005);
#125=CIRCLE('',#3460,0.0005);
#126=CIRCLE('',#3461,0.0005);
#127=CIRCLE('',#3464,0.0005);
#128=CIRCLE('',#3465,0.0005);
#129=CIRCLE('',#3468,0.0005);
#130=CIRCLE('',#3469,0.0005);
#131=CIRCLE('',#3471,0.0005);
#132=CIRCLE('',#3472,0.0005);
#133=CIRCLE('',#3475,0.0005);
#134=CIRCLE('',#3476,0.0005);
#135=CIRCLE('',#3479,0.0005);
#136=CIRCLE('',#3480,0.0005);
#137=CIRCLE('',#3483,0.0005);
#138=CIRCLE('',#3484,0.0005);
#139=CIRCLE('',#3486,0.000500000000000007);
#140=CIRCLE('',#3487,0.000500000000000007);
#141=CIRCLE('',#3490,0.0005);
#142=CIRCLE('',#3491,0.0005);
#143=CIRCLE('',#3494,0.0005);
#144=CIRCLE('',#3495,0.0005);
#145=CIRCLE('',#3498,0.0005);
#146=CIRCLE('',#3499,0.0005);
#147=CIRCLE('',#3501,0.0005);
#148=CIRCLE('',#3502,0.0005);
#149=CIRCLE('',#3505,0.0005);
#150=CIRCLE('',#3506,0.0005);
#151=CIRCLE('',#3509,0.0005);
#152=CIRCLE('',#3510,0.0005);
#153=CIRCLE('',#3513,0.0005);
#154=CIRCLE('',#3514,0.0005);
#155=CIRCLE('',#3516,0.0005);
#156=CIRCLE('',#3517,0.0005);
#157=CIRCLE('',#3520,0.0005);
#158=CIRCLE('',#3521,0.0005);
#159=CIRCLE('',#3524,0.0005);
#160=CIRCLE('',#3525,0.0005);
#161=CIRCLE('',#3528,0.0005);
#162=CIRCLE('',#3529,0.0005);
#163=CIRCLE('',#3531,0.0005);
#164=CIRCLE('',#3532,0.0005);
#165=CIRCLE('',#3535,0.0005);
#166=CIRCLE('',#3536,0.0005);
#167=CIRCLE('',#3539,0.0005);
#168=CIRCLE('',#3540,0.0005);
#169=CIRCLE('',#3543,0.0005);
#170=CIRCLE('',#3544,0.0005);
#171=CIRCLE('',#3547,0.00357931979379494);
#172=CIRCLE('',#3548,0.00357931979379494);
#173=CIRCLE('',#3550,0.0015);
#174=CIRCLE('',#3551,0.0015);
#175=CIRCLE('',#3553,0.0015);
#176=CIRCLE('',#3554,0.0015);
#177=CIRCLE('',#3556,0.0015);
#178=CIRCLE('',#3557,0.0015);
#179=CIRCLE('',#3559,0.0015);
#180=CIRCLE('',#3560,0.0015);
#181=CIRCLE('',#3563,0.0005);
#182=CIRCLE('',#3564,0.0005);
#183=CIRCLE('',#3576,0.00343137);
#184=CIRCLE('',#3577,0.00343137);
#185=CIRCLE('',#3578,0.00343137);
#186=CIRCLE('',#3579,0.00343137);
#187=CIRCLE('',#3580,0.00551068979379494);
#188=CIRCLE('',#3581,0.00243137);
#189=CIRCLE('',#3582,0.00243137);
#190=CIRCLE('',#3583,0.00243137);
#191=CIRCLE('',#3584,0.00243137);
#192=CIRCLE('',#3585,0.00243137);
#193=CIRCLE('',#3586,0.00243137);
#194=CIRCLE('',#3587,0.00243137);
#195=CIRCLE('',#3588,0.00243137);
#196=CIRCLE('',#3589,0.00243137);
#197=CIRCLE('',#3590,0.00243137);
#198=CIRCLE('',#3591,0.00243137);
#199=CIRCLE('',#3592,0.00243137);
#200=CIRCLE('',#3593,0.00243137);
#201=CIRCLE('',#3594,0.00243137);
#202=CIRCLE('',#3595,0.00243137);
#203=CIRCLE('',#3596,0.00243137);
#204=CIRCLE('',#3597,0.00243137);
#205=CIRCLE('',#3598,0.00243137);
#206=CIRCLE('',#3599,0.00243137);
#207=CIRCLE('',#3600,0.00243137);
#208=CIRCLE('',#3601,0.00243137);
#209=CIRCLE('',#3602,0.00243137);
#210=CIRCLE('',#3603,0.00243137);
#211=CIRCLE('',#3604,0.00243137);
#212=CIRCLE('',#3606,0.00193137);
#213=CIRCLE('',#3607,0.00193137);
#214=CIRCLE('',#3608,0.00193137);
#215=CIRCLE('',#3609,0.00193137);
#216=CIRCLE('',#3611,0.00193137);
#217=CIRCLE('',#3613,0.00193137);
#218=CIRCLE('',#3614,0.00193137);
#219=CIRCLE('',#3616,0.00193137);
#220=CIRCLE('',#3618,0.00193137);
#221=CIRCLE('',#3620,0.00193137);
#222=CIRCLE('',#3622,0.00193137);
#223=CIRCLE('',#3624,0.00193137);
#224=CIRCLE('',#3626,0.00193137);
#225=CIRCLE('',#3628,0.00193137);
#226=CIRCLE('',#3630,0.00193137);
#227=CIRCLE('',#3632,0.00193137);
#228=CIRCLE('',#3656,0.00193137);
#229=CIRCLE('',#3657,0.00193137);
#230=CIRCLE('',#3659,0.00193137);
#231=CIRCLE('',#3661,0.00193137);
#232=CIRCLE('',#3663,0.00193137);
#233=CIRCLE('',#3665,0.00193137);
#234=CIRCLE('',#3667,0.00193137);
#235=CIRCLE('',#3669,0.00193137);
#236=CIRCLE('',#3672,0.00193137);
#237=CIRCLE('',#3673,0.00193137);
#238=CIRCLE('',#3675,0.00193137);
#239=CIRCLE('',#3677,0.00193137);
#240=CIRCLE('',#3679,0.00193137);
#241=CIRCLE('',#3681,0.00193137);
#242=CIRCLE('',#3683,0.00193137);
#243=CIRCLE('',#3684,0.00193137);
#244=CIRCLE('',#3686,0.00193137);
#245=CIRCLE('',#3688,0.00193137);
#246=CIRCLE('',#3690,0.00193137);
#247=CIRCLE('',#3691,0.00193137);
#248=CIRCLE('',#3693,0.00193137);
#249=CIRCLE('',#3694,0.00193137);
#250=CIRCLE('',#3696,0.00193137);
#251=CIRCLE('',#3697,0.00193137);
#252=CIRCLE('',#3699,0.00193137);
#253=CIRCLE('',#3701,0.00193137);
#254=CIRCLE('',#3704,0.00193137);
#255=CIRCLE('',#3706,0.00193137);
#256=CIRCLE('',#3708,0.00193137);
#257=CIRCLE('',#3710,0.00193137);
#258=CIRCLE('',#3712,0.00193137);
#259=CIRCLE('',#3714,0.00193137);
#260=CIRCLE('',#3716,0.00193137);
#261=CIRCLE('',#3718,0.00193137);
#262=CIRCLE('',#3720,0.00193137);
#263=CIRCLE('',#3722,0.00193137);
#264=CIRCLE('',#3724,0.00193137);
#265=CIRCLE('',#3726,0.00193137);
#266=CIRCLE('',#3728,0.00193137);
#267=CIRCLE('',#3730,0.00193137);
#268=CIRCLE('',#3732,0.00193137);
#269=CIRCLE('',#3734,0.00193137);
#270=CIRCLE('',#3736,0.00193137);
#271=CIRCLE('',#3737,0.00193137);
#272=CIRCLE('',#3739,0.00193137);
#273=CIRCLE('',#3741,0.00193137);
#274=CIRCLE('',#3743,0.00193137);
#275=CIRCLE('',#3745,0.00193137);
#276=CIRCLE('',#3747,0.00193137);
#277=CIRCLE('',#3748,0.00193137);
#278=CIRCLE('',#3750,0.00193137);
#279=CIRCLE('',#3751,0.00193137);
#280=CIRCLE('',#3753,0.00193137);
#281=CIRCLE('',#3755,0.00193137);
#282=CIRCLE('',#3758,0.00193137);
#283=CIRCLE('',#3760,0.00193137);
#284=CIRCLE('',#3764,0.00193137);
#285=CIRCLE('',#3766,0.00193137);
#286=CIRCLE('',#3768,0.00193137);
#287=CIRCLE('',#3769,0.00193137);
#288=CIRCLE('',#3771,0.00193137);
#289=CIRCLE('',#3773,0.00193137);
#290=CIRCLE('',#3776,0.00193137);
#291=CIRCLE('',#3778,0.00193137);
#292=CIRCLE('',#3780,0.00193137);
#293=CIRCLE('',#3782,0.00193137);
#294=CIRCLE('',#3784,0.00193137);
#295=CIRCLE('',#3786,0.00193137);
#296=CIRCLE('',#3788,0.00193137);
#297=CIRCLE('',#3790,0.00193137);
#298=CIRCLE('',#3792,0.00193137);
#299=CIRCLE('',#3794,0.00193137);
#300=CIRCLE('',#3796,0.00193137);
#301=CIRCLE('',#3798,0.00193137);
#302=CIRCLE('',#3800,0.00193137);
#303=CIRCLE('',#3802,0.00193137);
#304=CIRCLE('',#3804,0.00193137);
#305=CIRCLE('',#3806,0.00193137);
#306=CIRCLE('',#3810,0.00193137);
#307=CIRCLE('',#3812,0.00193137);
#308=CYLINDRICAL_SURFACE('',#3398,0.0005);
#309=CYLINDRICAL_SURFACE('',#3402,0.0005);
#310=CYLINDRICAL_SURFACE('',#3406,0.0005);
#311=CYLINDRICAL_SURFACE('',#3410,0.0005);
#312=CYLINDRICAL_SURFACE('',#3414,0.0005);
#313=CYLINDRICAL_SURFACE('',#3418,0.0005);
#314=CYLINDRICAL_SURFACE('',#3422,0.0005);
#315=CYLINDRICAL_SURFACE('',#3425,0.0005);
#316=CYLINDRICAL_SURFACE('',#3429,0.0005);
#317=CYLINDRICAL_SURFACE('',#3433,0.0005);
#318=CYLINDRICAL_SURFACE('',#3437,0.0005);
#319=CYLINDRICAL_SURFACE('',#3440,0.0005);
#320=CYLINDRICAL_SURFACE('',#3444,0.0005);
#321=CYLINDRICAL_SURFACE('',#3448,0.0005);
#322=CYLINDRICAL_SURFACE('',#3452,0.0005);
#323=CYLINDRICAL_SURFACE('',#3455,0.0005);
#324=CYLINDRICAL_SURFACE('',#3459,0.0005);
#325=CYLINDRICAL_SURFACE('',#3463,0.0005);
#326=CYLINDRICAL_SURFACE('',#3467,0.0005);
#327=CYLINDRICAL_SURFACE('',#3470,0.0005);
#328=CYLINDRICAL_SURFACE('',#3474,0.0005);
#329=CYLINDRICAL_SURFACE('',#3478,0.0005);
#330=CYLINDRICAL_SURFACE('',#3482,0.0005);
#331=CYLINDRICAL_SURFACE('',#3485,0.000500000000000007);
#332=CYLINDRICAL_SURFACE('',#3489,0.0005);
#333=CYLINDRICAL_SURFACE('',#3493,0.0005);
#334=CYLINDRICAL_SURFACE('',#3497,0.0005);
#335=CYLINDRICAL_SURFACE('',#3500,0.0005);
#336=CYLINDRICAL_SURFACE('',#3504,0.0005);
#337=CYLINDRICAL_SURFACE('',#3508,0.0005);
#338=CYLINDRICAL_SURFACE('',#3512,0.0005);
#339=CYLINDRICAL_SURFACE('',#3515,0.0005);
#340=CYLINDRICAL_SURFACE('',#3519,0.0005);
#341=CYLINDRICAL_SURFACE('',#3523,0.0005);
#342=CYLINDRICAL_SURFACE('',#3527,0.0005);
#343=CYLINDRICAL_SURFACE('',#3530,0.0005);
#344=CYLINDRICAL_SURFACE('',#3534,0.0005);
#345=CYLINDRICAL_SURFACE('',#3538,0.0005);
#346=CYLINDRICAL_SURFACE('',#3542,0.0005);
#347=CYLINDRICAL_SURFACE('',#3546,0.00357931979379494);
#348=CYLINDRICAL_SURFACE('',#3549,0.0015);
#349=CYLINDRICAL_SURFACE('',#3552,0.0015);
#350=CYLINDRICAL_SURFACE('',#3555,0.0015);
#351=CYLINDRICAL_SURFACE('',#3558,0.0015);
#352=CYLINDRICAL_SURFACE('',#3562,0.0005);
#353=CYLINDRICAL_SURFACE('',#3610,0.00193137);
#354=CYLINDRICAL_SURFACE('',#3615,0.00193137);
#355=CYLINDRICAL_SURFACE('',#3617,0.00193137);
#356=CYLINDRICAL_SURFACE('',#3619,0.00193137);
#357=CYLINDRICAL_SURFACE('',#3621,0.00193137);
#358=CYLINDRICAL_SURFACE('',#3627,0.00193137);
#359=CYLINDRICAL_SURFACE('',#3629,0.00193137);
#360=CYLINDRICAL_SURFACE('',#3633,0.00193137);
#361=CYLINDRICAL_SURFACE('',#3634,0.00193137);
#362=CYLINDRICAL_SURFACE('',#3637,0.00193137);
#363=CYLINDRICAL_SURFACE('',#3639,0.00193137);
#364=CYLINDRICAL_SURFACE('',#3641,0.00193137);
#365=CYLINDRICAL_SURFACE('',#3642,0.00193137);
#366=CYLINDRICAL_SURFACE('',#3645,0.00193137);
#367=CYLINDRICAL_SURFACE('',#3647,0.00193137);
#368=CYLINDRICAL_SURFACE('',#3649,0.00193137);
#369=CYLINDRICAL_SURFACE('',#3655,0.00193137);
#370=CYLINDRICAL_SURFACE('',#3662,0.00193137);
#371=CYLINDRICAL_SURFACE('',#3664,0.00193137);
#372=CYLINDRICAL_SURFACE('',#3670,0.00193137);
#373=CYLINDRICAL_SURFACE('',#3674,0.00193137);
#374=CYLINDRICAL_SURFACE('',#3676,0.00193137);
#375=CYLINDRICAL_SURFACE('',#3685,0.00193137);
#376=CYLINDRICAL_SURFACE('',#3687,0.00193137);
#377=CYLINDRICAL_SURFACE('',#3698,0.00193137);
#378=CYLINDRICAL_SURFACE('',#3700,0.00193137);
#379=CYLINDRICAL_SURFACE('',#3703,0.00193137);
#380=CYLINDRICAL_SURFACE('',#3705,0.00193137);
#381=CYLINDRICAL_SURFACE('',#3707,0.00193137);
#382=CYLINDRICAL_SURFACE('',#3709,0.00193137);
#383=CYLINDRICAL_SURFACE('',#3711,0.00193137);
#384=CYLINDRICAL_SURFACE('',#3713,0.00193137);
#385=CYLINDRICAL_SURFACE('',#3731,0.00193137);
#386=CYLINDRICAL_SURFACE('',#3733,0.00193137);
#387=CYLINDRICAL_SURFACE('',#3738,0.00193137);
#388=CYLINDRICAL_SURFACE('',#3740,0.00193137);
#389=CYLINDRICAL_SURFACE('',#3742,0.00193137);
#390=CYLINDRICAL_SURFACE('',#3744,0.00193137);
#391=CYLINDRICAL_SURFACE('',#3752,0.00193137);
#392=CYLINDRICAL_SURFACE('',#3754,0.00193137);
#393=CYLINDRICAL_SURFACE('',#3757,0.00193137);
#394=CYLINDRICAL_SURFACE('',#3759,0.00193137);
#395=CYLINDRICAL_SURFACE('',#3763,0.00193137);
#396=CYLINDRICAL_SURFACE('',#3765,0.00193137);
#397=CYLINDRICAL_SURFACE('',#3770,0.00193137);
#398=CYLINDRICAL_SURFACE('',#3772,0.00193137);
#399=CYLINDRICAL_SURFACE('',#3783,0.00193137);
#400=CYLINDRICAL_SURFACE('',#3785,0.00193137);
#401=CYLINDRICAL_SURFACE('',#3791,0.00193137);
#402=CYLINDRICAL_SURFACE('',#3793,0.00193137);
#403=CYLINDRICAL_SURFACE('',#3795,0.00193137);
#404=CYLINDRICAL_SURFACE('',#3797,0.00193137);
#405=CYLINDRICAL_SURFACE('',#3803,0.00193137);
#406=CYLINDRICAL_SURFACE('',#3805,0.00193137);
#407=CYLINDRICAL_SURFACE('',#3809,0.00193137);
#408=CYLINDRICAL_SURFACE('',#3811,0.00193137);
#409=ORIENTED_EDGE('',*,*,#1383,.F.);
#410=ORIENTED_EDGE('',*,*,#1384,.T.);
#411=ORIENTED_EDGE('',*,*,#1385,.T.);
#412=ORIENTED_EDGE('',*,*,#1386,.T.);
#413=ORIENTED_EDGE('',*,*,#1387,.T.);
#414=ORIENTED_EDGE('',*,*,#1388,.T.);
#415=ORIENTED_EDGE('',*,*,#1389,.T.);
#416=ORIENTED_EDGE('',*,*,#1390,.T.);
#417=ORIENTED_EDGE('',*,*,#1391,.T.);
#418=ORIENTED_EDGE('',*,*,#1392,.T.);
#419=ORIENTED_EDGE('',*,*,#1393,.T.);
#420=ORIENTED_EDGE('',*,*,#1394,.T.);
#421=ORIENTED_EDGE('',*,*,#1395,.F.);
#422=ORIENTED_EDGE('',*,*,#1396,.T.);
#423=ORIENTED_EDGE('',*,*,#1397,.T.);
#424=ORIENTED_EDGE('',*,*,#1398,.F.);
#425=ORIENTED_EDGE('',*,*,#1399,.F.);
#426=ORIENTED_EDGE('',*,*,#1400,.T.);
#427=ORIENTED_EDGE('',*,*,#1395,.T.);
#428=ORIENTED_EDGE('',*,*,#1401,.T.);
#429=ORIENTED_EDGE('',*,*,#1402,.F.);
#430=ORIENTED_EDGE('',*,*,#1403,.T.);
#431=ORIENTED_EDGE('',*,*,#1399,.T.);
#432=ORIENTED_EDGE('',*,*,#1404,.T.);
#433=ORIENTED_EDGE('',*,*,#1405,.F.);
#434=ORIENTED_EDGE('',*,*,#1406,.T.);
#435=ORIENTED_EDGE('',*,*,#1407,.T.);
#436=ORIENTED_EDGE('',*,*,#1408,.F.);
#437=ORIENTED_EDGE('',*,*,#1409,.F.);
#438=ORIENTED_EDGE('',*,*,#1410,.T.);
#439=ORIENTED_EDGE('',*,*,#1405,.T.);
#440=ORIENTED_EDGE('',*,*,#1411,.T.);
#441=ORIENTED_EDGE('',*,*,#1412,.F.);
#442=ORIENTED_EDGE('',*,*,#1413,.T.);
#443=ORIENTED_EDGE('',*,*,#1409,.T.);
#444=ORIENTED_EDGE('',*,*,#1414,.T.);
#445=ORIENTED_EDGE('',*,*,#1415,.F.);
#446=ORIENTED_EDGE('',*,*,#1416,.T.);
#447=ORIENTED_EDGE('',*,*,#1417,.T.);
#448=ORIENTED_EDGE('',*,*,#1418,.F.);
#449=ORIENTED_EDGE('',*,*,#1419,.F.);
#450=ORIENTED_EDGE('',*,*,#1420,.T.);
#451=ORIENTED_EDGE('',*,*,#1415,.T.);
#452=ORIENTED_EDGE('',*,*,#1421,.F.);
#453=ORIENTED_EDGE('',*,*,#1422,.F.);
#454=ORIENTED_EDGE('',*,*,#1423,.T.);
#455=ORIENTED_EDGE('',*,*,#1419,.T.);
#456=ORIENTED_EDGE('',*,*,#1424,.F.);
#457=ORIENTED_EDGE('',*,*,#1425,.F.);
#458=ORIENTED_EDGE('',*,*,#1426,.T.);
#459=ORIENTED_EDGE('',*,*,#1422,.T.);
#460=ORIENTED_EDGE('',*,*,#1427,.F.);
#461=ORIENTED_EDGE('',*,*,#1428,.F.);
#462=ORIENTED_EDGE('',*,*,#1429,.T.);
#463=ORIENTED_EDGE('',*,*,#1425,.T.);
#464=ORIENTED_EDGE('',*,*,#1430,.F.);
#465=ORIENTED_EDGE('',*,*,#1431,.F.);
#466=ORIENTED_EDGE('',*,*,#1432,.T.);
#467=ORIENTED_EDGE('',*,*,#1428,.T.);
#468=ORIENTED_EDGE('',*,*,#1433,.F.);
#469=ORIENTED_EDGE('',*,*,#1434,.F.);
#470=ORIENTED_EDGE('',*,*,#1435,.T.);
#471=ORIENTED_EDGE('',*,*,#1431,.T.);
#472=ORIENTED_EDGE('',*,*,#1436,.F.);
#473=ORIENTED_EDGE('',*,*,#1437,.F.);
#474=ORIENTED_EDGE('',*,*,#1438,.T.);
#475=ORIENTED_EDGE('',*,*,#1439,.T.);
#476=ORIENTED_EDGE('',*,*,#1440,.F.);
#477=ORIENTED_EDGE('',*,*,#1441,.F.);
#478=ORIENTED_EDGE('',*,*,#1442,.T.);
#479=ORIENTED_EDGE('',*,*,#1437,.T.);
#480=ORIENTED_EDGE('',*,*,#1443,.T.);
#481=ORIENTED_EDGE('',*,*,#1444,.F.);
#482=ORIENTED_EDGE('',*,*,#1445,.T.);
#483=ORIENTED_EDGE('',*,*,#1441,.T.);
#484=ORIENTED_EDGE('',*,*,#1446,.F.);
#485=ORIENTED_EDGE('',*,*,#1447,.F.);
#486=ORIENTED_EDGE('',*,*,#1448,.T.);
#487=ORIENTED_EDGE('',*,*,#1444,.T.);
#488=ORIENTED_EDGE('',*,*,#1449,.T.);
#489=ORIENTED_EDGE('',*,*,#1450,.F.);
#490=ORIENTED_EDGE('',*,*,#1451,.T.);
#491=ORIENTED_EDGE('',*,*,#1447,.T.);
#492=ORIENTED_EDGE('',*,*,#1452,.F.);
#493=ORIENTED_EDGE('',*,*,#1453,.F.);
#494=ORIENTED_EDGE('',*,*,#1454,.T.);
#495=ORIENTED_EDGE('',*,*,#1450,.T.);
#496=ORIENTED_EDGE('',*,*,#1455,.F.);
#497=ORIENTED_EDGE('',*,*,#1456,.F.);
#498=ORIENTED_EDGE('',*,*,#1457,.T.);
#499=ORIENTED_EDGE('',*,*,#1453,.T.);
#500=ORIENTED_EDGE('',*,*,#1458,.F.);
#501=ORIENTED_EDGE('',*,*,#1459,.F.);
#502=ORIENTED_EDGE('',*,*,#1460,.T.);
#503=ORIENTED_EDGE('',*,*,#1461,.T.);
#504=ORIENTED_EDGE('',*,*,#1462,.F.);
#505=ORIENTED_EDGE('',*,*,#1463,.F.);
#506=ORIENTED_EDGE('',*,*,#1464,.T.);
#507=ORIENTED_EDGE('',*,*,#1459,.T.);
#508=ORIENTED_EDGE('',*,*,#1465,.T.);
#509=ORIENTED_EDGE('',*,*,#1466,.F.);
#510=ORIENTED_EDGE('',*,*,#1467,.T.);
#511=ORIENTED_EDGE('',*,*,#1463,.T.);
#512=ORIENTED_EDGE('',*,*,#1468,.F.);
#513=ORIENTED_EDGE('',*,*,#1469,.F.);
#514=ORIENTED_EDGE('',*,*,#1470,.T.);
#515=ORIENTED_EDGE('',*,*,#1466,.T.);
#516=ORIENTED_EDGE('',*,*,#1471,.T.);
#517=ORIENTED_EDGE('',*,*,#1472,.F.);
#518=ORIENTED_EDGE('',*,*,#1473,.T.);
#519=ORIENTED_EDGE('',*,*,#1469,.T.);
#520=ORIENTED_EDGE('',*,*,#1474,.F.);
#521=ORIENTED_EDGE('',*,*,#1475,.F.);
#522=ORIENTED_EDGE('',*,*,#1476,.T.);
#523=ORIENTED_EDGE('',*,*,#1472,.T.);
#524=ORIENTED_EDGE('',*,*,#1477,.F.);
#525=ORIENTED_EDGE('',*,*,#1478,.F.);
#526=ORIENTED_EDGE('',*,*,#1479,.T.);
#527=ORIENTED_EDGE('',*,*,#1475,.T.);
#528=ORIENTED_EDGE('',*,*,#1480,.F.);
#529=ORIENTED_EDGE('',*,*,#1481,.F.);
#530=ORIENTED_EDGE('',*,*,#1482,.T.);
#531=ORIENTED_EDGE('',*,*,#1483,.T.);
#532=ORIENTED_EDGE('',*,*,#1484,.F.);
#533=ORIENTED_EDGE('',*,*,#1485,.F.);
#534=ORIENTED_EDGE('',*,*,#1486,.T.);
#535=ORIENTED_EDGE('',*,*,#1481,.T.);
#536=ORIENTED_EDGE('',*,*,#1487,.T.);
#537=ORIENTED_EDGE('',*,*,#1488,.F.);
#538=ORIENTED_EDGE('',*,*,#1489,.T.);
#539=ORIENTED_EDGE('',*,*,#1485,.T.);
#540=ORIENTED_EDGE('',*,*,#1490,.F.);
#541=ORIENTED_EDGE('',*,*,#1491,.F.);
#542=ORIENTED_EDGE('',*,*,#1492,.T.);
#543=ORIENTED_EDGE('',*,*,#1488,.T.);
#544=ORIENTED_EDGE('',*,*,#1493,.T.);
#545=ORIENTED_EDGE('',*,*,#1494,.F.);
#546=ORIENTED_EDGE('',*,*,#1495,.T.);
#547=ORIENTED_EDGE('',*,*,#1491,.T.);
#548=ORIENTED_EDGE('',*,*,#1496,.F.);
#549=ORIENTED_EDGE('',*,*,#1497,.F.);
#550=ORIENTED_EDGE('',*,*,#1498,.T.);
#551=ORIENTED_EDGE('',*,*,#1494,.T.);
#552=ORIENTED_EDGE('',*,*,#1499,.F.);
#553=ORIENTED_EDGE('',*,*,#1500,.F.);
#554=ORIENTED_EDGE('',*,*,#1501,.T.);
#555=ORIENTED_EDGE('',*,*,#1497,.T.);
#556=ORIENTED_EDGE('',*,*,#1502,.F.);
#557=ORIENTED_EDGE('',*,*,#1503,.F.);
#558=ORIENTED_EDGE('',*,*,#1504,.T.);
#559=ORIENTED_EDGE('',*,*,#1505,.T.);
#560=ORIENTED_EDGE('',*,*,#1506,.F.);
#561=ORIENTED_EDGE('',*,*,#1507,.F.);
#562=ORIENTED_EDGE('',*,*,#1508,.T.);
#563=ORIENTED_EDGE('',*,*,#1503,.T.);
#564=ORIENTED_EDGE('',*,*,#1509,.T.);
#565=ORIENTED_EDGE('',*,*,#1510,.F.);
#566=ORIENTED_EDGE('',*,*,#1511,.T.);
#567=ORIENTED_EDGE('',*,*,#1507,.T.);
#568=ORIENTED_EDGE('',*,*,#1512,.F.);
#569=ORIENTED_EDGE('',*,*,#1513,.F.);
#570=ORIENTED_EDGE('',*,*,#1514,.T.);
#571=ORIENTED_EDGE('',*,*,#1510,.T.);
#572=ORIENTED_EDGE('',*,*,#1515,.T.);
#573=ORIENTED_EDGE('',*,*,#1516,.F.);
#574=ORIENTED_EDGE('',*,*,#1517,.T.);
#575=ORIENTED_EDGE('',*,*,#1513,.T.);
#576=ORIENTED_EDGE('',*,*,#1518,.F.);
#577=ORIENTED_EDGE('',*,*,#1519,.F.);
#578=ORIENTED_EDGE('',*,*,#1520,.T.);
#579=ORIENTED_EDGE('',*,*,#1516,.T.);
#580=ORIENTED_EDGE('',*,*,#1521,.F.);
#581=ORIENTED_EDGE('',*,*,#1522,.F.);
#582=ORIENTED_EDGE('',*,*,#1523,.T.);
#583=ORIENTED_EDGE('',*,*,#1519,.T.);
#584=ORIENTED_EDGE('',*,*,#1524,.F.);
#585=ORIENTED_EDGE('',*,*,#1525,.F.);
#586=ORIENTED_EDGE('',*,*,#1526,.T.);
#587=ORIENTED_EDGE('',*,*,#1527,.T.);
#588=ORIENTED_EDGE('',*,*,#1528,.F.);
#589=ORIENTED_EDGE('',*,*,#1529,.F.);
#590=ORIENTED_EDGE('',*,*,#1530,.T.);
#591=ORIENTED_EDGE('',*,*,#1525,.T.);
#592=ORIENTED_EDGE('',*,*,#1531,.T.);
#593=ORIENTED_EDGE('',*,*,#1532,.F.);
#594=ORIENTED_EDGE('',*,*,#1533,.T.);
#595=ORIENTED_EDGE('',*,*,#1529,.T.);
#596=ORIENTED_EDGE('',*,*,#1534,.F.);
#597=ORIENTED_EDGE('',*,*,#1535,.F.);
#598=ORIENTED_EDGE('',*,*,#1536,.T.);
#599=ORIENTED_EDGE('',*,*,#1532,.T.);
#600=ORIENTED_EDGE('',*,*,#1537,.T.);
#601=ORIENTED_EDGE('',*,*,#1538,.F.);
#602=ORIENTED_EDGE('',*,*,#1539,.T.);
#603=ORIENTED_EDGE('',*,*,#1535,.T.);
#604=ORIENTED_EDGE('',*,*,#1540,.F.);
#605=ORIENTED_EDGE('',*,*,#1541,.F.);
#606=ORIENTED_EDGE('',*,*,#1542,.T.);
#607=ORIENTED_EDGE('',*,*,#1538,.T.);
#608=ORIENTED_EDGE('',*,*,#1543,.F.);
#609=ORIENTED_EDGE('',*,*,#1544,.F.);
#610=ORIENTED_EDGE('',*,*,#1545,.T.);
#611=ORIENTED_EDGE('',*,*,#1541,.T.);
#612=ORIENTED_EDGE('',*,*,#1546,.F.);
#613=ORIENTED_EDGE('',*,*,#1547,.F.);
#614=ORIENTED_EDGE('',*,*,#1548,.T.);
#615=ORIENTED_EDGE('',*,*,#1549,.T.);
#616=ORIENTED_EDGE('',*,*,#1550,.F.);
#617=ORIENTED_EDGE('',*,*,#1551,.F.);
#618=ORIENTED_EDGE('',*,*,#1552,.T.);
#619=ORIENTED_EDGE('',*,*,#1547,.T.);
#620=ORIENTED_EDGE('',*,*,#1553,.T.);
#621=ORIENTED_EDGE('',*,*,#1554,.F.);
#622=ORIENTED_EDGE('',*,*,#1555,.T.);
#623=ORIENTED_EDGE('',*,*,#1551,.T.);
#624=ORIENTED_EDGE('',*,*,#1556,.F.);
#625=ORIENTED_EDGE('',*,*,#1557,.F.);
#626=ORIENTED_EDGE('',*,*,#1558,.T.);
#627=ORIENTED_EDGE('',*,*,#1554,.T.);
#628=ORIENTED_EDGE('',*,*,#1559,.T.);
#629=ORIENTED_EDGE('',*,*,#1560,.F.);
#630=ORIENTED_EDGE('',*,*,#1561,.T.);
#631=ORIENTED_EDGE('',*,*,#1557,.T.);
#632=ORIENTED_EDGE('',*,*,#1562,.F.);
#633=ORIENTED_EDGE('',*,*,#1563,.F.);
#634=ORIENTED_EDGE('',*,*,#1564,.T.);
#635=ORIENTED_EDGE('',*,*,#1560,.T.);
#636=ORIENTED_EDGE('',*,*,#1565,.F.);
#637=ORIENTED_EDGE('',*,*,#1566,.F.);
#638=ORIENTED_EDGE('',*,*,#1567,.T.);
#639=ORIENTED_EDGE('',*,*,#1563,.T.);
#640=ORIENTED_EDGE('',*,*,#1568,.F.);
#641=ORIENTED_EDGE('',*,*,#1569,.F.);
#642=ORIENTED_EDGE('',*,*,#1570,.T.);
#643=ORIENTED_EDGE('',*,*,#1571,.T.);
#644=ORIENTED_EDGE('',*,*,#1572,.F.);
#645=ORIENTED_EDGE('',*,*,#1573,.F.);
#646=ORIENTED_EDGE('',*,*,#1574,.T.);
#647=ORIENTED_EDGE('',*,*,#1569,.T.);
#648=ORIENTED_EDGE('',*,*,#1575,.T.);
#649=ORIENTED_EDGE('',*,*,#1576,.F.);
#650=ORIENTED_EDGE('',*,*,#1577,.T.);
#651=ORIENTED_EDGE('',*,*,#1573,.T.);
#652=ORIENTED_EDGE('',*,*,#1578,.F.);
#653=ORIENTED_EDGE('',*,*,#1579,.F.);
#654=ORIENTED_EDGE('',*,*,#1580,.T.);
#655=ORIENTED_EDGE('',*,*,#1576,.T.);
#656=ORIENTED_EDGE('',*,*,#1581,.T.);
#657=ORIENTED_EDGE('',*,*,#1582,.F.);
#658=ORIENTED_EDGE('',*,*,#1583,.T.);
#659=ORIENTED_EDGE('',*,*,#1579,.T.);
#660=ORIENTED_EDGE('',*,*,#1584,.F.);
#661=ORIENTED_EDGE('',*,*,#1585,.F.);
#662=ORIENTED_EDGE('',*,*,#1586,.T.);
#663=ORIENTED_EDGE('',*,*,#1582,.T.);
#664=ORIENTED_EDGE('',*,*,#1587,.F.);
#665=ORIENTED_EDGE('',*,*,#1588,.F.);
#666=ORIENTED_EDGE('',*,*,#1589,.T.);
#667=ORIENTED_EDGE('',*,*,#1585,.T.);
#668=ORIENTED_EDGE('',*,*,#1590,.F.);
#669=ORIENTED_EDGE('',*,*,#1591,.F.);
#670=ORIENTED_EDGE('',*,*,#1592,.T.);
#671=ORIENTED_EDGE('',*,*,#1593,.T.);
#672=ORIENTED_EDGE('',*,*,#1594,.F.);
#673=ORIENTED_EDGE('',*,*,#1595,.F.);
#674=ORIENTED_EDGE('',*,*,#1596,.T.);
#675=ORIENTED_EDGE('',*,*,#1591,.T.);
#676=ORIENTED_EDGE('',*,*,#1597,.T.);
#677=ORIENTED_EDGE('',*,*,#1598,.F.);
#678=ORIENTED_EDGE('',*,*,#1599,.T.);
#679=ORIENTED_EDGE('',*,*,#1595,.T.);
#680=ORIENTED_EDGE('',*,*,#1600,.F.);
#681=ORIENTED_EDGE('',*,*,#1601,.F.);
#682=ORIENTED_EDGE('',*,*,#1602,.T.);
#683=ORIENTED_EDGE('',*,*,#1598,.T.);
#684=ORIENTED_EDGE('',*,*,#1603,.T.);
#685=ORIENTED_EDGE('',*,*,#1604,.F.);
#686=ORIENTED_EDGE('',*,*,#1605,.T.);
#687=ORIENTED_EDGE('',*,*,#1601,.T.);
#688=ORIENTED_EDGE('',*,*,#1606,.F.);
#689=ORIENTED_EDGE('',*,*,#1607,.F.);
#690=ORIENTED_EDGE('',*,*,#1608,.T.);
#691=ORIENTED_EDGE('',*,*,#1604,.T.);
#692=ORIENTED_EDGE('',*,*,#1609,.F.);
#693=ORIENTED_EDGE('',*,*,#1610,.F.);
#694=ORIENTED_EDGE('',*,*,#1611,.T.);
#695=ORIENTED_EDGE('',*,*,#1607,.T.);
#696=ORIENTED_EDGE('',*,*,#1612,.F.);
#697=ORIENTED_EDGE('',*,*,#1613,.F.);
#698=ORIENTED_EDGE('',*,*,#1614,.T.);
#699=ORIENTED_EDGE('',*,*,#1615,.T.);
#700=ORIENTED_EDGE('',*,*,#1616,.F.);
#701=ORIENTED_EDGE('',*,*,#1617,.F.);
#702=ORIENTED_EDGE('',*,*,#1618,.T.);
#703=ORIENTED_EDGE('',*,*,#1613,.T.);
#704=ORIENTED_EDGE('',*,*,#1619,.T.);
#705=ORIENTED_EDGE('',*,*,#1620,.F.);
#706=ORIENTED_EDGE('',*,*,#1621,.T.);
#707=ORIENTED_EDGE('',*,*,#1617,.T.);
#708=ORIENTED_EDGE('',*,*,#1622,.F.);
#709=ORIENTED_EDGE('',*,*,#1623,.F.);
#710=ORIENTED_EDGE('',*,*,#1624,.T.);
#711=ORIENTED_EDGE('',*,*,#1620,.T.);
#712=ORIENTED_EDGE('',*,*,#1625,.T.);
#713=ORIENTED_EDGE('',*,*,#1626,.F.);
#714=ORIENTED_EDGE('',*,*,#1627,.T.);
#715=ORIENTED_EDGE('',*,*,#1623,.T.);
#716=ORIENTED_EDGE('',*,*,#1628,.F.);
#717=ORIENTED_EDGE('',*,*,#1629,.F.);
#718=ORIENTED_EDGE('',*,*,#1630,.T.);
#719=ORIENTED_EDGE('',*,*,#1626,.T.);
#720=ORIENTED_EDGE('',*,*,#1631,.F.);
#721=ORIENTED_EDGE('',*,*,#1632,.F.);
#722=ORIENTED_EDGE('',*,*,#1633,.T.);
#723=ORIENTED_EDGE('',*,*,#1629,.T.);
#724=ORIENTED_EDGE('',*,*,#1634,.F.);
#725=ORIENTED_EDGE('',*,*,#1397,.F.);
#726=ORIENTED_EDGE('',*,*,#1635,.T.);
#727=ORIENTED_EDGE('',*,*,#1402,.T.);
#728=ORIENTED_EDGE('',*,*,#1636,.F.);
#729=ORIENTED_EDGE('',*,*,#1637,.T.);
#730=ORIENTED_EDGE('',*,*,#1638,.F.);
#731=ORIENTED_EDGE('',*,*,#1639,.T.);
#732=ORIENTED_EDGE('',*,*,#1640,.F.);
#733=ORIENTED_EDGE('',*,*,#1641,.T.);
#734=ORIENTED_EDGE('',*,*,#1642,.F.);
#735=ORIENTED_EDGE('',*,*,#1643,.T.);
#736=ORIENTED_EDGE('',*,*,#1644,.F.);
#737=ORIENTED_EDGE('',*,*,#1645,.T.);
#738=ORIENTED_EDGE('',*,*,#1646,.F.);
#739=ORIENTED_EDGE('',*,*,#1407,.F.);
#740=ORIENTED_EDGE('',*,*,#1647,.T.);
#741=ORIENTED_EDGE('',*,*,#1412,.T.);
#742=ORIENTED_EDGE('',*,*,#1648,.F.);
#743=ORIENTED_EDGE('',*,*,#1417,.F.);
#744=ORIENTED_EDGE('',*,*,#1649,.T.);
#745=ORIENTED_EDGE('',*,*,#1434,.T.);
#746=ORIENTED_EDGE('',*,*,#1650,.F.);
#747=ORIENTED_EDGE('',*,*,#1439,.F.);
#748=ORIENTED_EDGE('',*,*,#1651,.T.);
#749=ORIENTED_EDGE('',*,*,#1456,.T.);
#750=ORIENTED_EDGE('',*,*,#1652,.F.);
#751=ORIENTED_EDGE('',*,*,#1461,.F.);
#752=ORIENTED_EDGE('',*,*,#1653,.T.);
#753=ORIENTED_EDGE('',*,*,#1478,.T.);
#754=ORIENTED_EDGE('',*,*,#1654,.F.);
#755=ORIENTED_EDGE('',*,*,#1483,.F.);
#756=ORIENTED_EDGE('',*,*,#1655,.T.);
#757=ORIENTED_EDGE('',*,*,#1500,.T.);
#758=ORIENTED_EDGE('',*,*,#1656,.F.);
#759=ORIENTED_EDGE('',*,*,#1505,.F.);
#760=ORIENTED_EDGE('',*,*,#1657,.T.);
#761=ORIENTED_EDGE('',*,*,#1522,.T.);
#762=ORIENTED_EDGE('',*,*,#1658,.F.);
#763=ORIENTED_EDGE('',*,*,#1527,.F.);
#764=ORIENTED_EDGE('',*,*,#1659,.T.);
#765=ORIENTED_EDGE('',*,*,#1544,.T.);
#766=ORIENTED_EDGE('',*,*,#1660,.F.);
#767=ORIENTED_EDGE('',*,*,#1549,.F.);
#768=ORIENTED_EDGE('',*,*,#1661,.T.);
#769=ORIENTED_EDGE('',*,*,#1566,.T.);
#770=ORIENTED_EDGE('',*,*,#1662,.F.);
#771=ORIENTED_EDGE('',*,*,#1571,.F.);
#772=ORIENTED_EDGE('',*,*,#1663,.T.);
#773=ORIENTED_EDGE('',*,*,#1588,.T.);
#774=ORIENTED_EDGE('',*,*,#1664,.F.);
#775=ORIENTED_EDGE('',*,*,#1593,.F.);
#776=ORIENTED_EDGE('',*,*,#1665,.T.);
#777=ORIENTED_EDGE('',*,*,#1610,.T.);
#778=ORIENTED_EDGE('',*,*,#1666,.F.);
#779=ORIENTED_EDGE('',*,*,#1615,.F.);
#780=ORIENTED_EDGE('',*,*,#1667,.T.);
#781=ORIENTED_EDGE('',*,*,#1632,.T.);
#782=ORIENTED_EDGE('',*,*,#1668,.F.);
#783=ORIENTED_EDGE('',*,*,#1669,.F.);
#784=ORIENTED_EDGE('',*,*,#1670,.T.);
#785=ORIENTED_EDGE('',*,*,#1671,.T.);
#786=ORIENTED_EDGE('',*,*,#1672,.T.);
#787=ORIENTED_EDGE('',*,*,#1673,.T.);
#788=ORIENTED_EDGE('',*,*,#1674,.T.);
#789=ORIENTED_EDGE('',*,*,#1675,.T.);
#790=ORIENTED_EDGE('',*,*,#1676,.T.);
#791=ORIENTED_EDGE('',*,*,#1677,.T.);
#792=ORIENTED_EDGE('',*,*,#1678,.T.);
#793=ORIENTED_EDGE('',*,*,#1679,.T.);
#794=ORIENTED_EDGE('',*,*,#1680,.T.);
#795=ORIENTED_EDGE('',*,*,#1681,.T.);
#796=ORIENTED_EDGE('',*,*,#1682,.T.);
#797=ORIENTED_EDGE('',*,*,#1683,.T.);
#798=ORIENTED_EDGE('',*,*,#1684,.T.);
#799=ORIENTED_EDGE('',*,*,#1685,.T.);
#800=ORIENTED_EDGE('',*,*,#1686,.T.);
#801=ORIENTED_EDGE('',*,*,#1687,.T.);
#802=ORIENTED_EDGE('',*,*,#1688,.T.);
#803=ORIENTED_EDGE('',*,*,#1689,.T.);
#804=ORIENTED_EDGE('',*,*,#1690,.T.);
#805=ORIENTED_EDGE('',*,*,#1691,.T.);
#806=ORIENTED_EDGE('',*,*,#1692,.T.);
#807=ORIENTED_EDGE('',*,*,#1693,.T.);
#808=ORIENTED_EDGE('',*,*,#1694,.T.);
#809=ORIENTED_EDGE('',*,*,#1695,.T.);
#810=ORIENTED_EDGE('',*,*,#1696,.T.);
#811=ORIENTED_EDGE('',*,*,#1697,.T.);
#812=ORIENTED_EDGE('',*,*,#1698,.T.);
#813=ORIENTED_EDGE('',*,*,#1699,.T.);
#814=ORIENTED_EDGE('',*,*,#1700,.T.);
#815=ORIENTED_EDGE('',*,*,#1701,.T.);
#816=ORIENTED_EDGE('',*,*,#1702,.T.);
#817=ORIENTED_EDGE('',*,*,#1703,.T.);
#818=ORIENTED_EDGE('',*,*,#1704,.T.);
#819=ORIENTED_EDGE('',*,*,#1705,.T.);
#820=ORIENTED_EDGE('',*,*,#1706,.T.);
#821=ORIENTED_EDGE('',*,*,#1707,.T.);
#822=ORIENTED_EDGE('',*,*,#1708,.T.);
#823=ORIENTED_EDGE('',*,*,#1709,.T.);
#824=ORIENTED_EDGE('',*,*,#1710,.T.);
#825=ORIENTED_EDGE('',*,*,#1711,.T.);
#826=ORIENTED_EDGE('',*,*,#1712,.T.);
#827=ORIENTED_EDGE('',*,*,#1713,.T.);
#828=ORIENTED_EDGE('',*,*,#1714,.T.);
#829=ORIENTED_EDGE('',*,*,#1715,.T.);
#830=ORIENTED_EDGE('',*,*,#1716,.T.);
#831=ORIENTED_EDGE('',*,*,#1717,.T.);
#832=ORIENTED_EDGE('',*,*,#1718,.T.);
#833=ORIENTED_EDGE('',*,*,#1719,.T.);
#834=ORIENTED_EDGE('',*,*,#1720,.T.);
#835=ORIENTED_EDGE('',*,*,#1721,.T.);
#836=ORIENTED_EDGE('',*,*,#1722,.T.);
#837=ORIENTED_EDGE('',*,*,#1723,.T.);
#838=ORIENTED_EDGE('',*,*,#1724,.T.);
#839=ORIENTED_EDGE('',*,*,#1725,.T.);
#840=ORIENTED_EDGE('',*,*,#1726,.T.);
#841=ORIENTED_EDGE('',*,*,#1727,.T.);
#842=ORIENTED_EDGE('',*,*,#1728,.T.);
#843=ORIENTED_EDGE('',*,*,#1729,.T.);
#844=ORIENTED_EDGE('',*,*,#1616,.T.);
#845=ORIENTED_EDGE('',*,*,#1668,.T.);
#846=ORIENTED_EDGE('',*,*,#1634,.T.);
#847=ORIENTED_EDGE('',*,*,#1631,.T.);
#848=ORIENTED_EDGE('',*,*,#1628,.T.);
#849=ORIENTED_EDGE('',*,*,#1625,.F.);
#850=ORIENTED_EDGE('',*,*,#1622,.T.);
#851=ORIENTED_EDGE('',*,*,#1619,.F.);
#852=ORIENTED_EDGE('',*,*,#1594,.T.);
#853=ORIENTED_EDGE('',*,*,#1666,.T.);
#854=ORIENTED_EDGE('',*,*,#1612,.T.);
#855=ORIENTED_EDGE('',*,*,#1609,.T.);
#856=ORIENTED_EDGE('',*,*,#1606,.T.);
#857=ORIENTED_EDGE('',*,*,#1603,.F.);
#858=ORIENTED_EDGE('',*,*,#1600,.T.);
#859=ORIENTED_EDGE('',*,*,#1597,.F.);
#860=ORIENTED_EDGE('',*,*,#1572,.T.);
#861=ORIENTED_EDGE('',*,*,#1664,.T.);
#862=ORIENTED_EDGE('',*,*,#1590,.T.);
#863=ORIENTED_EDGE('',*,*,#1587,.T.);
#864=ORIENTED_EDGE('',*,*,#1584,.T.);
#865=ORIENTED_EDGE('',*,*,#1581,.F.);
#866=ORIENTED_EDGE('',*,*,#1578,.T.);
#867=ORIENTED_EDGE('',*,*,#1575,.F.);
#868=ORIENTED_EDGE('',*,*,#1550,.T.);
#869=ORIENTED_EDGE('',*,*,#1662,.T.);
#870=ORIENTED_EDGE('',*,*,#1568,.T.);
#871=ORIENTED_EDGE('',*,*,#1565,.T.);
#872=ORIENTED_EDGE('',*,*,#1562,.T.);
#873=ORIENTED_EDGE('',*,*,#1559,.F.);
#874=ORIENTED_EDGE('',*,*,#1556,.T.);
#875=ORIENTED_EDGE('',*,*,#1553,.F.);
#876=ORIENTED_EDGE('',*,*,#1528,.T.);
#877=ORIENTED_EDGE('',*,*,#1660,.T.);
#878=ORIENTED_EDGE('',*,*,#1546,.T.);
#879=ORIENTED_EDGE('',*,*,#1543,.T.);
#880=ORIENTED_EDGE('',*,*,#1540,.T.);
#881=ORIENTED_EDGE('',*,*,#1537,.F.);
#882=ORIENTED_EDGE('',*,*,#1534,.T.);
#883=ORIENTED_EDGE('',*,*,#1531,.F.);
#884=ORIENTED_EDGE('',*,*,#1506,.T.);
#885=ORIENTED_EDGE('',*,*,#1658,.T.);
#886=ORIENTED_EDGE('',*,*,#1524,.T.);
#887=ORIENTED_EDGE('',*,*,#1521,.T.);
#888=ORIENTED_EDGE('',*,*,#1518,.T.);
#889=ORIENTED_EDGE('',*,*,#1515,.F.);
#890=ORIENTED_EDGE('',*,*,#1512,.T.);
#891=ORIENTED_EDGE('',*,*,#1509,.F.);
#892=ORIENTED_EDGE('',*,*,#1484,.T.);
#893=ORIENTED_EDGE('',*,*,#1656,.T.);
#894=ORIENTED_EDGE('',*,*,#1502,.T.);
#895=ORIENTED_EDGE('',*,*,#1499,.T.);
#896=ORIENTED_EDGE('',*,*,#1496,.T.);
#897=ORIENTED_EDGE('',*,*,#1493,.F.);
#898=ORIENTED_EDGE('',*,*,#1490,.T.);
#899=ORIENTED_EDGE('',*,*,#1487,.F.);
#900=ORIENTED_EDGE('',*,*,#1462,.T.);
#901=ORIENTED_EDGE('',*,*,#1654,.T.);
#902=ORIENTED_EDGE('',*,*,#1480,.T.);
#903=ORIENTED_EDGE('',*,*,#1477,.T.);
#904=ORIENTED_EDGE('',*,*,#1474,.T.);
#905=ORIENTED_EDGE('',*,*,#1471,.F.);
#906=ORIENTED_EDGE('',*,*,#1468,.T.);
#907=ORIENTED_EDGE('',*,*,#1465,.F.);
#908=ORIENTED_EDGE('',*,*,#1440,.T.);
#909=ORIENTED_EDGE('',*,*,#1652,.T.);
#910=ORIENTED_EDGE('',*,*,#1458,.T.);
#911=ORIENTED_EDGE('',*,*,#1455,.T.);
#912=ORIENTED_EDGE('',*,*,#1452,.T.);
#913=ORIENTED_EDGE('',*,*,#1449,.F.);
#914=ORIENTED_EDGE('',*,*,#1446,.T.);
#915=ORIENTED_EDGE('',*,*,#1443,.F.);
#916=ORIENTED_EDGE('',*,*,#1418,.T.);
#917=ORIENTED_EDGE('',*,*,#1650,.T.);
#918=ORIENTED_EDGE('',*,*,#1436,.T.);
#919=ORIENTED_EDGE('',*,*,#1433,.T.);
#920=ORIENTED_EDGE('',*,*,#1430,.T.);
#921=ORIENTED_EDGE('',*,*,#1427,.T.);
#922=ORIENTED_EDGE('',*,*,#1424,.T.);
#923=ORIENTED_EDGE('',*,*,#1421,.T.);
#924=ORIENTED_EDGE('',*,*,#1408,.T.);
#925=ORIENTED_EDGE('',*,*,#1648,.T.);
#926=ORIENTED_EDGE('',*,*,#1414,.F.);
#927=ORIENTED_EDGE('',*,*,#1411,.F.);
#928=ORIENTED_EDGE('',*,*,#1646,.T.);
#929=ORIENTED_EDGE('',*,*,#1644,.T.);
#930=ORIENTED_EDGE('',*,*,#1642,.T.);
#931=ORIENTED_EDGE('',*,*,#1640,.T.);
#932=ORIENTED_EDGE('',*,*,#1638,.T.);
#933=ORIENTED_EDGE('',*,*,#1398,.T.);
#934=ORIENTED_EDGE('',*,*,#1636,.T.);
#935=ORIENTED_EDGE('',*,*,#1404,.F.);
#936=ORIENTED_EDGE('',*,*,#1401,.F.);
#937=ORIENTED_EDGE('',*,*,#1393,.F.);
#938=ORIENTED_EDGE('',*,*,#1730,.T.);
#939=ORIENTED_EDGE('',*,*,#1387,.F.);
#940=ORIENTED_EDGE('',*,*,#1731,.T.);
#941=ORIENTED_EDGE('',*,*,#1383,.T.);
#942=ORIENTED_EDGE('',*,*,#1732,.T.);
#943=ORIENTED_EDGE('',*,*,#1669,.T.);
#944=ORIENTED_EDGE('',*,*,#1733,.T.);
#945=ORIENTED_EDGE('',*,*,#1734,.F.);
#946=ORIENTED_EDGE('',*,*,#1670,.F.);
#947=ORIENTED_EDGE('',*,*,#1732,.F.);
#948=ORIENTED_EDGE('',*,*,#1386,.F.);
#949=ORIENTED_EDGE('',*,*,#1735,.F.);
#950=ORIENTED_EDGE('',*,*,#1734,.T.);
#951=ORIENTED_EDGE('',*,*,#1736,.F.);
#952=ORIENTED_EDGE('',*,*,#1731,.F.);
#953=ORIENTED_EDGE('',*,*,#1390,.F.);
#954=ORIENTED_EDGE('',*,*,#1737,.F.);
#955=ORIENTED_EDGE('',*,*,#1384,.F.);
#956=ORIENTED_EDGE('',*,*,#1736,.T.);
#957=ORIENTED_EDGE('',*,*,#1385,.F.);
#958=ORIENTED_EDGE('',*,*,#1738,.F.);
#959=ORIENTED_EDGE('',*,*,#1688,.F.);
#960=ORIENTED_EDGE('',*,*,#1735,.T.);
#961=ORIENTED_EDGE('',*,*,#1687,.F.);
#962=ORIENTED_EDGE('',*,*,#1739,.F.);
#963=ORIENTED_EDGE('',*,*,#1671,.F.);
#964=ORIENTED_EDGE('',*,*,#1733,.F.);
#965=ORIENTED_EDGE('',*,*,#1672,.F.);
#966=ORIENTED_EDGE('',*,*,#1740,.F.);
#967=ORIENTED_EDGE('',*,*,#1394,.F.);
#968=ORIENTED_EDGE('',*,*,#1738,.T.);
#969=ORIENTED_EDGE('',*,*,#1737,.T.);
#970=ORIENTED_EDGE('',*,*,#1741,.F.);
#971=ORIENTED_EDGE('',*,*,#1740,.T.);
#972=ORIENTED_EDGE('',*,*,#1739,.T.);
#973=ORIENTED_EDGE('',*,*,#1742,.F.);
#974=ORIENTED_EDGE('',*,*,#1741,.T.);
#975=ORIENTED_EDGE('',*,*,#1389,.F.);
#976=ORIENTED_EDGE('',*,*,#1743,.F.);
#977=ORIENTED_EDGE('',*,*,#1685,.F.);
#978=ORIENTED_EDGE('',*,*,#1742,.T.);
#979=ORIENTED_EDGE('',*,*,#1686,.F.);
#980=ORIENTED_EDGE('',*,*,#1744,.F.);
#981=ORIENTED_EDGE('',*,*,#1391,.F.);
#982=ORIENTED_EDGE('',*,*,#1744,.T.);
#983=ORIENTED_EDGE('',*,*,#1743,.T.);
#984=ORIENTED_EDGE('',*,*,#1745,.F.);
#985=ORIENTED_EDGE('',*,*,#1745,.T.);
#986=ORIENTED_EDGE('',*,*,#1388,.F.);
#987=ORIENTED_EDGE('',*,*,#1730,.F.);
#988=ORIENTED_EDGE('',*,*,#1392,.F.);
#989=ORIENTED_EDGE('',*,*,#1746,.F.);
#990=ORIENTED_EDGE('',*,*,#1673,.F.);
#991=ORIENTED_EDGE('',*,*,#1747,.F.);
#992=ORIENTED_EDGE('',*,*,#1410,.F.);
#993=ORIENTED_EDGE('',*,*,#1747,.T.);
#994=ORIENTED_EDGE('',*,*,#1676,.F.);
#995=ORIENTED_EDGE('',*,*,#1748,.F.);
#996=ORIENTED_EDGE('',*,*,#1406,.F.);
#997=ORIENTED_EDGE('',*,*,#1746,.T.);
#998=ORIENTED_EDGE('',*,*,#1413,.F.);
#999=ORIENTED_EDGE('',*,*,#1749,.F.);
#1000=ORIENTED_EDGE('',*,*,#1674,.F.);
#1001=ORIENTED_EDGE('',*,*,#1748,.T.);
#1002=ORIENTED_EDGE('',*,*,#1675,.F.);
#1003=ORIENTED_EDGE('',*,*,#1749,.T.);
#1004=ORIENTED_EDGE('',*,*,#1647,.F.);
#1005=ORIENTED_EDGE('',*,*,#1750,.F.);
#1006=ORIENTED_EDGE('',*,*,#1396,.F.);
#1007=ORIENTED_EDGE('',*,*,#1751,.F.);
#1008=ORIENTED_EDGE('',*,*,#1679,.F.);
#1009=ORIENTED_EDGE('',*,*,#1751,.T.);
#1010=ORIENTED_EDGE('',*,*,#1400,.F.);
#1011=ORIENTED_EDGE('',*,*,#1752,.F.);
#1012=ORIENTED_EDGE('',*,*,#1680,.F.);
#1013=ORIENTED_EDGE('',*,*,#1750,.T.);
#1014=ORIENTED_EDGE('',*,*,#1678,.F.);
#1015=ORIENTED_EDGE('',*,*,#1753,.F.);
#1016=ORIENTED_EDGE('',*,*,#1635,.F.);
#1017=ORIENTED_EDGE('',*,*,#1752,.T.);
#1018=ORIENTED_EDGE('',*,*,#1403,.F.);
#1019=ORIENTED_EDGE('',*,*,#1753,.T.);
#1020=ORIENTED_EDGE('',*,*,#1677,.F.);
#1021=ORIENTED_EDGE('',*,*,#1681,.F.);
#1022=ORIENTED_EDGE('',*,*,#1645,.F.);
#1023=ORIENTED_EDGE('',*,*,#1682,.F.);
#1024=ORIENTED_EDGE('',*,*,#1643,.F.);
#1025=ORIENTED_EDGE('',*,*,#1683,.F.);
#1026=ORIENTED_EDGE('',*,*,#1641,.F.);
#1027=ORIENTED_EDGE('',*,*,#1684,.F.);
#1028=ORIENTED_EDGE('',*,*,#1639,.F.);
#1029=ORIENTED_EDGE('',*,*,#1689,.F.);
#1030=ORIENTED_EDGE('',*,*,#1637,.F.);
#1031=ORIENTED_EDGE('',*,*,#1754,.F.);
#1032=ORIENTED_EDGE('',*,*,#1695,.F.);
#1033=ORIENTED_EDGE('',*,*,#1755,.F.);
#1034=ORIENTED_EDGE('',*,*,#1435,.F.);
#1035=ORIENTED_EDGE('',*,*,#1755,.T.);
#1036=ORIENTED_EDGE('',*,*,#1694,.F.);
#1037=ORIENTED_EDGE('',*,*,#1756,.F.);
#1038=ORIENTED_EDGE('',*,*,#1432,.F.);
#1039=ORIENTED_EDGE('',*,*,#1754,.T.);
#1040=ORIENTED_EDGE('',*,*,#1649,.F.);
#1041=ORIENTED_EDGE('',*,*,#1757,.F.);
#1042=ORIENTED_EDGE('',*,*,#1696,.F.);
#1043=ORIENTED_EDGE('',*,*,#1756,.T.);
#1044=ORIENTED_EDGE('',*,*,#1693,.F.);
#1045=ORIENTED_EDGE('',*,*,#1758,.F.);
#1046=ORIENTED_EDGE('',*,*,#1429,.F.);
#1047=ORIENTED_EDGE('',*,*,#1757,.T.);
#1048=ORIENTED_EDGE('',*,*,#1416,.F.);
#1049=ORIENTED_EDGE('',*,*,#1759,.F.);
#1050=ORIENTED_EDGE('',*,*,#1697,.F.);
#1051=ORIENTED_EDGE('',*,*,#1758,.T.);
#1052=ORIENTED_EDGE('',*,*,#1692,.F.);
#1053=ORIENTED_EDGE('',*,*,#1760,.F.);
#1054=ORIENTED_EDGE('',*,*,#1426,.F.);
#1055=ORIENTED_EDGE('',*,*,#1759,.T.);
#1056=ORIENTED_EDGE('',*,*,#1420,.F.);
#1057=ORIENTED_EDGE('',*,*,#1761,.F.);
#1058=ORIENTED_EDGE('',*,*,#1690,.F.);
#1059=ORIENTED_EDGE('',*,*,#1760,.T.);
#1060=ORIENTED_EDGE('',*,*,#1691,.F.);
#1061=ORIENTED_EDGE('',*,*,#1761,.T.);
#1062=ORIENTED_EDGE('',*,*,#1423,.F.);
#1063=ORIENTED_EDGE('',*,*,#1762,.F.);
#1064=ORIENTED_EDGE('',*,*,#1705,.F.);
#1065=ORIENTED_EDGE('',*,*,#1763,.F.);
#1066=ORIENTED_EDGE('',*,*,#1614,.F.);
#1067=ORIENTED_EDGE('',*,*,#1763,.T.);
#1068=ORIENTED_EDGE('',*,*,#1704,.F.);
#1069=ORIENTED_EDGE('',*,*,#1764,.F.);
#1070=ORIENTED_EDGE('',*,*,#1667,.F.);
#1071=ORIENTED_EDGE('',*,*,#1762,.T.);
#1072=ORIENTED_EDGE('',*,*,#1618,.F.);
#1073=ORIENTED_EDGE('',*,*,#1765,.F.);
#1074=ORIENTED_EDGE('',*,*,#1706,.F.);
#1075=ORIENTED_EDGE('',*,*,#1764,.T.);
#1076=ORIENTED_EDGE('',*,*,#1703,.F.);
#1077=ORIENTED_EDGE('',*,*,#1766,.F.);
#1078=ORIENTED_EDGE('',*,*,#1767,.F.);
#1079=ORIENTED_EDGE('',*,*,#1633,.F.);
#1080=ORIENTED_EDGE('',*,*,#1765,.T.);
#1081=ORIENTED_EDGE('',*,*,#1621,.F.);
#1082=ORIENTED_EDGE('',*,*,#1768,.F.);
#1083=ORIENTED_EDGE('',*,*,#1769,.F.);
#1084=ORIENTED_EDGE('',*,*,#1707,.F.);
#1085=ORIENTED_EDGE('',*,*,#1766,.T.);
#1086=ORIENTED_EDGE('',*,*,#1702,.F.);
#1087=ORIENTED_EDGE('',*,*,#1770,.F.);
#1088=ORIENTED_EDGE('',*,*,#1548,.F.);
#1089=ORIENTED_EDGE('',*,*,#1771,.F.);
#1090=ORIENTED_EDGE('',*,*,#1630,.F.);
#1091=ORIENTED_EDGE('',*,*,#1767,.T.);
#1092=ORIENTED_EDGE('',*,*,#1772,.F.);
#1093=ORIENTED_EDGE('',*,*,#1773,.F.);
#1094=ORIENTED_EDGE('',*,*,#1768,.T.);
#1095=ORIENTED_EDGE('',*,*,#1624,.F.);
#1096=ORIENTED_EDGE('',*,*,#1774,.F.);
#1097=ORIENTED_EDGE('',*,*,#1775,.F.);
#1098=ORIENTED_EDGE('',*,*,#1708,.F.);
#1099=ORIENTED_EDGE('',*,*,#1769,.T.);
#1100=ORIENTED_EDGE('',*,*,#1776,.F.);
#1101=ORIENTED_EDGE('',*,*,#1592,.F.);
#1102=ORIENTED_EDGE('',*,*,#1777,.F.);
#1103=ORIENTED_EDGE('',*,*,#1778,.F.);
#1104=ORIENTED_EDGE('',*,*,#1713,.F.);
#1105=ORIENTED_EDGE('',*,*,#1779,.F.);
#1106=ORIENTED_EDGE('',*,*,#1577,.F.);
#1107=ORIENTED_EDGE('',*,*,#1780,.F.);
#1108=ORIENTED_EDGE('',*,*,#1729,.F.);
#1109=ORIENTED_EDGE('',*,*,#1781,.F.);
#1110=ORIENTED_EDGE('',*,*,#1501,.F.);
#1111=ORIENTED_EDGE('',*,*,#1770,.T.);
#1112=ORIENTED_EDGE('',*,*,#1701,.F.);
#1113=ORIENTED_EDGE('',*,*,#1782,.F.);
#1114=ORIENTED_EDGE('',*,*,#1661,.F.);
#1115=ORIENTED_EDGE('',*,*,#1771,.T.);
#1116=ORIENTED_EDGE('',*,*,#1552,.F.);
#1117=ORIENTED_EDGE('',*,*,#1783,.F.);
#1118=ORIENTED_EDGE('',*,*,#1772,.T.);
#1119=ORIENTED_EDGE('',*,*,#1627,.F.);
#1120=ORIENTED_EDGE('',*,*,#1773,.T.);
#1121=ORIENTED_EDGE('',*,*,#1784,.F.);
#1122=ORIENTED_EDGE('',*,*,#1785,.F.);
#1123=ORIENTED_EDGE('',*,*,#1774,.T.);
#1124=ORIENTED_EDGE('',*,*,#1776,.T.);
#1125=ORIENTED_EDGE('',*,*,#1775,.T.);
#1126=ORIENTED_EDGE('',*,*,#1786,.F.);
#1127=ORIENTED_EDGE('',*,*,#1665,.F.);
#1128=ORIENTED_EDGE('',*,*,#1777,.T.);
#1129=ORIENTED_EDGE('',*,*,#1596,.F.);
#1130=ORIENTED_EDGE('',*,*,#1787,.F.);
#1131=ORIENTED_EDGE('',*,*,#1709,.F.);
#1132=ORIENTED_EDGE('',*,*,#1779,.T.);
#1133=ORIENTED_EDGE('',*,*,#1712,.F.);
#1134=ORIENTED_EDGE('',*,*,#1788,.F.);
#1135=ORIENTED_EDGE('',*,*,#1574,.F.);
#1136=ORIENTED_EDGE('',*,*,#1778,.T.);
#1137=ORIENTED_EDGE('',*,*,#1580,.F.);
#1138=ORIENTED_EDGE('',*,*,#1789,.F.);
#1139=ORIENTED_EDGE('',*,*,#1714,.F.);
#1140=ORIENTED_EDGE('',*,*,#1781,.T.);
#1141=ORIENTED_EDGE('',*,*,#1728,.F.);
#1142=ORIENTED_EDGE('',*,*,#1790,.F.);
#1143=ORIENTED_EDGE('',*,*,#1498,.F.);
#1144=ORIENTED_EDGE('',*,*,#1780,.T.);
#1145=ORIENTED_EDGE('',*,*,#1655,.F.);
#1146=ORIENTED_EDGE('',*,*,#1791,.F.);
#1147=ORIENTED_EDGE('',*,*,#1698,.F.);
#1148=ORIENTED_EDGE('',*,*,#1782,.T.);
#1149=ORIENTED_EDGE('',*,*,#1700,.F.);
#1150=ORIENTED_EDGE('',*,*,#1792,.F.);
#1151=ORIENTED_EDGE('',*,*,#1793,.F.);
#1152=ORIENTED_EDGE('',*,*,#1567,.F.);
#1153=ORIENTED_EDGE('',*,*,#1783,.T.);
#1154=ORIENTED_EDGE('',*,*,#1555,.F.);
#1155=ORIENTED_EDGE('',*,*,#1794,.F.);
#1156=ORIENTED_EDGE('',*,*,#1795,.F.);
#1157=ORIENTED_EDGE('',*,*,#1784,.T.);
#1158=ORIENTED_EDGE('',*,*,#1786,.T.);
#1159=ORIENTED_EDGE('',*,*,#1785,.T.);
#1160=ORIENTED_EDGE('',*,*,#1796,.F.);
#1161=ORIENTED_EDGE('',*,*,#1797,.F.);
#1162=ORIENTED_EDGE('',*,*,#1611,.F.);
#1163=ORIENTED_EDGE('',*,*,#1798,.F.);
#1164=ORIENTED_EDGE('',*,*,#1710,.F.);
#1165=ORIENTED_EDGE('',*,*,#1787,.T.);
#1166=ORIENTED_EDGE('',*,*,#1599,.F.);
#1167=ORIENTED_EDGE('',*,*,#1799,.F.);
#1168=ORIENTED_EDGE('',*,*,#1711,.F.);
#1169=ORIENTED_EDGE('',*,*,#1798,.T.);
#1170=ORIENTED_EDGE('',*,*,#1800,.F.);
#1171=ORIENTED_EDGE('',*,*,#1570,.F.);
#1172=ORIENTED_EDGE('',*,*,#1788,.T.);
#1173=ORIENTED_EDGE('',*,*,#1789,.T.);
#1174=ORIENTED_EDGE('',*,*,#1583,.F.);
#1175=ORIENTED_EDGE('',*,*,#1801,.F.);
#1176=ORIENTED_EDGE('',*,*,#1802,.F.);
#1177=ORIENTED_EDGE('',*,*,#1715,.F.);
#1178=ORIENTED_EDGE('',*,*,#1790,.T.);
#1179=ORIENTED_EDGE('',*,*,#1727,.F.);
#1180=ORIENTED_EDGE('',*,*,#1803,.F.);
#1181=ORIENTED_EDGE('',*,*,#1804,.F.);
#1182=ORIENTED_EDGE('',*,*,#1495,.F.);
#1183=ORIENTED_EDGE('',*,*,#1791,.T.);
#1184=ORIENTED_EDGE('',*,*,#1482,.F.);
#1185=ORIENTED_EDGE('',*,*,#1805,.F.);
#1186=ORIENTED_EDGE('',*,*,#1792,.T.);
#1187=ORIENTED_EDGE('',*,*,#1699,.F.);
#1188=ORIENTED_EDGE('',*,*,#1564,.F.);
#1189=ORIENTED_EDGE('',*,*,#1793,.T.);
#1190=ORIENTED_EDGE('',*,*,#1806,.F.);
#1191=ORIENTED_EDGE('',*,*,#1807,.F.);
#1192=ORIENTED_EDGE('',*,*,#1794,.T.);
#1193=ORIENTED_EDGE('',*,*,#1558,.F.);
#1194=ORIENTED_EDGE('',*,*,#1808,.F.);
#1195=ORIENTED_EDGE('',*,*,#1809,.F.);
#1196=ORIENTED_EDGE('',*,*,#1796,.T.);
#1197=ORIENTED_EDGE('',*,*,#1795,.T.);
#1198=ORIENTED_EDGE('',*,*,#1810,.F.);
#1199=ORIENTED_EDGE('',*,*,#1526,.F.);
#1200=ORIENTED_EDGE('',*,*,#1811,.F.);
#1201=ORIENTED_EDGE('',*,*,#1608,.F.);
#1202=ORIENTED_EDGE('',*,*,#1797,.T.);
#1203=ORIENTED_EDGE('',*,*,#1812,.F.);
#1204=ORIENTED_EDGE('',*,*,#1813,.F.);
#1205=ORIENTED_EDGE('',*,*,#1814,.F.);
#1206=ORIENTED_EDGE('',*,*,#1799,.T.);
#1207=ORIENTED_EDGE('',*,*,#1602,.F.);
#1208=ORIENTED_EDGE('',*,*,#1815,.F.);
#1209=ORIENTED_EDGE('',*,*,#1800,.T.);
#1210=ORIENTED_EDGE('',*,*,#1814,.T.);
#1211=ORIENTED_EDGE('',*,*,#1816,.F.);
#1212=ORIENTED_EDGE('',*,*,#1663,.F.);
#1213=ORIENTED_EDGE('',*,*,#1801,.T.);
#1214=ORIENTED_EDGE('',*,*,#1586,.F.);
#1215=ORIENTED_EDGE('',*,*,#1817,.F.);
#1216=ORIENTED_EDGE('',*,*,#1818,.F.);
#1217=ORIENTED_EDGE('',*,*,#1716,.F.);
#1218=ORIENTED_EDGE('',*,*,#1802,.T.);
#1219=ORIENTED_EDGE('',*,*,#1819,.F.);
#1220=ORIENTED_EDGE('',*,*,#1511,.F.);
#1221=ORIENTED_EDGE('',*,*,#1820,.F.);
#1222=ORIENTED_EDGE('',*,*,#1803,.T.);
#1223=ORIENTED_EDGE('',*,*,#1726,.F.);
#1224=ORIENTED_EDGE('',*,*,#1821,.F.);
#1225=ORIENTED_EDGE('',*,*,#1479,.F.);
#1226=ORIENTED_EDGE('',*,*,#1822,.F.);
#1227=ORIENTED_EDGE('',*,*,#1492,.F.);
#1228=ORIENTED_EDGE('',*,*,#1804,.T.);
#1229=ORIENTED_EDGE('',*,*,#1823,.F.);
#1230=ORIENTED_EDGE('',*,*,#1824,.F.);
#1231=ORIENTED_EDGE('',*,*,#1805,.T.);
#1232=ORIENTED_EDGE('',*,*,#1486,.F.);
#1233=ORIENTED_EDGE('',*,*,#1825,.F.);
#1234=ORIENTED_EDGE('',*,*,#1806,.T.);
#1235=ORIENTED_EDGE('',*,*,#1561,.F.);
#1236=ORIENTED_EDGE('',*,*,#1807,.T.);
#1237=ORIENTED_EDGE('',*,*,#1826,.F.);
#1238=ORIENTED_EDGE('',*,*,#1827,.F.);
#1239=ORIENTED_EDGE('',*,*,#1808,.T.);
#1240=ORIENTED_EDGE('',*,*,#1810,.T.);
#1241=ORIENTED_EDGE('',*,*,#1809,.T.);
#1242=ORIENTED_EDGE('',*,*,#1828,.F.);
#1243=ORIENTED_EDGE('',*,*,#1659,.F.);
#1244=ORIENTED_EDGE('',*,*,#1811,.T.);
#1245=ORIENTED_EDGE('',*,*,#1530,.F.);
#1246=ORIENTED_EDGE('',*,*,#1829,.F.);
#1247=ORIENTED_EDGE('',*,*,#1812,.T.);
#1248=ORIENTED_EDGE('',*,*,#1830,.F.);
#1249=ORIENTED_EDGE('',*,*,#1815,.T.);
#1250=ORIENTED_EDGE('',*,*,#1605,.F.);
#1251=ORIENTED_EDGE('',*,*,#1813,.T.);
#1252=ORIENTED_EDGE('',*,*,#1831,.F.);
#1253=ORIENTED_EDGE('',*,*,#1816,.T.);
#1254=ORIENTED_EDGE('',*,*,#1830,.T.);
#1255=ORIENTED_EDGE('',*,*,#1832,.F.);
#1256=ORIENTED_EDGE('',*,*,#1817,.T.);
#1257=ORIENTED_EDGE('',*,*,#1589,.F.);
#1258=ORIENTED_EDGE('',*,*,#1819,.T.);
#1259=ORIENTED_EDGE('',*,*,#1818,.T.);
#1260=ORIENTED_EDGE('',*,*,#1833,.F.);
#1261=ORIENTED_EDGE('',*,*,#1508,.F.);
#1262=ORIENTED_EDGE('',*,*,#1820,.T.);
#1263=ORIENTED_EDGE('',*,*,#1514,.F.);
#1264=ORIENTED_EDGE('',*,*,#1834,.F.);
#1265=ORIENTED_EDGE('',*,*,#1717,.F.);
#1266=ORIENTED_EDGE('',*,*,#1835,.F.);
#1267=ORIENTED_EDGE('',*,*,#1721,.F.);
#1268=ORIENTED_EDGE('',*,*,#1836,.F.);
#1269=ORIENTED_EDGE('',*,*,#1451,.F.);
#1270=ORIENTED_EDGE('',*,*,#1821,.T.);
#1271=ORIENTED_EDGE('',*,*,#1725,.F.);
#1272=ORIENTED_EDGE('',*,*,#1837,.F.);
#1273=ORIENTED_EDGE('',*,*,#1476,.F.);
#1274=ORIENTED_EDGE('',*,*,#1822,.T.);
#1275=ORIENTED_EDGE('',*,*,#1653,.F.);
#1276=ORIENTED_EDGE('',*,*,#1838,.F.);
#1277=ORIENTED_EDGE('',*,*,#1823,.T.);
#1278=ORIENTED_EDGE('',*,*,#1489,.F.);
#1279=ORIENTED_EDGE('',*,*,#1824,.T.);
#1280=ORIENTED_EDGE('',*,*,#1839,.F.);
#1281=ORIENTED_EDGE('',*,*,#1826,.T.);
#1282=ORIENTED_EDGE('',*,*,#1825,.T.);
#1283=ORIENTED_EDGE('',*,*,#1828,.T.);
#1284=ORIENTED_EDGE('',*,*,#1827,.T.);
#1285=ORIENTED_EDGE('',*,*,#1840,.F.);
#1286=ORIENTED_EDGE('',*,*,#1841,.F.);
#1287=ORIENTED_EDGE('',*,*,#1545,.F.);
#1288=ORIENTED_EDGE('',*,*,#1842,.F.);
#1289=ORIENTED_EDGE('',*,*,#1831,.T.);
#1290=ORIENTED_EDGE('',*,*,#1829,.T.);
#1291=ORIENTED_EDGE('',*,*,#1533,.F.);
#1292=ORIENTED_EDGE('',*,*,#1843,.F.);
#1293=ORIENTED_EDGE('',*,*,#1832,.T.);
#1294=ORIENTED_EDGE('',*,*,#1842,.T.);
#1295=ORIENTED_EDGE('',*,*,#1844,.F.);
#1296=ORIENTED_EDGE('',*,*,#1504,.F.);
#1297=ORIENTED_EDGE('',*,*,#1833,.T.);
#1298=ORIENTED_EDGE('',*,*,#1834,.T.);
#1299=ORIENTED_EDGE('',*,*,#1517,.F.);
#1300=ORIENTED_EDGE('',*,*,#1845,.F.);
#1301=ORIENTED_EDGE('',*,*,#1846,.F.);
#1302=ORIENTED_EDGE('',*,*,#1718,.F.);
#1303=ORIENTED_EDGE('',*,*,#1836,.T.);
#1304=ORIENTED_EDGE('',*,*,#1720,.F.);
#1305=ORIENTED_EDGE('',*,*,#1847,.F.);
#1306=ORIENTED_EDGE('',*,*,#1448,.F.);
#1307=ORIENTED_EDGE('',*,*,#1835,.T.);
#1308=ORIENTED_EDGE('',*,*,#1454,.F.);
#1309=ORIENTED_EDGE('',*,*,#1848,.F.);
#1310=ORIENTED_EDGE('',*,*,#1722,.F.);
#1311=ORIENTED_EDGE('',*,*,#1837,.T.);
#1312=ORIENTED_EDGE('',*,*,#1724,.F.);
#1313=ORIENTED_EDGE('',*,*,#1849,.F.);
#1314=ORIENTED_EDGE('',*,*,#1850,.F.);
#1315=ORIENTED_EDGE('',*,*,#1473,.F.);
#1316=ORIENTED_EDGE('',*,*,#1838,.T.);
#1317=ORIENTED_EDGE('',*,*,#1460,.F.);
#1318=ORIENTED_EDGE('',*,*,#1851,.F.);
#1319=ORIENTED_EDGE('',*,*,#1840,.T.);
#1320=ORIENTED_EDGE('',*,*,#1839,.T.);
#1321=ORIENTED_EDGE('',*,*,#1542,.F.);
#1322=ORIENTED_EDGE('',*,*,#1841,.T.);
#1323=ORIENTED_EDGE('',*,*,#1852,.F.);
#1324=ORIENTED_EDGE('',*,*,#1853,.F.);
#1325=ORIENTED_EDGE('',*,*,#1854,.F.);
#1326=ORIENTED_EDGE('',*,*,#1843,.T.);
#1327=ORIENTED_EDGE('',*,*,#1536,.F.);
#1328=ORIENTED_EDGE('',*,*,#1855,.F.);
#1329=ORIENTED_EDGE('',*,*,#1844,.T.);
#1330=ORIENTED_EDGE('',*,*,#1854,.T.);
#1331=ORIENTED_EDGE('',*,*,#1856,.F.);
#1332=ORIENTED_EDGE('',*,*,#1657,.F.);
#1333=ORIENTED_EDGE('',*,*,#1845,.T.);
#1334=ORIENTED_EDGE('',*,*,#1520,.F.);
#1335=ORIENTED_EDGE('',*,*,#1857,.F.);
#1336=ORIENTED_EDGE('',*,*,#1858,.F.);
#1337=ORIENTED_EDGE('',*,*,#1719,.F.);
#1338=ORIENTED_EDGE('',*,*,#1846,.T.);
#1339=ORIENTED_EDGE('',*,*,#1859,.F.);
#1340=ORIENTED_EDGE('',*,*,#1445,.F.);
#1341=ORIENTED_EDGE('',*,*,#1847,.T.);
#1342=ORIENTED_EDGE('',*,*,#1848,.T.);
#1343=ORIENTED_EDGE('',*,*,#1457,.F.);
#1344=ORIENTED_EDGE('',*,*,#1860,.F.);
#1345=ORIENTED_EDGE('',*,*,#1849,.T.);
#1346=ORIENTED_EDGE('',*,*,#1723,.F.);
#1347=ORIENTED_EDGE('',*,*,#1470,.F.);
#1348=ORIENTED_EDGE('',*,*,#1850,.T.);
#1349=ORIENTED_EDGE('',*,*,#1861,.F.);
#1350=ORIENTED_EDGE('',*,*,#1862,.F.);
#1351=ORIENTED_EDGE('',*,*,#1851,.T.);
#1352=ORIENTED_EDGE('',*,*,#1464,.F.);
#1353=ORIENTED_EDGE('',*,*,#1863,.F.);
#1354=ORIENTED_EDGE('',*,*,#1852,.T.);
#1355=ORIENTED_EDGE('',*,*,#1864,.F.);
#1356=ORIENTED_EDGE('',*,*,#1855,.T.);
#1357=ORIENTED_EDGE('',*,*,#1539,.F.);
#1358=ORIENTED_EDGE('',*,*,#1853,.T.);
#1359=ORIENTED_EDGE('',*,*,#1865,.F.);
#1360=ORIENTED_EDGE('',*,*,#1856,.T.);
#1361=ORIENTED_EDGE('',*,*,#1864,.T.);
#1362=ORIENTED_EDGE('',*,*,#1866,.F.);
#1363=ORIENTED_EDGE('',*,*,#1857,.T.);
#1364=ORIENTED_EDGE('',*,*,#1523,.F.);
#1365=ORIENTED_EDGE('',*,*,#1859,.T.);
#1366=ORIENTED_EDGE('',*,*,#1858,.T.);
#1367=ORIENTED_EDGE('',*,*,#1867,.F.);
#1368=ORIENTED_EDGE('',*,*,#1442,.F.);
#1369=ORIENTED_EDGE('',*,*,#1860,.T.);
#1370=ORIENTED_EDGE('',*,*,#1651,.F.);
#1371=ORIENTED_EDGE('',*,*,#1868,.F.);
#1372=ORIENTED_EDGE('',*,*,#1861,.T.);
#1373=ORIENTED_EDGE('',*,*,#1467,.F.);
#1374=ORIENTED_EDGE('',*,*,#1862,.T.);
#1375=ORIENTED_EDGE('',*,*,#1869,.F.);
#1376=ORIENTED_EDGE('',*,*,#1865,.T.);
#1377=ORIENTED_EDGE('',*,*,#1863,.T.);
#1378=ORIENTED_EDGE('',*,*,#1867,.T.);
#1379=ORIENTED_EDGE('',*,*,#1866,.T.);
#1380=ORIENTED_EDGE('',*,*,#1869,.T.);
#1381=ORIENTED_EDGE('',*,*,#1868,.T.);
#1382=ORIENTED_EDGE('',*,*,#1438,.F.);
#1383=EDGE_CURVE('',#1870,#1871,#2157,.T.);
#1384=EDGE_CURVE('',#1870,#1872,#2158,.F.);
#1385=EDGE_CURVE('',#1872,#1873,#2159,.T.);
#1386=EDGE_CURVE('',#1873,#1871,#2160,.T.);
#1387=EDGE_CURVE('',#1874,#1875,#2161,.T.);
#1388=EDGE_CURVE('',#1875,#1876,#2162,.F.);
#1389=EDGE_CURVE('',#1876,#1877,#2163,.F.);
#1390=EDGE_CURVE('',#1877,#1874,#2164,.T.);
#1391=EDGE_CURVE('',#1878,#1879,#2165,.F.);
#1392=EDGE_CURVE('',#1879,#1880,#2166,.T.);
#1393=EDGE_CURVE('',#1880,#1881,#2167,.T.);
#1394=EDGE_CURVE('',#1881,#1878,#2168,.F.);
#1395=EDGE_CURVE('',#1882,#1883,#2169,.T.);
#1396=EDGE_CURVE('',#1882,#1884,#2170,.T.);
#1397=EDGE_CURVE('',#1884,#1885,#2171,.T.);
#1398=EDGE_CURVE('',#1883,#1885,#2172,.T.);
#1399=EDGE_CURVE('',#1886,#1887,#2173,.T.);
#1400=EDGE_CURVE('',#1886,#1882,#2174,.F.);
#1401=EDGE_CURVE('',#1883,#1887,#2175,.T.);
#1402=EDGE_CURVE('',#1888,#1889,#2176,.T.);
#1403=EDGE_CURVE('',#1888,#1886,#2177,.F.);
#1404=EDGE_CURVE('',#1887,#1889,#2178,.T.);
#1405=EDGE_CURVE('',#1890,#1891,#2179,.T.);
#1406=EDGE_CURVE('',#1890,#1892,#2180,.T.);
#1407=EDGE_CURVE('',#1892,#1893,#2181,.T.);
#1408=EDGE_CURVE('',#1891,#1893,#2182,.T.);
#1409=EDGE_CURVE('',#1894,#1895,#2183,.T.);
#1410=EDGE_CURVE('',#1894,#1890,#2184,.F.);
#1411=EDGE_CURVE('',#1891,#1895,#2185,.T.);
#1412=EDGE_CURVE('',#1896,#1897,#2186,.T.);
#1413=EDGE_CURVE('',#1896,#1894,#2187,.F.);
#1414=EDGE_CURVE('',#1895,#1897,#2188,.T.);
#1415=EDGE_CURVE('',#1898,#1899,#2189,.T.);
#1416=EDGE_CURVE('',#1898,#1900,#2190,.T.);
#1417=EDGE_CURVE('',#1900,#1901,#2191,.T.);
#1418=EDGE_CURVE('',#1899,#1901,#2192,.T.);
#1419=EDGE_CURVE('',#1902,#1903,#2193,.T.);
#1420=EDGE_CURVE('',#1902,#1898,#93,.T.);
#1421=EDGE_CURVE('',#1903,#1899,#94,.T.);
#1422=EDGE_CURVE('',#1904,#1905,#2194,.T.);
#1423=EDGE_CURVE('',#1904,#1902,#2195,.T.);
#1424=EDGE_CURVE('',#1905,#1903,#2196,.T.);
#1425=EDGE_CURVE('',#1906,#1907,#2197,.T.);
#1426=EDGE_CURVE('',#1906,#1904,#95,.T.);
#1427=EDGE_CURVE('',#1907,#1905,#96,.T.);
#1428=EDGE_CURVE('',#1908,#1909,#2198,.T.);
#1429=EDGE_CURVE('',#1908,#1906,#2199,.T.);
#1430=EDGE_CURVE('',#1909,#1907,#2200,.T.);
#1431=EDGE_CURVE('',#1910,#1911,#2201,.T.);
#1432=EDGE_CURVE('',#1910,#1908,#97,.T.);
#1433=EDGE_CURVE('',#1911,#1909,#98,.T.);
#1434=EDGE_CURVE('',#1912,#1913,#2202,.T.);
#1435=EDGE_CURVE('',#1912,#1910,#2203,.T.);
#1436=EDGE_CURVE('',#1913,#1911,#2204,.T.);
#1437=EDGE_CURVE('',#1914,#1915,#2205,.T.);
#1438=EDGE_CURVE('',#1914,#1916,#99,.T.);
#1439=EDGE_CURVE('',#1916,#1917,#2206,.T.);
#1440=EDGE_CURVE('',#1915,#1917,#100,.T.);
#1441=EDGE_CURVE('',#1918,#1919,#2207,.T.);
#1442=EDGE_CURVE('',#1918,#1914,#2208,.F.);
#1443=EDGE_CURVE('',#1915,#1919,#2209,.T.);
#1444=EDGE_CURVE('',#1920,#1921,#2210,.T.);
#1445=EDGE_CURVE('',#1920,#1918,#101,.T.);
#1446=EDGE_CURVE('',#1921,#1919,#102,.T.);
#1447=EDGE_CURVE('',#1922,#1923,#2211,.T.);
#1448=EDGE_CURVE('',#1922,#1920,#2212,.F.);
#1449=EDGE_CURVE('',#1921,#1923,#2213,.T.);
#1450=EDGE_CURVE('',#1924,#1925,#2214,.T.);
#1451=EDGE_CURVE('',#1924,#1922,#103,.T.);
#1452=EDGE_CURVE('',#1925,#1923,#104,.T.);
#1453=EDGE_CURVE('',#1926,#1927,#2215,.T.);
#1454=EDGE_CURVE('',#1926,#1924,#2216,.T.);
#1455=EDGE_CURVE('',#1927,#1925,#2217,.T.);
#1456=EDGE_CURVE('',#1928,#1929,#2218,.T.);
#1457=EDGE_CURVE('',#1928,#1926,#105,.T.);
#1458=EDGE_CURVE('',#1929,#1927,#106,.T.);
#1459=EDGE_CURVE('',#1930,#1931,#2219,.T.);
#1460=EDGE_CURVE('',#1930,#1932,#107,.T.);
#1461=EDGE_CURVE('',#1932,#1933,#2220,.T.);
#1462=EDGE_CURVE('',#1931,#1933,#108,.T.);
#1463=EDGE_CURVE('',#1934,#1935,#2221,.T.);
#1464=EDGE_CURVE('',#1934,#1930,#2222,.F.);
#1465=EDGE_CURVE('',#1931,#1935,#2223,.T.);
#1466=EDGE_CURVE('',#1936,#1937,#2224,.T.);
#1467=EDGE_CURVE('',#1936,#1934,#109,.T.);
#1468=EDGE_CURVE('',#1937,#1935,#110,.T.);
#1469=EDGE_CURVE('',#1938,#1939,#2225,.T.);
#1470=EDGE_CURVE('',#1938,#1936,#2226,.F.);
#1471=EDGE_CURVE('',#1937,#1939,#2227,.T.);
#1472=EDGE_CURVE('',#1940,#1941,#2228,.T.);
#1473=EDGE_CURVE('',#1940,#1938,#111,.T.);
#1474=EDGE_CURVE('',#1941,#1939,#112,.T.);
#1475=EDGE_CURVE('',#1942,#1943,#2229,.T.);
#1476=EDGE_CURVE('',#1942,#1940,#2230,.T.);
#1477=EDGE_CURVE('',#1943,#1941,#2231,.T.);
#1478=EDGE_CURVE('',#1944,#1945,#2232,.T.);
#1479=EDGE_CURVE('',#1944,#1942,#113,.T.);
#1480=EDGE_CURVE('',#1945,#1943,#114,.T.);
#1481=EDGE_CURVE('',#1946,#1947,#2233,.T.);
#1482=EDGE_CURVE('',#1946,#1948,#115,.T.);
#1483=EDGE_CURVE('',#1948,#1949,#2234,.T.);
#1484=EDGE_CURVE('',#1947,#1949,#116,.T.);
#1485=EDGE_CURVE('',#1950,#1951,#2235,.T.);
#1486=EDGE_CURVE('',#1950,#1946,#2236,.F.);
#1487=EDGE_CURVE('',#1947,#1951,#2237,.T.);
#1488=EDGE_CURVE('',#1952,#1953,#2238,.T.);
#1489=EDGE_CURVE('',#1952,#1950,#117,.T.);
#1490=EDGE_CURVE('',#1953,#1951,#118,.T.);
#1491=EDGE_CURVE('',#1954,#1955,#2239,.T.);
#1492=EDGE_CURVE('',#1954,#1952,#2240,.F.);
#1493=EDGE_CURVE('',#1953,#1955,#2241,.T.);
#1494=EDGE_CURVE('',#1956,#1957,#2242,.T.);
#1495=EDGE_CURVE('',#1956,#1954,#119,.T.);
#1496=EDGE_CURVE('',#1957,#1955,#120,.T.);
#1497=EDGE_CURVE('',#1958,#1959,#2243,.T.);
#1498=EDGE_CURVE('',#1958,#1956,#2244,.T.);
#1499=EDGE_CURVE('',#1959,#1957,#2245,.T.);
#1500=EDGE_CURVE('',#1960,#1961,#2246,.T.);
#1501=EDGE_CURVE('',#1960,#1958,#121,.T.);
#1502=EDGE_CURVE('',#1961,#1959,#122,.T.);
#1503=EDGE_CURVE('',#1962,#1963,#2247,.T.);
#1504=EDGE_CURVE('',#1962,#1964,#123,.T.);
#1505=EDGE_CURVE('',#1964,#1965,#2248,.T.);
#1506=EDGE_CURVE('',#1963,#1965,#124,.T.);
#1507=EDGE_CURVE('',#1966,#1967,#2249,.T.);
#1508=EDGE_CURVE('',#1966,#1962,#2250,.F.);
#1509=EDGE_CURVE('',#1963,#1967,#2251,.T.);
#1510=EDGE_CURVE('',#1968,#1969,#2252,.T.);
#1511=EDGE_CURVE('',#1968,#1966,#125,.T.);
#1512=EDGE_CURVE('',#1969,#1967,#126,.T.);
#1513=EDGE_CURVE('',#1970,#1971,#2253,.T.);
#1514=EDGE_CURVE('',#1970,#1968,#2254,.F.);
#1515=EDGE_CURVE('',#1969,#1971,#2255,.T.);
#1516=EDGE_CURVE('',#1972,#1973,#2256,.T.);
#1517=EDGE_CURVE('',#1972,#1970,#127,.T.);
#1518=EDGE_CURVE('',#1973,#1971,#128,.T.);
#1519=EDGE_CURVE('',#1974,#1975,#2257,.T.);
#1520=EDGE_CURVE('',#1974,#1972,#2258,.T.);
#1521=EDGE_CURVE('',#1975,#1973,#2259,.T.);
#1522=EDGE_CURVE('',#1976,#1977,#2260,.T.);
#1523=EDGE_CURVE('',#1976,#1974,#129,.T.);
#1524=EDGE_CURVE('',#1977,#1975,#130,.T.);
#1525=EDGE_CURVE('',#1978,#1979,#2261,.T.);
#1526=EDGE_CURVE('',#1978,#1980,#131,.T.);
#1527=EDGE_CURVE('',#1980,#1981,#2262,.T.);
#1528=EDGE_CURVE('',#1979,#1981,#132,.T.);
#1529=EDGE_CURVE('',#1982,#1983,#2263,.T.);
#1530=EDGE_CURVE('',#1982,#1978,#2264,.F.);
#1531=EDGE_CURVE('',#1979,#1983,#2265,.T.);
#1532=EDGE_CURVE('',#1984,#1985,#2266,.T.);
#1533=EDGE_CURVE('',#1984,#1982,#133,.T.);
#1534=EDGE_CURVE('',#1985,#1983,#134,.T.);
#1535=EDGE_CURVE('',#1986,#1987,#2267,.T.);
#1536=EDGE_CURVE('',#1986,#1984,#2268,.F.);
#1537=EDGE_CURVE('',#1985,#1987,#2269,.T.);
#1538=EDGE_CURVE('',#1988,#1989,#2270,.T.);
#1539=EDGE_CURVE('',#1988,#1986,#135,.T.);
#1540=EDGE_CURVE('',#1989,#1987,#136,.T.);
#1541=EDGE_CURVE('',#1990,#1991,#2271,.T.);
#1542=EDGE_CURVE('',#1990,#1988,#2272,.T.);
#1543=EDGE_CURVE('',#1991,#1989,#2273,.T.);
#1544=EDGE_CURVE('',#1992,#1993,#2274,.T.);
#1545=EDGE_CURVE('',#1992,#1990,#137,.T.);
#1546=EDGE_CURVE('',#1993,#1991,#138,.T.);
#1547=EDGE_CURVE('',#1994,#1995,#2275,.T.);
#1548=EDGE_CURVE('',#1994,#1996,#139,.T.);
#1549=EDGE_CURVE('',#1996,#1997,#2276,.T.);
#1550=EDGE_CURVE('',#1995,#1997,#140,.T.);
#1551=EDGE_CURVE('',#1998,#1999,#2277,.T.);
#1552=EDGE_CURVE('',#1998,#1994,#2278,.F.);
#1553=EDGE_CURVE('',#1995,#1999,#2279,.T.);
#1554=EDGE_CURVE('',#2000,#2001,#2280,.T.);
#1555=EDGE_CURVE('',#2000,#1998,#141,.T.);
#1556=EDGE_CURVE('',#2001,#1999,#142,.T.);
#1557=EDGE_CURVE('',#2002,#2003,#2281,.T.);
#1558=EDGE_CURVE('',#2002,#2000,#2282,.F.);
#1559=EDGE_CURVE('',#2001,#2003,#2283,.T.);
#1560=EDGE_CURVE('',#2004,#2005,#2284,.T.);
#1561=EDGE_CURVE('',#2004,#2002,#143,.T.);
#1562=EDGE_CURVE('',#2005,#2003,#144,.T.);
#1563=EDGE_CURVE('',#2006,#2007,#2285,.T.);
#1564=EDGE_CURVE('',#2006,#2004,#2286,.T.);
#1565=EDGE_CURVE('',#2007,#2005,#2287,.T.);
#1566=EDGE_CURVE('',#2008,#2009,#2288,.T.);
#1567=EDGE_CURVE('',#2008,#2006,#145,.T.);
#1568=EDGE_CURVE('',#2009,#2007,#146,.T.);
#1569=EDGE_CURVE('',#2010,#2011,#2289,.T.);
#1570=EDGE_CURVE('',#2010,#2012,#147,.T.);
#1571=EDGE_CURVE('',#2012,#2013,#2290,.T.);
#1572=EDGE_CURVE('',#2011,#2013,#148,.T.);
#1573=EDGE_CURVE('',#2014,#2015,#2291,.T.);
#1574=EDGE_CURVE('',#2014,#2010,#2292,.F.);
#1575=EDGE_CURVE('',#2011,#2015,#2293,.T.);
#1576=EDGE_CURVE('',#2016,#2017,#2294,.T.);
#1577=EDGE_CURVE('',#2016,#2014,#149,.T.);
#1578=EDGE_CURVE('',#2017,#2015,#150,.T.);
#1579=EDGE_CURVE('',#2018,#2019,#2295,.T.);
#1580=EDGE_CURVE('',#2018,#2016,#2296,.F.);
#1581=EDGE_CURVE('',#2017,#2019,#2297,.T.);
#1582=EDGE_CURVE('',#2020,#2021,#2298,.T.);
#1583=EDGE_CURVE('',#2020,#2018,#151,.T.);
#1584=EDGE_CURVE('',#2021,#2019,#152,.T.);
#1585=EDGE_CURVE('',#2022,#2023,#2299,.T.);
#1586=EDGE_CURVE('',#2022,#2020,#2300,.T.);
#1587=EDGE_CURVE('',#2023,#2021,#2301,.T.);
#1588=EDGE_CURVE('',#2024,#2025,#2302,.T.);
#1589=EDGE_CURVE('',#2024,#2022,#153,.T.);
#1590=EDGE_CURVE('',#2025,#2023,#154,.T.);
#1591=EDGE_CURVE('',#2026,#2027,#2303,.T.);
#1592=EDGE_CURVE('',#2026,#2028,#155,.T.);
#1593=EDGE_CURVE('',#2028,#2029,#2304,.T.);
#1594=EDGE_CURVE('',#2027,#2029,#156,.T.);
#1595=EDGE_CURVE('',#2030,#2031,#2305,.T.);
#1596=EDGE_CURVE('',#2030,#2026,#2306,.F.);
#1597=EDGE_CURVE('',#2027,#2031,#2307,.T.);
#1598=EDGE_CURVE('',#2032,#2033,#2308,.T.);
#1599=EDGE_CURVE('',#2032,#2030,#157,.T.);
#1600=EDGE_CURVE('',#2033,#2031,#158,.T.);
#1601=EDGE_CURVE('',#2034,#2035,#2309,.T.);
#1602=EDGE_CURVE('',#2034,#2032,#2310,.F.);
#1603=EDGE_CURVE('',#2033,#2035,#2311,.T.);
#1604=EDGE_CURVE('',#2036,#2037,#2312,.T.);
#1605=EDGE_CURVE('',#2036,#2034,#159,.T.);
#1606=EDGE_CURVE('',#2037,#2035,#160,.T.);
#1607=EDGE_CURVE('',#2038,#2039,#2313,.T.);
#1608=EDGE_CURVE('',#2038,#2036,#2314,.T.);
#1609=EDGE_CURVE('',#2039,#2037,#2315,.T.);
#1610=EDGE_CURVE('',#2040,#2041,#2316,.T.);
#1611=EDGE_CURVE('',#2040,#2038,#161,.T.);
#1612=EDGE_CURVE('',#2041,#2039,#162,.T.);
#1613=EDGE_CURVE('',#2042,#2043,#2317,.T.);
#1614=EDGE_CURVE('',#2042,#2044,#163,.T.);
#1615=EDGE_CURVE('',#2044,#2045,#2318,.T.);
#1616=EDGE_CURVE('',#2043,#2045,#164,.T.);
#1617=EDGE_CURVE('',#2046,#2047,#2319,.T.);
#1618=EDGE_CURVE('',#2046,#2042,#2320,.F.);
#1619=EDGE_CURVE('',#2043,#2047,#2321,.T.);
#1620=EDGE_CURVE('',#2048,#2049,#2322,.T.);
#1621=EDGE_CURVE('',#2048,#2046,#165,.T.);
#1622=EDGE_CURVE('',#2049,#2047,#166,.T.);
#1623=EDGE_CURVE('',#2050,#2051,#2323,.T.);
#1624=EDGE_CURVE('',#2050,#2048,#2324,.F.);
#1625=EDGE_CURVE('',#2049,#2051,#2325,.T.);
#1626=EDGE_CURVE('',#2052,#2053,#2326,.T.);
#1627=EDGE_CURVE('',#2052,#2050,#167,.T.);
#1628=EDGE_CURVE('',#2053,#2051,#168,.T.);
#1629=EDGE_CURVE('',#2054,#2055,#2327,.T.);
#1630=EDGE_CURVE('',#2054,#2052,#2328,.T.);
#1631=EDGE_CURVE('',#2055,#2053,#2329,.T.);
#1632=EDGE_CURVE('',#2056,#2057,#2330,.T.);
#1633=EDGE_CURVE('',#2056,#2054,#169,.T.);
#1634=EDGE_CURVE('',#2057,#2055,#170,.T.);
#1635=EDGE_CURVE('',#1884,#1888,#2331,.T.);
#1636=EDGE_CURVE('',#1885,#1889,#2332,.T.);
#1637=EDGE_CURVE('',#2058,#2058,#171,.T.);
#1638=EDGE_CURVE('',#2059,#2059,#172,.T.);
#1639=EDGE_CURVE('',#2060,#2060,#173,.T.);
#1640=EDGE_CURVE('',#2061,#2061,#174,.T.);
#1641=EDGE_CURVE('',#2062,#2062,#175,.T.);
#1642=EDGE_CURVE('',#2063,#2063,#176,.T.);
#1643=EDGE_CURVE('',#2064,#2064,#177,.T.);
#1644=EDGE_CURVE('',#2065,#2065,#178,.T.);
#1645=EDGE_CURVE('',#2066,#2066,#179,.T.);
#1646=EDGE_CURVE('',#2067,#2067,#180,.T.);
#1647=EDGE_CURVE('',#1892,#1896,#2333,.T.);
#1648=EDGE_CURVE('',#1893,#1897,#2334,.T.);
#1649=EDGE_CURVE('',#1900,#1912,#181,.T.);
#1650=EDGE_CURVE('',#1901,#1913,#182,.T.);
#1651=EDGE_CURVE('',#1916,#1928,#2335,.T.);
#1652=EDGE_CURVE('',#1917,#1929,#2336,.T.);
#1653=EDGE_CURVE('',#1932,#1944,#2337,.T.);
#1654=EDGE_CURVE('',#1933,#1945,#2338,.T.);
#1655=EDGE_CURVE('',#1948,#1960,#2339,.T.);
#1656=EDGE_CURVE('',#1949,#1961,#2340,.T.);
#1657=EDGE_CURVE('',#1964,#1976,#2341,.T.);
#1658=EDGE_CURVE('',#1965,#1977,#2342,.T.);
#1659=EDGE_CURVE('',#1980,#1992,#2343,.T.);
#1660=EDGE_CURVE('',#1981,#1993,#2344,.T.);
#1661=EDGE_CURVE('',#1996,#2008,#2345,.T.);
#1662=EDGE_CURVE('',#1997,#2009,#2346,.T.);
#1663=EDGE_CURVE('',#2012,#2024,#2347,.T.);
#1664=EDGE_CURVE('',#2013,#2025,#2348,.T.);
#1665=EDGE_CURVE('',#2028,#2040,#2349,.T.);
#1666=EDGE_CURVE('',#2029,#2041,#2350,.T.);
#1667=EDGE_CURVE('',#2044,#2056,#2351,.T.);
#1668=EDGE_CURVE('',#2045,#2057,#2352,.T.);
#1669=EDGE_CURVE('',#2068,#2069,#2353,.T.);
#1670=EDGE_CURVE('',#2068,#2070,#2354,.F.);
#1671=EDGE_CURVE('',#2070,#2071,#2355,.T.);
#1672=EDGE_CURVE('',#2071,#2069,#2356,.T.);
#1673=EDGE_CURVE('',#2072,#2073,#2357,.T.);
#1674=EDGE_CURVE('',#2073,#2074,#2358,.T.);
#1675=EDGE_CURVE('',#2074,#2075,#2359,.F.);
#1676=EDGE_CURVE('',#2075,#2072,#2360,.F.);
#1677=EDGE_CURVE('',#2076,#2077,#2361,.T.);
#1678=EDGE_CURVE('',#2077,#2078,#2362,.F.);
#1679=EDGE_CURVE('',#2078,#2079,#2363,.F.);
#1680=EDGE_CURVE('',#2079,#2076,#2364,.T.);
#1681=EDGE_CURVE('',#2080,#2080,#183,.F.);
#1682=EDGE_CURVE('',#2081,#2081,#184,.F.);
#1683=EDGE_CURVE('',#2082,#2082,#185,.F.);
#1684=EDGE_CURVE('',#2083,#2083,#186,.F.);
#1685=EDGE_CURVE('',#2084,#2085,#2365,.T.);
#1686=EDGE_CURVE('',#2085,#2086,#2366,.T.);
#1687=EDGE_CURVE('',#2086,#2087,#2367,.F.);
#1688=EDGE_CURVE('',#2087,#2084,#2368,.F.);
#1689=EDGE_CURVE('',#2088,#2088,#187,.F.);
#1690=EDGE_CURVE('',#2089,#2090,#188,.F.);
#1691=EDGE_CURVE('',#2090,#2091,#2369,.F.);
#1692=EDGE_CURVE('',#2091,#2092,#189,.F.);
#1693=EDGE_CURVE('',#2092,#2093,#2370,.F.);
#1694=EDGE_CURVE('',#2093,#2094,#190,.F.);
#1695=EDGE_CURVE('',#2094,#2095,#2371,.F.);
#1696=EDGE_CURVE('',#2095,#2096,#191,.F.);
#1697=EDGE_CURVE('',#2096,#2089,#2372,.F.);
#1698=EDGE_CURVE('',#2097,#2098,#2373,.F.);
#1699=EDGE_CURVE('',#2098,#2099,#192,.F.);
#1700=EDGE_CURVE('',#2099,#2100,#193,.F.);
#1701=EDGE_CURVE('',#2100,#2101,#2374,.F.);
#1702=EDGE_CURVE('',#2101,#2102,#194,.F.);
#1703=EDGE_CURVE('',#2102,#2103,#195,.F.);
#1704=EDGE_CURVE('',#2103,#2104,#2375,.F.);
#1705=EDGE_CURVE('',#2104,#2105,#196,.F.);
#1706=EDGE_CURVE('',#2105,#2106,#2376,.T.);
#1707=EDGE_CURVE('',#2106,#2107,#197,.F.);
#1708=EDGE_CURVE('',#2107,#2108,#198,.F.);
#1709=EDGE_CURVE('',#2108,#2109,#2377,.T.);
#1710=EDGE_CURVE('',#2109,#2110,#199,.F.);
#1711=EDGE_CURVE('',#2110,#2111,#200,.F.);
#1712=EDGE_CURVE('',#2111,#2112,#2378,.T.);
#1713=EDGE_CURVE('',#2112,#2113,#201,.F.);
#1714=EDGE_CURVE('',#2113,#2114,#2379,.T.);
#1715=EDGE_CURVE('',#2114,#2115,#202,.F.);
#1716=EDGE_CURVE('',#2115,#2116,#203,.F.);
#1717=EDGE_CURVE('',#2116,#2117,#2380,.T.);
#1718=EDGE_CURVE('',#2117,#2118,#204,.F.);
#1719=EDGE_CURVE('',#2118,#2119,#205,.F.);
#1720=EDGE_CURVE('',#2119,#2120,#2381,.T.);
#1721=EDGE_CURVE('',#2120,#2121,#206,.F.);
#1722=EDGE_CURVE('',#2121,#2122,#2382,.F.);
#1723=EDGE_CURVE('',#2122,#2123,#207,.F.);
#1724=EDGE_CURVE('',#2123,#2124,#208,.F.);
#1725=EDGE_CURVE('',#2124,#2125,#2383,.F.);
#1726=EDGE_CURVE('',#2125,#2126,#209,.F.);
#1727=EDGE_CURVE('',#2126,#2127,#210,.F.);
#1728=EDGE_CURVE('',#2127,#2128,#2384,.F.);
#1729=EDGE_CURVE('',#2128,#2097,#211,.F.);
#1730=EDGE_CURVE('',#1880,#1875,#212,.F.);
#1731=EDGE_CURVE('',#1874,#1870,#213,.F.);
#1732=EDGE_CURVE('',#1871,#2068,#214,.F.);
#1733=EDGE_CURVE('',#2069,#1881,#215,.F.);
#1734=EDGE_CURVE('',#2070,#1873,#216,.T.);
#1735=EDGE_CURVE('',#2070,#2087,#217,.F.);
#1736=EDGE_CURVE('',#2087,#1873,#218,.F.);
#1737=EDGE_CURVE('',#1872,#1877,#219,.T.);
#1738=EDGE_CURVE('',#2084,#1872,#220,.T.);
#1739=EDGE_CURVE('',#2071,#2086,#221,.T.);
#1740=EDGE_CURVE('',#1878,#2071,#222,.T.);
#1741=EDGE_CURVE('',#2084,#1877,#223,.F.);
#1742=EDGE_CURVE('',#1878,#2086,#224,.F.);
#1743=EDGE_CURVE('',#2085,#1876,#225,.T.);
#1744=EDGE_CURVE('',#1879,#2085,#226,.T.);
#1745=EDGE_CURVE('',#1879,#1876,#227,.F.);
#1746=EDGE_CURVE('',#2073,#1894,#81,.F.);
#1747=EDGE_CURVE('',#1890,#2072,#82,.T.);
#1748=EDGE_CURVE('',#1892,#2075,#83,.T.);
#1749=EDGE_CURVE('',#2074,#1896,#84,.F.);
#1750=EDGE_CURVE('',#1884,#2078,#85,.T.);
#1751=EDGE_CURVE('',#2079,#1882,#86,.F.);
#1752=EDGE_CURVE('',#2076,#1886,#87,.F.);
#1753=EDGE_CURVE('',#1888,#2077,#88,.T.);
#1754=EDGE_CURVE('',#2095,#1912,#228,.T.);
#1755=EDGE_CURVE('',#1910,#2094,#229,.T.);
#1756=EDGE_CURVE('',#1908,#2093,#230,.T.);
#1757=EDGE_CURVE('',#2096,#1900,#231,.T.);
#1758=EDGE_CURVE('',#1906,#2092,#232,.T.);
#1759=EDGE_CURVE('',#2089,#1898,#233,.T.);
#1760=EDGE_CURVE('',#1904,#2091,#234,.T.);
#1761=EDGE_CURVE('',#2090,#1902,#235,.T.);
#1762=EDGE_CURVE('',#2105,#2042,#236,.T.);
#1763=EDGE_CURVE('',#2044,#2104,#237,.T.);
#1764=EDGE_CURVE('',#2056,#2103,#238,.T.);
#1765=EDGE_CURVE('',#2106,#2046,#239,.T.);
#1766=EDGE_CURVE('',#2129,#2102,#12,.T.);
#1767=EDGE_CURVE('',#2054,#2129,#240,.T.);
#1768=EDGE_CURVE('',#2130,#2048,#241,.T.);
#1769=EDGE_CURVE('',#2107,#2130,#13,.T.);
#1770=EDGE_CURVE('',#1996,#2101,#242,.T.);
#1771=EDGE_CURVE('',#2129,#1994,#243,.T.);
#1772=EDGE_CURVE('',#2131,#2129,#2385,.F.);
#1773=EDGE_CURVE('',#2052,#2131,#244,.T.);
#1774=EDGE_CURVE('',#2132,#2050,#245,.T.);
#1775=EDGE_CURVE('',#2130,#2132,#2386,.F.);
#1776=EDGE_CURVE('',#2028,#2130,#246,.T.);
#1777=EDGE_CURVE('',#2108,#2026,#247,.T.);
#1778=EDGE_CURVE('',#2113,#2016,#248,.T.);
#1779=EDGE_CURVE('',#2014,#2112,#249,.T.);
#1780=EDGE_CURVE('',#2097,#1960,#250,.T.);
#1781=EDGE_CURVE('',#1958,#2128,#251,.T.);
#1782=EDGE_CURVE('',#2008,#2100,#252,.T.);
#1783=EDGE_CURVE('',#2131,#1998,#253,.T.);
#1784=EDGE_CURVE('',#2133,#2131,#14,.T.);
#1785=EDGE_CURVE('',#2132,#2133,#15,.T.);
#1786=EDGE_CURVE('',#2040,#2132,#254,.T.);
#1787=EDGE_CURVE('',#2109,#2030,#255,.T.);
#1788=EDGE_CURVE('',#2010,#2111,#256,.T.);
#1789=EDGE_CURVE('',#2114,#2018,#257,.T.);
#1790=EDGE_CURVE('',#1956,#2127,#258,.T.);
#1791=EDGE_CURVE('',#2098,#1948,#259,.T.);
#1792=EDGE_CURVE('',#2134,#2099,#16,.T.);
#1793=EDGE_CURVE('',#2006,#2134,#260,.T.);
#1794=EDGE_CURVE('',#2135,#2000,#261,.T.);
#1795=EDGE_CURVE('',#2133,#2135,#17,.T.);
#1796=EDGE_CURVE('',#2136,#2133,#18,.T.);
#1797=EDGE_CURVE('',#2038,#2136,#262,.T.);
#1798=EDGE_CURVE('',#2110,#2137,#19,.T.);
#1799=EDGE_CURVE('',#2137,#2032,#263,.T.);
#1800=EDGE_CURVE('',#2012,#2137,#264,.T.);
#1801=EDGE_CURVE('',#2138,#2020,#265,.T.);
#1802=EDGE_CURVE('',#2115,#2138,#20,.T.);
#1803=EDGE_CURVE('',#2139,#2126,#21,.T.);
#1804=EDGE_CURVE('',#1954,#2139,#266,.T.);
#1805=EDGE_CURVE('',#2134,#1946,#267,.T.);
#1806=EDGE_CURVE('',#2140,#2134,#2387,.F.);
#1807=EDGE_CURVE('',#2004,#2140,#268,.T.);
#1808=EDGE_CURVE('',#2141,#2002,#269,.T.);
#1809=EDGE_CURVE('',#2135,#2141,#2388,.F.);
#1810=EDGE_CURVE('',#1980,#2135,#270,.T.);
#1811=EDGE_CURVE('',#2136,#1978,#271,.T.);
#1812=EDGE_CURVE('',#2142,#2136,#2389,.F.);
#1813=EDGE_CURVE('',#2036,#2142,#272,.T.);
#1814=EDGE_CURVE('',#2137,#2143,#2390,.F.);
#1815=EDGE_CURVE('',#2143,#2034,#273,.T.);
#1816=EDGE_CURVE('',#2024,#2143,#274,.T.);
#1817=EDGE_CURVE('',#2144,#2022,#275,.T.);
#1818=EDGE_CURVE('',#2138,#2144,#2391,.F.);
#1819=EDGE_CURVE('',#1966,#2138,#276,.T.);
#1820=EDGE_CURVE('',#2116,#1968,#277,.T.);
#1821=EDGE_CURVE('',#1942,#2125,#278,.T.);
#1822=EDGE_CURVE('',#2139,#1944,#279,.T.);
#1823=EDGE_CURVE('',#2145,#2139,#2392,.F.);
#1824=EDGE_CURVE('',#1952,#2145,#280,.T.);
#1825=EDGE_CURVE('',#2140,#1950,#281,.T.);
#1826=EDGE_CURVE('',#2146,#2140,#22,.T.);
#1827=EDGE_CURVE('',#2141,#2146,#23,.T.);
#1828=EDGE_CURVE('',#1992,#2141,#282,.T.);
#1829=EDGE_CURVE('',#2142,#1982,#283,.T.);
#1830=EDGE_CURVE('',#2143,#2147,#24,.T.);
#1831=EDGE_CURVE('',#2147,#2142,#25,.T.);
#1832=EDGE_CURVE('',#2144,#2147,#26,.T.);
#1833=EDGE_CURVE('',#1962,#2144,#284,.T.);
#1834=EDGE_CURVE('',#2117,#1970,#285,.T.);
#1835=EDGE_CURVE('',#2121,#1924,#286,.T.);
#1836=EDGE_CURVE('',#1922,#2120,#287,.T.);
#1837=EDGE_CURVE('',#1940,#2124,#288,.T.);
#1838=EDGE_CURVE('',#2145,#1932,#289,.T.);
#1839=EDGE_CURVE('',#2146,#2145,#27,.T.);
#1840=EDGE_CURVE('',#2148,#2146,#28,.T.);
#1841=EDGE_CURVE('',#1990,#2148,#290,.T.);
#1842=EDGE_CURVE('',#2147,#2149,#29,.T.);
#1843=EDGE_CURVE('',#2149,#1984,#291,.T.);
#1844=EDGE_CURVE('',#1964,#2149,#292,.T.);
#1845=EDGE_CURVE('',#2150,#1972,#293,.T.);
#1846=EDGE_CURVE('',#2118,#2150,#30,.T.);
#1847=EDGE_CURVE('',#1920,#2119,#294,.T.);
#1848=EDGE_CURVE('',#2122,#1926,#295,.T.);
#1849=EDGE_CURVE('',#2151,#2123,#31,.T.);
#1850=EDGE_CURVE('',#1938,#2151,#296,.T.);
#1851=EDGE_CURVE('',#2148,#1930,#297,.T.);
#1852=EDGE_CURVE('',#2152,#2148,#2393,.F.);
#1853=EDGE_CURVE('',#1988,#2152,#298,.T.);
#1854=EDGE_CURVE('',#2149,#2153,#2394,.F.);
#1855=EDGE_CURVE('',#2153,#1986,#299,.T.);
#1856=EDGE_CURVE('',#1976,#2153,#300,.T.);
#1857=EDGE_CURVE('',#2154,#1974,#301,.T.);
#1858=EDGE_CURVE('',#2150,#2154,#2395,.F.);
#1859=EDGE_CURVE('',#1918,#2150,#302,.T.);
#1860=EDGE_CURVE('',#2151,#1928,#303,.T.);
#1861=EDGE_CURVE('',#2155,#2151,#2396,.F.);
#1862=EDGE_CURVE('',#1936,#2155,#304,.T.);
#1863=EDGE_CURVE('',#2152,#1934,#305,.T.);
#1864=EDGE_CURVE('',#2153,#2156,#32,.T.);
#1865=EDGE_CURVE('',#2156,#2152,#33,.T.);
#1866=EDGE_CURVE('',#2154,#2156,#34,.T.);
#1867=EDGE_CURVE('',#1914,#2154,#306,.T.);
#1868=EDGE_CURVE('',#2155,#1916,#307,.T.);
#1869=EDGE_CURVE('',#2156,#2155,#35,.T.);
#1870=VERTEX_POINT('',#4914);
#1871=VERTEX_POINT('',#4915);
#1872=VERTEX_POINT('',#4917);
#1873=VERTEX_POINT('',#4919);
#1874=VERTEX_POINT('',#4923);
#1875=VERTEX_POINT('',#4924);
#1876=VERTEX_POINT('',#4926);
#1877=VERTEX_POINT('',#4928);
#1878=VERTEX_POINT('',#4932);
#1879=VERTEX_POINT('',#4933);
#1880=VERTEX_POINT('',#4935);
#1881=VERTEX_POINT('',#4937);
#1882=VERTEX_POINT('',#4941);
#1883=VERTEX_POINT('',#4942);
#1884=VERTEX_POINT('',#4944);
#1885=VERTEX_POINT('',#4946);
#1886=VERTEX_POINT('',#4950);
#1887=VERTEX_POINT('',#4951);
#1888=VERTEX_POINT('',#4956);
#1889=VERTEX_POINT('',#4957);
#1890=VERTEX_POINT('',#4962);
#1891=VERTEX_POINT('',#4963);
#1892=VERTEX_POINT('',#4965);
#1893=VERTEX_POINT('',#4967);
#1894=VERTEX_POINT('',#4971);
#1895=VERTEX_POINT('',#4972);
#1896=VERTEX_POINT('',#4977);
#1897=VERTEX_POINT('',#4978);
#1898=VERTEX_POINT('',#4983);
#1899=VERTEX_POINT('',#4984);
#1900=VERTEX_POINT('',#4986);
#1901=VERTEX_POINT('',#4988);
#1902=VERTEX_POINT('',#4992);
#1903=VERTEX_POINT('',#4993);
#1904=VERTEX_POINT('',#4998);
#1905=VERTEX_POINT('',#4999);
#1906=VERTEX_POINT('',#5004);
#1907=VERTEX_POINT('',#5005);
#1908=VERTEX_POINT('',#5010);
#1909=VERTEX_POINT('',#5011);
#1910=VERTEX_POINT('',#5016);
#1911=VERTEX_POINT('',#5017);
#1912=VERTEX_POINT('',#5022);
#1913=VERTEX_POINT('',#5023);
#1914=VERTEX_POINT('',#5028);
#1915=VERTEX_POINT('',#5029);
#1916=VERTEX_POINT('',#5031);
#1917=VERTEX_POINT('',#5033);
#1918=VERTEX_POINT('',#5037);
#1919=VERTEX_POINT('',#5038);
#1920=VERTEX_POINT('',#5043);
#1921=VERTEX_POINT('',#5044);
#1922=VERTEX_POINT('',#5049);
#1923=VERTEX_POINT('',#5050);
#1924=VERTEX_POINT('',#5055);
#1925=VERTEX_POINT('',#5056);
#1926=VERTEX_POINT('',#5061);
#1927=VERTEX_POINT('',#5062);
#1928=VERTEX_POINT('',#5067);
#1929=VERTEX_POINT('',#5068);
#1930=VERTEX_POINT('',#5073);
#1931=VERTEX_POINT('',#5074);
#1932=VERTEX_POINT('',#5076);
#1933=VERTEX_POINT('',#5078);
#1934=VERTEX_POINT('',#5082);
#1935=VERTEX_POINT('',#5083);
#1936=VERTEX_POINT('',#5088);
#1937=VERTEX_POINT('',#5089);
#1938=VERTEX_POINT('',#5094);
#1939=VERTEX_POINT('',#5095);
#1940=VERTEX_POINT('',#5100);
#1941=VERTEX_POINT('',#5101);
#1942=VERTEX_POINT('',#5106);
#1943=VERTEX_POINT('',#5107);
#1944=VERTEX_POINT('',#5112);
#1945=VERTEX_POINT('',#5113);
#1946=VERTEX_POINT('',#5118);
#1947=VERTEX_POINT('',#5119);
#1948=VERTEX_POINT('',#5121);
#1949=VERTEX_POINT('',#5123);
#1950=VERTEX_POINT('',#5127);
#1951=VERTEX_POINT('',#5128);
#1952=VERTEX_POINT('',#5133);
#1953=VERTEX_POINT('',#5134);
#1954=VERTEX_POINT('',#5139);
#1955=VERTEX_POINT('',#5140);
#1956=VERTEX_POINT('',#5145);
#1957=VERTEX_POINT('',#5146);
#1958=VERTEX_POINT('',#5151);
#1959=VERTEX_POINT('',#5152);
#1960=VERTEX_POINT('',#5157);
#1961=VERTEX_POINT('',#5158);
#1962=VERTEX_POINT('',#5163);
#1963=VERTEX_POINT('',#5164);
#1964=VERTEX_POINT('',#5166);
#1965=VERTEX_POINT('',#5168);
#1966=VERTEX_POINT('',#5172);
#1967=VERTEX_POINT('',#5173);
#1968=VERTEX_POINT('',#5178);
#1969=VERTEX_POINT('',#5179);
#1970=VERTEX_POINT('',#5184);
#1971=VERTEX_POINT('',#5185);
#1972=VERTEX_POINT('',#5190);
#1973=VERTEX_POINT('',#5191);
#1974=VERTEX_POINT('',#5196);
#1975=VERTEX_POINT('',#5197);
#1976=VERTEX_POINT('',#5202);
#1977=VERTEX_POINT('',#5203);
#1978=VERTEX_POINT('',#5208);
#1979=VERTEX_POINT('',#5209);
#1980=VERTEX_POINT('',#5211);
#1981=VERTEX_POINT('',#5213);
#1982=VERTEX_POINT('',#5217);
#1983=VERTEX_POINT('',#5218);
#1984=VERTEX_POINT('',#5223);
#1985=VERTEX_POINT('',#5224);
#1986=VERTEX_POINT('',#5229);
#1987=VERTEX_POINT('',#5230);
#1988=VERTEX_POINT('',#5235);
#1989=VERTEX_POINT('',#5236);
#1990=VERTEX_POINT('',#5241);
#1991=VERTEX_POINT('',#5242);
#1992=VERTEX_POINT('',#5247);
#1993=VERTEX_POINT('',#5248);
#1994=VERTEX_POINT('',#5253);
#1995=VERTEX_POINT('',#5254);
#1996=VERTEX_POINT('',#5256);
#1997=VERTEX_POINT('',#5258);
#1998=VERTEX_POINT('',#5262);
#1999=VERTEX_POINT('',#5263);
#2000=VERTEX_POINT('',#5268);
#2001=VERTEX_POINT('',#5269);
#2002=VERTEX_POINT('',#5274);
#2003=VERTEX_POINT('',#5275);
#2004=VERTEX_POINT('',#5280);
#2005=VERTEX_POINT('',#5281);
#2006=VERTEX_POINT('',#5286);
#2007=VERTEX_POINT('',#5287);
#2008=VERTEX_POINT('',#5292);
#2009=VERTEX_POINT('',#5293);
#2010=VERTEX_POINT('',#5298);
#2011=VERTEX_POINT('',#5299);
#2012=VERTEX_POINT('',#5301);
#2013=VERTEX_POINT('',#5303);
#2014=VERTEX_POINT('',#5307);
#2015=VERTEX_POINT('',#5308);
#2016=VERTEX_POINT('',#5313);
#2017=VERTEX_POINT('',#5314);
#2018=VERTEX_POINT('',#5319);
#2019=VERTEX_POINT('',#5320);
#2020=VERTEX_POINT('',#5325);
#2021=VERTEX_POINT('',#5326);
#2022=VERTEX_POINT('',#5331);
#2023=VERTEX_POINT('',#5332);
#2024=VERTEX_POINT('',#5337);
#2025=VERTEX_POINT('',#5338);
#2026=VERTEX_POINT('',#5343);
#2027=VERTEX_POINT('',#5344);
#2028=VERTEX_POINT('',#5346);
#2029=VERTEX_POINT('',#5348);
#2030=VERTEX_POINT('',#5352);
#2031=VERTEX_POINT('',#5353);
#2032=VERTEX_POINT('',#5358);
#2033=VERTEX_POINT('',#5359);
#2034=VERTEX_POINT('',#5364);
#2035=VERTEX_POINT('',#5365);
#2036=VERTEX_POINT('',#5370);
#2037=VERTEX_POINT('',#5371);
#2038=VERTEX_POINT('',#5376);
#2039=VERTEX_POINT('',#5377);
#2040=VERTEX_POINT('',#5382);
#2041=VERTEX_POINT('',#5383);
#2042=VERTEX_POINT('',#5388);
#2043=VERTEX_POINT('',#5389);
#2044=VERTEX_POINT('',#5391);
#2045=VERTEX_POINT('',#5393);
#2046=VERTEX_POINT('',#5397);
#2047=VERTEX_POINT('',#5398);
#2048=VERTEX_POINT('',#5403);
#2049=VERTEX_POINT('',#5404);
#2050=VERTEX_POINT('',#5409);
#2051=VERTEX_POINT('',#5410);
#2052=VERTEX_POINT('',#5415);
#2053=VERTEX_POINT('',#5416);
#2054=VERTEX_POINT('',#5421);
#2055=VERTEX_POINT('',#5422);
#2056=VERTEX_POINT('',#5427);
#2057=VERTEX_POINT('',#5428);
#2058=VERTEX_POINT('',#5436);
#2059=VERTEX_POINT('',#5438);
#2060=VERTEX_POINT('',#5441);
#2061=VERTEX_POINT('',#5443);
#2062=VERTEX_POINT('',#5446);
#2063=VERTEX_POINT('',#5448);
#2064=VERTEX_POINT('',#5451);
#2065=VERTEX_POINT('',#5453);
#2066=VERTEX_POINT('',#5456);
#2067=VERTEX_POINT('',#5458);
#2068=VERTEX_POINT('',#5494);
#2069=VERTEX_POINT('',#5495);
#2070=VERTEX_POINT('',#5497);
#2071=VERTEX_POINT('',#5499);
#2072=VERTEX_POINT('',#5503);
#2073=VERTEX_POINT('',#5504);
#2074=VERTEX_POINT('',#5506);
#2075=VERTEX_POINT('',#5508);
#2076=VERTEX_POINT('',#5511);
#2077=VERTEX_POINT('',#5512);
#2078=VERTEX_POINT('',#5514);
#2079=VERTEX_POINT('',#5516);
#2080=VERTEX_POINT('',#5519);
#2081=VERTEX_POINT('',#5521);
#2082=VERTEX_POINT('',#5523);
#2083=VERTEX_POINT('',#5525);
#2084=VERTEX_POINT('',#5527);
#2085=VERTEX_POINT('',#5528);
#2086=VERTEX_POINT('',#5530);
#2087=VERTEX_POINT('',#5532);
#2088=VERTEX_POINT('',#5535);
#2089=VERTEX_POINT('',#5537);
#2090=VERTEX_POINT('',#5538);
#2091=VERTEX_POINT('',#5540);
#2092=VERTEX_POINT('',#5542);
#2093=VERTEX_POINT('',#5544);
#2094=VERTEX_POINT('',#5546);
#2095=VERTEX_POINT('',#5548);
#2096=VERTEX_POINT('',#5550);
#2097=VERTEX_POINT('',#5553);
#2098=VERTEX_POINT('',#5554);
#2099=VERTEX_POINT('',#5556);
#2100=VERTEX_POINT('',#5558);
#2101=VERTEX_POINT('',#5560);
#2102=VERTEX_POINT('',#5562);
#2103=VERTEX_POINT('',#5564);
#2104=VERTEX_POINT('',#5566);
#2105=VERTEX_POINT('',#5568);
#2106=VERTEX_POINT('',#5570);
#2107=VERTEX_POINT('',#5572);
#2108=VERTEX_POINT('',#5574);
#2109=VERTEX_POINT('',#5576);
#2110=VERTEX_POINT('',#5578);
#2111=VERTEX_POINT('',#5580);
#2112=VERTEX_POINT('',#5582);
#2113=VERTEX_POINT('',#5584);
#2114=VERTEX_POINT('',#5586);
#2115=VERTEX_POINT('',#5588);
#2116=VERTEX_POINT('',#5590);
#2117=VERTEX_POINT('',#5592);
#2118=VERTEX_POINT('',#5594);
#2119=VERTEX_POINT('',#5596);
#2120=VERTEX_POINT('',#5598);
#2121=VERTEX_POINT('',#5600);
#2122=VERTEX_POINT('',#5602);
#2123=VERTEX_POINT('',#5604);
#2124=VERTEX_POINT('',#5606);
#2125=VERTEX_POINT('',#5608);
#2126=VERTEX_POINT('',#5610);
#2127=VERTEX_POINT('',#5612);
#2128=VERTEX_POINT('',#5614);
#2129=VERTEX_POINT('',#5695);
#2130=VERTEX_POINT('',#5699);
#2131=VERTEX_POINT('',#5710);
#2132=VERTEX_POINT('',#5714);
#2133=VERTEX_POINT('',#5734);
#2134=VERTEX_POINT('',#5757);
#2135=VERTEX_POINT('',#5761);
#2136=VERTEX_POINT('',#5771);
#2137=VERTEX_POINT('',#5780);
#2138=VERTEX_POINT('',#5786);
#2139=VERTEX_POINT('',#5798);
#2140=VERTEX_POINT('',#5804);
#2141=VERTEX_POINT('',#5808);
#2142=VERTEX_POINT('',#5815);
#2143=VERTEX_POINT('',#5819);
#2144=VERTEX_POINT('',#5825);
#2145=VERTEX_POINT('',#5835);
#2146=VERTEX_POINT('',#5844);
#2147=VERTEX_POINT('',#5858);
#2148=VERTEX_POINT('',#5889);
#2149=VERTEX_POINT('',#5896);
#2150=VERTEX_POINT('',#5902);
#2151=VERTEX_POINT('',#5918);
#2152=VERTEX_POINT('',#5924);
#2153=VERTEX_POINT('',#5928);
#2154=VERTEX_POINT('',#5934);
#2155=VERTEX_POINT('',#5942);
#2156=VERTEX_POINT('',#5951);
#2157=LINE('',#4913,#2397);
#2158=LINE('',#4916,#2398);
#2159=LINE('',#4918,#2399);
#2160=LINE('',#4920,#2400);
#2161=LINE('',#4922,#2401);
#2162=LINE('',#4925,#2402);
#2163=LINE('',#4927,#2403);
#2164=LINE('',#4929,#2404);
#2165=LINE('',#4931,#2405);
#2166=LINE('',#4934,#2406);
#2167=LINE('',#4936,#2407);
#2168=LINE('',#4938,#2408);
#2169=LINE('',#4940,#2409);
#2170=LINE('',#4943,#2410);
#2171=LINE('',#4945,#2411);
#2172=LINE('',#4947,#2412);
#2173=LINE('',#4949,#2413);
#2174=LINE('',#4952,#2414);
#2175=LINE('',#4953,#2415);
#2176=LINE('',#4955,#2416);
#2177=LINE('',#4958,#2417);
#2178=LINE('',#4959,#2418);
#2179=LINE('',#4961,#2419);
#2180=LINE('',#4964,#2420);
#2181=LINE('',#4966,#2421);
#2182=LINE('',#4968,#2422);
#2183=LINE('',#4970,#2423);
#2184=LINE('',#4973,#2424);
#2185=LINE('',#4974,#2425);
#2186=LINE('',#4976,#2426);
#2187=LINE('',#4979,#2427);
#2188=LINE('',#4980,#2428);
#2189=LINE('',#4982,#2429);
#2190=LINE('',#4985,#2430);
#2191=LINE('',#4987,#2431);
#2192=LINE('',#4989,#2432);
#2193=LINE('',#4991,#2433);
#2194=LINE('',#4997,#2434);
#2195=LINE('',#5000,#2435);
#2196=LINE('',#5001,#2436);
#2197=LINE('',#5003,#2437);
#2198=LINE('',#5009,#2438);
#2199=LINE('',#5012,#2439);
#2200=LINE('',#5013,#2440);
#2201=LINE('',#5015,#2441);
#2202=LINE('',#5021,#2442);
#2203=LINE('',#5024,#2443);
#2204=LINE('',#5025,#2444);
#2205=LINE('',#5027,#2445);
#2206=LINE('',#5032,#2446);
#2207=LINE('',#5036,#2447);
#2208=LINE('',#5039,#2448);
#2209=LINE('',#5040,#2449);
#2210=LINE('',#5042,#2450);
#2211=LINE('',#5048,#2451);
#2212=LINE('',#5051,#2452);
#2213=LINE('',#5052,#2453);
#2214=LINE('',#5054,#2454);
#2215=LINE('',#5060,#2455);
#2216=LINE('',#5063,#2456);
#2217=LINE('',#5064,#2457);
#2218=LINE('',#5066,#2458);
#2219=LINE('',#5072,#2459);
#2220=LINE('',#5077,#2460);
#2221=LINE('',#5081,#2461);
#2222=LINE('',#5084,#2462);
#2223=LINE('',#5085,#2463);
#2224=LINE('',#5087,#2464);
#2225=LINE('',#5093,#2465);
#2226=LINE('',#5096,#2466);
#2227=LINE('',#5097,#2467);
#2228=LINE('',#5099,#2468);
#2229=LINE('',#5105,#2469);
#2230=LINE('',#5108,#2470);
#2231=LINE('',#5109,#2471);
#2232=LINE('',#5111,#2472);
#2233=LINE('',#5117,#2473);
#2234=LINE('',#5122,#2474);
#2235=LINE('',#5126,#2475);
#2236=LINE('',#5129,#2476);
#2237=LINE('',#5130,#2477);
#2238=LINE('',#5132,#2478);
#2239=LINE('',#5138,#2479);
#2240=LINE('',#5141,#2480);
#2241=LINE('',#5142,#2481);
#2242=LINE('',#5144,#2482);
#2243=LINE('',#5150,#2483);
#2244=LINE('',#5153,#2484);
#2245=LINE('',#5154,#2485);
#2246=LINE('',#5156,#2486);
#2247=LINE('',#5162,#2487);
#2248=LINE('',#5167,#2488);
#2249=LINE('',#5171,#2489);
#2250=LINE('',#5174,#2490);
#2251=LINE('',#5175,#2491);
#2252=LINE('',#5177,#2492);
#2253=LINE('',#5183,#2493);
#2254=LINE('',#5186,#2494);
#2255=LINE('',#5187,#2495);
#2256=LINE('',#5189,#2496);
#2257=LINE('',#5195,#2497);
#2258=LINE('',#5198,#2498);
#2259=LINE('',#5199,#2499);
#2260=LINE('',#5201,#2500);
#2261=LINE('',#5207,#2501);
#2262=LINE('',#5212,#2502);
#2263=LINE('',#5216,#2503);
#2264=LINE('',#5219,#2504);
#2265=LINE('',#5220,#2505);
#2266=LINE('',#5222,#2506);
#2267=LINE('',#5228,#2507);
#2268=LINE('',#5231,#2508);
#2269=LINE('',#5232,#2509);
#2270=LINE('',#5234,#2510);
#2271=LINE('',#5240,#2511);
#2272=LINE('',#5243,#2512);
#2273=LINE('',#5244,#2513);
#2274=LINE('',#5246,#2514);
#2275=LINE('',#5252,#2515);
#2276=LINE('',#5257,#2516);
#2277=LINE('',#5261,#2517);
#2278=LINE('',#5264,#2518);
#2279=LINE('',#5265,#2519);
#2280=LINE('',#5267,#2520);
#2281=LINE('',#5273,#2521);
#2282=LINE('',#5276,#2522);
#2283=LINE('',#5277,#2523);
#2284=LINE('',#5279,#2524);
#2285=LINE('',#5285,#2525);
#2286=LINE('',#5288,#2526);
#2287=LINE('',#5289,#2527);
#2288=LINE('',#5291,#2528);
#2289=LINE('',#5297,#2529);
#2290=LINE('',#5302,#2530);
#2291=LINE('',#5306,#2531);
#2292=LINE('',#5309,#2532);
#2293=LINE('',#5310,#2533);
#2294=LINE('',#5312,#2534);
#2295=LINE('',#5318,#2535);
#2296=LINE('',#5321,#2536);
#2297=LINE('',#5322,#2537);
#2298=LINE('',#5324,#2538);
#2299=LINE('',#5330,#2539);
#2300=LINE('',#5333,#2540);
#2301=LINE('',#5334,#2541);
#2302=LINE('',#5336,#2542);
#2303=LINE('',#5342,#2543);
#2304=LINE('',#5347,#2544);
#2305=LINE('',#5351,#2545);
#2306=LINE('',#5354,#2546);
#2307=LINE('',#5355,#2547);
#2308=LINE('',#5357,#2548);
#2309=LINE('',#5363,#2549);
#2310=LINE('',#5366,#2550);
#2311=LINE('',#5367,#2551);
#2312=LINE('',#5369,#2552);
#2313=LINE('',#5375,#2553);
#2314=LINE('',#5378,#2554);
#2315=LINE('',#5379,#2555);
#2316=LINE('',#5381,#2556);
#2317=LINE('',#5387,#2557);
#2318=LINE('',#5392,#2558);
#2319=LINE('',#5396,#2559);
#2320=LINE('',#5399,#2560);
#2321=LINE('',#5400,#2561);
#2322=LINE('',#5402,#2562);
#2323=LINE('',#5408,#2563);
#2324=LINE('',#5411,#2564);
#2325=LINE('',#5412,#2565);
#2326=LINE('',#5414,#2566);
#2327=LINE('',#5420,#2567);
#2328=LINE('',#5423,#2568);
#2329=LINE('',#5424,#2569);
#2330=LINE('',#5426,#2570);
#2331=LINE('',#5432,#2571);
#2332=LINE('',#5433,#2572);
#2333=LINE('',#5460,#2573);
#2334=LINE('',#5461,#2574);
#2335=LINE('',#5466,#2575);
#2336=LINE('',#5467,#2576);
#2337=LINE('',#5469,#2577);
#2338=LINE('',#5470,#2578);
#2339=LINE('',#5472,#2579);
#2340=LINE('',#5473,#2580);
#2341=LINE('',#5475,#2581);
#2342=LINE('',#5476,#2582);
#2343=LINE('',#5478,#2583);
#2344=LINE('',#5479,#2584);
#2345=LINE('',#5481,#2585);
#2346=LINE('',#5482,#2586);
#2347=LINE('',#5484,#2587);
#2348=LINE('',#5485,#2588);
#2349=LINE('',#5487,#2589);
#2350=LINE('',#5488,#2590);
#2351=LINE('',#5490,#2591);
#2352=LINE('',#5491,#2592);
#2353=LINE('',#5493,#2593);
#2354=LINE('',#5496,#2594);
#2355=LINE('',#5498,#2595);
#2356=LINE('',#5500,#2596);
#2357=LINE('',#5502,#2597);
#2358=LINE('',#5505,#2598);
#2359=LINE('',#5507,#2599);
#2360=LINE('',#5509,#2600);
#2361=LINE('',#5510,#2601);
#2362=LINE('',#5513,#2602);
#2363=LINE('',#5515,#2603);
#2364=LINE('',#5517,#2604);
#2365=LINE('',#5526,#2605);
#2366=LINE('',#5529,#2606);
#2367=LINE('',#5531,#2607);
#2368=LINE('',#5533,#2608);
#2369=LINE('',#5539,#2609);
#2370=LINE('',#5543,#2610);
#2371=LINE('',#5547,#2611);
#2372=LINE('',#5551,#2612);
#2373=LINE('',#5552,#2613);
#2374=LINE('',#5559,#2614);
#2375=LINE('',#5565,#2615);
#2376=LINE('',#5569,#2616);
#2377=LINE('',#5575,#2617);
#2378=LINE('',#5581,#2618);
#2379=LINE('',#5585,#2619);
#2380=LINE('',#5591,#2620);
#2381=LINE('',#5597,#2621);
#2382=LINE('',#5601,#2622);
#2383=LINE('',#5607,#2623);
#2384=LINE('',#5613,#2624);
#2385=LINE('',#5709,#2625);
#2386=LINE('',#5715,#2626);
#2387=LINE('',#5803,#2627);
#2388=LINE('',#5809,#2628);
#2389=LINE('',#5814,#2629);
#2390=LINE('',#5818,#2630);
#2391=LINE('',#5826,#2631);
#2392=LINE('',#5834,#2632);
#2393=LINE('',#5923,#2633);
#2394=LINE('',#5927,#2634);
#2395=LINE('',#5935,#2635);
#2396=LINE('',#5941,#2636);
#2397=VECTOR('',#3819,1.);
#2398=VECTOR('',#3820,1.);
#2399=VECTOR('',#3821,1.);
#2400=VECTOR('',#3822,1.);
#2401=VECTOR('',#3825,1.);
#2402=VECTOR('',#3826,1.);
#2403=VECTOR('',#3827,1.);
#2404=VECTOR('',#3828,1.);
#2405=VECTOR('',#3831,1.);
#2406=VECTOR('',#3832,1.);
#2407=VECTOR('',#3833,1.);
#2408=VECTOR('',#3834,1.);
#2409=VECTOR('',#3837,1.);
#2410=VECTOR('',#3838,1.);
#2411=VECTOR('',#3839,1.);
#2412=VECTOR('',#3840,1.);
#2413=VECTOR('',#3843,1.);
#2414=VECTOR('',#3844,1.);
#2415=VECTOR('',#3845,1.);
#2416=VECTOR('',#3848,1.);
#2417=VECTOR('',#3849,1.);
#2418=VECTOR('',#3850,1.);
#2419=VECTOR('',#3853,1.);
#2420=VECTOR('',#3854,1.);
#2421=VECTOR('',#3855,1.);
#2422=VECTOR('',#3856,1.);
#2423=VECTOR('',#3859,1.);
#2424=VECTOR('',#3860,1.);
#2425=VECTOR('',#3861,1.);
#2426=VECTOR('',#3864,1.);
#2427=VECTOR('',#3865,1.);
#2428=VECTOR('',#3866,1.);
#2429=VECTOR('',#3869,1.);
#2430=VECTOR('',#3870,1.);
#2431=VECTOR('',#3871,1.);
#2432=VECTOR('',#3872,1.);
#2433=VECTOR('',#3875,1.);
#2434=VECTOR('',#3882,1.);
#2435=VECTOR('',#3883,1.);
#2436=VECTOR('',#3884,1.);
#2437=VECTOR('',#3887,1.);
#2438=VECTOR('',#3894,1.);
#2439=VECTOR('',#3895,1.);
#2440=VECTOR('',#3896,1.);
#2441=VECTOR('',#3899,1.);
#2442=VECTOR('',#3906,1.);
#2443=VECTOR('',#3907,1.);
#2444=VECTOR('',#3908,1.);
#2445=VECTOR('',#3911,1.);
#2446=VECTOR('',#3914,1.);
#2447=VECTOR('',#3919,1.);
#2448=VECTOR('',#3920,1.);
#2449=VECTOR('',#3921,1.);
#2450=VECTOR('',#3924,1.);
#2451=VECTOR('',#3931,1.);
#2452=VECTOR('',#3932,1.);
#2453=VECTOR('',#3933,1.);
#2454=VECTOR('',#3936,1.);
#2455=VECTOR('',#3943,1.);
#2456=VECTOR('',#3944,1.);
#2457=VECTOR('',#3945,1.);
#2458=VECTOR('',#3948,1.);
#2459=VECTOR('',#3955,1.);
#2460=VECTOR('',#3958,1.);
#2461=VECTOR('',#3963,1.);
#2462=VECTOR('',#3964,1.);
#2463=VECTOR('',#3965,1.);
#2464=VECTOR('',#3968,1.);
#2465=VECTOR('',#3975,1.);
#2466=VECTOR('',#3976,1.);
#2467=VECTOR('',#3977,1.);
#2468=VECTOR('',#3980,1.);
#2469=VECTOR('',#3987,1.);
#2470=VECTOR('',#3988,1.);
#2471=VECTOR('',#3989,1.);
#2472=VECTOR('',#3992,1.);
#2473=VECTOR('',#3999,1.);
#2474=VECTOR('',#4002,1.);
#2475=VECTOR('',#4007,1.);
#2476=VECTOR('',#4008,1.);
#2477=VECTOR('',#4009,1.);
#2478=VECTOR('',#4012,1.);
#2479=VECTOR('',#4019,1.);
#2480=VECTOR('',#4020,1.);
#2481=VECTOR('',#4021,1.);
#2482=VECTOR('',#4024,1.);
#2483=VECTOR('',#4031,1.);
#2484=VECTOR('',#4032,1.);
#2485=VECTOR('',#4033,1.);
#2486=VECTOR('',#4036,1.);
#2487=VECTOR('',#4043,1.);
#2488=VECTOR('',#4046,1.);
#2489=VECTOR('',#4051,1.);
#2490=VECTOR('',#4052,1.);
#2491=VECTOR('',#4053,1.);
#2492=VECTOR('',#4056,1.);
#2493=VECTOR('',#4063,1.);
#2494=VECTOR('',#4064,1.);
#2495=VECTOR('',#4065,1.);
#2496=VECTOR('',#4068,1.);
#2497=VECTOR('',#4075,1.);
#2498=VECTOR('',#4076,1.);
#2499=VECTOR('',#4077,1.);
#2500=VECTOR('',#4080,1.);
#2501=VECTOR('',#4087,1.);
#2502=VECTOR('',#4090,1.);
#2503=VECTOR('',#4095,1.);
#2504=VECTOR('',#4096,1.);
#2505=VECTOR('',#4097,1.);
#2506=VECTOR('',#4100,1.);
#2507=VECTOR('',#4107,1.);
#2508=VECTOR('',#4108,1.);
#2509=VECTOR('',#4109,1.);
#2510=VECTOR('',#4112,1.);
#2511=VECTOR('',#4119,1.);
#2512=VECTOR('',#4120,1.);
#2513=VECTOR('',#4121,1.);
#2514=VECTOR('',#4124,1.);
#2515=VECTOR('',#4131,1.);
#2516=VECTOR('',#4134,1.);
#2517=VECTOR('',#4139,1.);
#2518=VECTOR('',#4140,1.);
#2519=VECTOR('',#4141,1.);
#2520=VECTOR('',#4144,1.);
#2521=VECTOR('',#4151,1.);
#2522=VECTOR('',#4152,1.);
#2523=VECTOR('',#4153,1.);
#2524=VECTOR('',#4156,1.);
#2525=VECTOR('',#4163,1.);
#2526=VECTOR('',#4164,1.);
#2527=VECTOR('',#4165,1.);
#2528=VECTOR('',#4168,1.);
#2529=VECTOR('',#4175,1.);
#2530=VECTOR('',#4178,1.);
#2531=VECTOR('',#4183,1.);
#2532=VECTOR('',#4184,1.);
#2533=VECTOR('',#4185,1.);
#2534=VECTOR('',#4188,1.);
#2535=VECTOR('',#4195,1.);
#2536=VECTOR('',#4196,1.);
#2537=VECTOR('',#4197,1.);
#2538=VECTOR('',#4200,1.);
#2539=VECTOR('',#4207,1.);
#2540=VECTOR('',#4208,1.);
#2541=VECTOR('',#4209,1.);
#2542=VECTOR('',#4212,1.);
#2543=VECTOR('',#4219,1.);
#2544=VECTOR('',#4222,1.);
#2545=VECTOR('',#4227,1.);
#2546=VECTOR('',#4228,1.);
#2547=VECTOR('',#4229,1.);
#2548=VECTOR('',#4232,1.);
#2549=VECTOR('',#4239,1.);
#2550=VECTOR('',#4240,1.);
#2551=VECTOR('',#4241,1.);
#2552=VECTOR('',#4244,1.);
#2553=VECTOR('',#4251,1.);
#2554=VECTOR('',#4252,1.);
#2555=VECTOR('',#4253,1.);
#2556=VECTOR('',#4256,1.);
#2557=VECTOR('',#4263,1.);
#2558=VECTOR('',#4266,1.);
#2559=VECTOR('',#4271,1.);
#2560=VECTOR('',#4272,1.);
#2561=VECTOR('',#4273,1.);
#2562=VECTOR('',#4276,1.);
#2563=VECTOR('',#4283,1.);
#2564=VECTOR('',#4284,1.);
#2565=VECTOR('',#4285,1.);
#2566=VECTOR('',#4288,1.);
#2567=VECTOR('',#4295,1.);
#2568=VECTOR('',#4296,1.);
#2569=VECTOR('',#4297,1.);
#2570=VECTOR('',#4300,1.);
#2571=VECTOR('',#4307,1.);
#2572=VECTOR('',#4308,1.);
#2573=VECTOR('',#4341,1.);
#2574=VECTOR('',#4342,1.);
#2575=VECTOR('',#4351,1.);
#2576=VECTOR('',#4352,1.);
#2577=VECTOR('',#4355,1.);
#2578=VECTOR('',#4356,1.);
#2579=VECTOR('',#4359,1.);
#2580=VECTOR('',#4360,1.);
#2581=VECTOR('',#4363,1.);
#2582=VECTOR('',#4364,1.);
#2583=VECTOR('',#4367,1.);
#2584=VECTOR('',#4368,1.);
#2585=VECTOR('',#4371,1.);
#2586=VECTOR('',#4372,1.);
#2587=VECTOR('',#4375,1.);
#2588=VECTOR('',#4376,1.);
#2589=VECTOR('',#4379,1.);
#2590=VECTOR('',#4380,1.);
#2591=VECTOR('',#4383,1.);
#2592=VECTOR('',#4384,1.);
#2593=VECTOR('',#4387,1.);
#2594=VECTOR('',#4388,1.);
#2595=VECTOR('',#4389,1.);
#2596=VECTOR('',#4390,1.);
#2597=VECTOR('',#4393,1.);
#2598=VECTOR('',#4394,1.);
#2599=VECTOR('',#4395,1.);
#2600=VECTOR('',#4396,1.);
#2601=VECTOR('',#4397,1.);
#2602=VECTOR('',#4398,1.);
#2603=VECTOR('',#4399,1.);
#2604=VECTOR('',#4400,1.);
#2605=VECTOR('',#4409,1.);
#2606=VECTOR('',#4410,1.);
#2607=VECTOR('',#4411,1.);
#2608=VECTOR('',#4412,1.);
#2609=VECTOR('',#4417,1.);
#2610=VECTOR('',#4420,1.);
#2611=VECTOR('',#4423,1.);
#2612=VECTOR('',#4426,1.);
#2613=VECTOR('',#4427,1.);
#2614=VECTOR('',#4432,1.);
#2615=VECTOR('',#4437,1.);
#2616=VECTOR('',#4440,1.);
#2617=VECTOR('',#4445,1.);
#2618=VECTOR('',#4450,1.);
#2619=VECTOR('',#4453,1.);
#2620=VECTOR('',#4458,1.);
#2621=VECTOR('',#4463,1.);
#2622=VECTOR('',#4466,1.);
#2623=VECTOR('',#4471,1.);
#2624=VECTOR('',#4476,1.);
#2625=VECTOR('',#4641,1.);
#2626=VECTOR('',#4648,1.);
#2627=VECTOR('',#4735,1.);
#2628=VECTOR('',#4742,1.);
#2629=VECTOR('',#4751,1.);
#2630=VECTOR('',#4756,1.);
#2631=VECTOR('',#4767,1.);
#2632=VECTOR('',#4782,1.);
#2633=VECTOR('',#4861,1.);
#2634=VECTOR('',#4866,1.);
#2635=VECTOR('',#4877,1.);
#2636=VECTOR('',#4888,1.);
#2637=EDGE_LOOP('',(#409,#410,#411,#412));
#2638=EDGE_LOOP('',(#413,#414,#415,#416));
#2639=EDGE_LOOP('',(#417,#418,#419,#420));
#2640=EDGE_LOOP('',(#421,#422,#423,#424));
#2641=EDGE_LOOP('',(#425,#426,#427,#428));
#2642=EDGE_LOOP('',(#429,#430,#431,#432));
#2643=EDGE_LOOP('',(#433,#434,#435,#436));
#2644=EDGE_LOOP('',(#437,#438,#439,#440));
#2645=EDGE_LOOP('',(#441,#442,#443,#444));
#2646=EDGE_LOOP('',(#445,#446,#447,#448));
#2647=EDGE_LOOP('',(#449,#450,#451,#452));
#2648=EDGE_LOOP('',(#453,#454,#455,#456));
#2649=EDGE_LOOP('',(#457,#458,#459,#460));
#2650=EDGE_LOOP('',(#461,#462,#463,#464));
#2651=EDGE_LOOP('',(#465,#466,#467,#468));
#2652=EDGE_LOOP('',(#469,#470,#471,#472));
#2653=EDGE_LOOP('',(#473,#474,#475,#476));
#2654=EDGE_LOOP('',(#477,#478,#479,#480));
#2655=EDGE_LOOP('',(#481,#482,#483,#484));
#2656=EDGE_LOOP('',(#485,#486,#487,#488));
#2657=EDGE_LOOP('',(#489,#490,#491,#492));
#2658=EDGE_LOOP('',(#493,#494,#495,#496));
#2659=EDGE_LOOP('',(#497,#498,#499,#500));
#2660=EDGE_LOOP('',(#501,#502,#503,#504));
#2661=EDGE_LOOP('',(#505,#506,#507,#508));
#2662=EDGE_LOOP('',(#509,#510,#511,#512));
#2663=EDGE_LOOP('',(#513,#514,#515,#516));
#2664=EDGE_LOOP('',(#517,#518,#519,#520));
#2665=EDGE_LOOP('',(#521,#522,#523,#524));
#2666=EDGE_LOOP('',(#525,#526,#527,#528));
#2667=EDGE_LOOP('',(#529,#530,#531,#532));
#2668=EDGE_LOOP('',(#533,#534,#535,#536));
#2669=EDGE_LOOP('',(#537,#538,#539,#540));
#2670=EDGE_LOOP('',(#541,#542,#543,#544));
#2671=EDGE_LOOP('',(#545,#546,#547,#548));
#2672=EDGE_LOOP('',(#549,#550,#551,#552));
#2673=EDGE_LOOP('',(#553,#554,#555,#556));
#2674=EDGE_LOOP('',(#557,#558,#559,#560));
#2675=EDGE_LOOP('',(#561,#562,#563,#564));
#2676=EDGE_LOOP('',(#565,#566,#567,#568));
#2677=EDGE_LOOP('',(#569,#570,#571,#572));
#2678=EDGE_LOOP('',(#573,#574,#575,#576));
#2679=EDGE_LOOP('',(#577,#578,#579,#580));
#2680=EDGE_LOOP('',(#581,#582,#583,#584));
#2681=EDGE_LOOP('',(#585,#586,#587,#588));
#2682=EDGE_LOOP('',(#589,#590,#591,#592));
#2683=EDGE_LOOP('',(#593,#594,#595,#596));
#2684=EDGE_LOOP('',(#597,#598,#599,#600));
#2685=EDGE_LOOP('',(#601,#602,#603,#604));
#2686=EDGE_LOOP('',(#605,#606,#607,#608));
#2687=EDGE_LOOP('',(#609,#610,#611,#612));
#2688=EDGE_LOOP('',(#613,#614,#615,#616));
#2689=EDGE_LOOP('',(#617,#618,#619,#620));
#2690=EDGE_LOOP('',(#621,#622,#623,#624));
#2691=EDGE_LOOP('',(#625,#626,#627,#628));
#2692=EDGE_LOOP('',(#629,#630,#631,#632));
#2693=EDGE_LOOP('',(#633,#634,#635,#636));
#2694=EDGE_LOOP('',(#637,#638,#639,#640));
#2695=EDGE_LOOP('',(#641,#642,#643,#644));
#2696=EDGE_LOOP('',(#645,#646,#647,#648));
#2697=EDGE_LOOP('',(#649,#650,#651,#652));
#2698=EDGE_LOOP('',(#653,#654,#655,#656));
#2699=EDGE_LOOP('',(#657,#658,#659,#660));
#2700=EDGE_LOOP('',(#661,#662,#663,#664));
#2701=EDGE_LOOP('',(#665,#666,#667,#668));
#2702=EDGE_LOOP('',(#669,#670,#671,#672));
#2703=EDGE_LOOP('',(#673,#674,#675,#676));
#2704=EDGE_LOOP('',(#677,#678,#679,#680));
#2705=EDGE_LOOP('',(#681,#682,#683,#684));
#2706=EDGE_LOOP('',(#685,#686,#687,#688));
#2707=EDGE_LOOP('',(#689,#690,#691,#692));
#2708=EDGE_LOOP('',(#693,#694,#695,#696));
#2709=EDGE_LOOP('',(#697,#698,#699,#700));
#2710=EDGE_LOOP('',(#701,#702,#703,#704));
#2711=EDGE_LOOP('',(#705,#706,#707,#708));
#2712=EDGE_LOOP('',(#709,#710,#711,#712));
#2713=EDGE_LOOP('',(#713,#714,#715,#716));
#2714=EDGE_LOOP('',(#717,#718,#719,#720));
#2715=EDGE_LOOP('',(#721,#722,#723,#724));
#2716=EDGE_LOOP('',(#725,#726,#727,#728));
#2717=EDGE_LOOP('',(#729));
#2718=EDGE_LOOP('',(#730));
#2719=EDGE_LOOP('',(#731));
#2720=EDGE_LOOP('',(#732));
#2721=EDGE_LOOP('',(#733));
#2722=EDGE_LOOP('',(#734));
#2723=EDGE_LOOP('',(#735));
#2724=EDGE_LOOP('',(#736));
#2725=EDGE_LOOP('',(#737));
#2726=EDGE_LOOP('',(#738));
#2727=EDGE_LOOP('',(#739,#740,#741,#742));
#2728=EDGE_LOOP('',(#743,#744,#745,#746));
#2729=EDGE_LOOP('',(#747,#748,#749,#750));
#2730=EDGE_LOOP('',(#751,#752,#753,#754));
#2731=EDGE_LOOP('',(#755,#756,#757,#758));
#2732=EDGE_LOOP('',(#759,#760,#761,#762));
#2733=EDGE_LOOP('',(#763,#764,#765,#766));
#2734=EDGE_LOOP('',(#767,#768,#769,#770));
#2735=EDGE_LOOP('',(#771,#772,#773,#774));
#2736=EDGE_LOOP('',(#775,#776,#777,#778));
#2737=EDGE_LOOP('',(#779,#780,#781,#782));
#2738=EDGE_LOOP('',(#783,#784,#785,#786));
#2739=EDGE_LOOP('',(#787,#788,#789,#790));
#2740=EDGE_LOOP('',(#791,#792,#793,#794));
#2741=EDGE_LOOP('',(#795));
#2742=EDGE_LOOP('',(#796));
#2743=EDGE_LOOP('',(#797));
#2744=EDGE_LOOP('',(#798));
#2745=EDGE_LOOP('',(#799,#800,#801,#802));
#2746=EDGE_LOOP('',(#803));
#2747=EDGE_LOOP('',(#804,#805,#806,#807,#808,#809,#810,#811));
#2748=EDGE_LOOP('',(#812,#813,#814,#815,#816,#817,#818,#819,#820,#821,#822,
#823,#824,#825,#826,#827,#828,#829,#830,#831,#832,#833,#834,#835,#836,#837,
#838,#839,#840,#841,#842,#843));
#2749=EDGE_LOOP('',(#844,#845,#846,#847,#848,#849,#850,#851));
#2750=EDGE_LOOP('',(#852,#853,#854,#855,#856,#857,#858,#859));
#2751=EDGE_LOOP('',(#860,#861,#862,#863,#864,#865,#866,#867));
#2752=EDGE_LOOP('',(#868,#869,#870,#871,#872,#873,#874,#875));
#2753=EDGE_LOOP('',(#876,#877,#878,#879,#880,#881,#882,#883));
#2754=EDGE_LOOP('',(#884,#885,#886,#887,#888,#889,#890,#891));
#2755=EDGE_LOOP('',(#892,#893,#894,#895,#896,#897,#898,#899));
#2756=EDGE_LOOP('',(#900,#901,#902,#903,#904,#905,#906,#907));
#2757=EDGE_LOOP('',(#908,#909,#910,#911,#912,#913,#914,#915));
#2758=EDGE_LOOP('',(#916,#917,#918,#919,#920,#921,#922,#923));
#2759=EDGE_LOOP('',(#924,#925,#926,#927));
#2760=EDGE_LOOP('',(#928));
#2761=EDGE_LOOP('',(#929));
#2762=EDGE_LOOP('',(#930));
#2763=EDGE_LOOP('',(#931));
#2764=EDGE_LOOP('',(#932));
#2765=EDGE_LOOP('',(#933,#934,#935,#936));
#2766=EDGE_LOOP('',(#937,#938,#939,#940,#941,#942,#943,#944));
#2767=EDGE_LOOP('',(#945,#946,#947,#948));
#2768=EDGE_LOOP('',(#949,#950,#951));
#2769=EDGE_LOOP('',(#952,#953,#954,#955));
#2770=EDGE_LOOP('',(#956,#957,#958,#959));
#2771=EDGE_LOOP('',(#960,#961,#962,#963));
#2772=EDGE_LOOP('',(#964,#965,#966,#967));
#2773=EDGE_LOOP('',(#968,#969,#970));
#2774=EDGE_LOOP('',(#971,#972,#973));
#2775=EDGE_LOOP('',(#974,#975,#976,#977));
#2776=EDGE_LOOP('',(#978,#979,#980,#981));
#2777=EDGE_LOOP('',(#982,#983,#984));
#2778=EDGE_LOOP('',(#985,#986,#987,#988));
#2779=EDGE_LOOP('',(#989,#990,#991,#992));
#2780=EDGE_LOOP('',(#993,#994,#995,#996));
#2781=EDGE_LOOP('',(#997,#998,#999,#1000));
#2782=EDGE_LOOP('',(#1001,#1002,#1003,#1004));
#2783=EDGE_LOOP('',(#1005,#1006,#1007,#1008));
#2784=EDGE_LOOP('',(#1009,#1010,#1011,#1012));
#2785=EDGE_LOOP('',(#1013,#1014,#1015,#1016));
#2786=EDGE_LOOP('',(#1017,#1018,#1019,#1020));
#2787=EDGE_LOOP('',(#1021));
#2788=EDGE_LOOP('',(#1022));
#2789=EDGE_LOOP('',(#1023));
#2790=EDGE_LOOP('',(#1024));
#2791=EDGE_LOOP('',(#1025));
#2792=EDGE_LOOP('',(#1026));
#2793=EDGE_LOOP('',(#1027));
#2794=EDGE_LOOP('',(#1028));
#2795=EDGE_LOOP('',(#1029));
#2796=EDGE_LOOP('',(#1030));
#2797=EDGE_LOOP('',(#1031,#1032,#1033,#1034));
#2798=EDGE_LOOP('',(#1035,#1036,#1037,#1038));
#2799=EDGE_LOOP('',(#1039,#1040,#1041,#1042));
#2800=EDGE_LOOP('',(#1043,#1044,#1045,#1046));
#2801=EDGE_LOOP('',(#1047,#1048,#1049,#1050));
#2802=EDGE_LOOP('',(#1051,#1052,#1053,#1054));
#2803=EDGE_LOOP('',(#1055,#1056,#1057,#1058));
#2804=EDGE_LOOP('',(#1059,#1060,#1061,#1062));
#2805=EDGE_LOOP('',(#1063,#1064,#1065,#1066));
#2806=EDGE_LOOP('',(#1067,#1068,#1069,#1070));
#2807=EDGE_LOOP('',(#1071,#1072,#1073,#1074));
#2808=EDGE_LOOP('',(#1075,#1076,#1077,#1078,#1079));
#2809=EDGE_LOOP('',(#1080,#1081,#1082,#1083,#1084));
#2810=EDGE_LOOP('',(#1085,#1086,#1087,#1088,#1089));
#2811=EDGE_LOOP('',(#1090,#1091,#1092,#1093));
#2812=EDGE_LOOP('',(#1094,#1095,#1096,#1097));
#2813=EDGE_LOOP('',(#1098,#1099,#1100,#1101,#1102));
#2814=EDGE_LOOP('',(#1103,#1104,#1105,#1106));
#2815=EDGE_LOOP('',(#1107,#1108,#1109,#1110));
#2816=EDGE_LOOP('',(#1111,#1112,#1113,#1114));
#2817=EDGE_LOOP('',(#1115,#1116,#1117,#1118));
#2818=EDGE_LOOP('',(#1119,#1120,#1121,#1122,#1123));
#2819=EDGE_LOOP('',(#1124,#1125,#1126,#1127));
#2820=EDGE_LOOP('',(#1128,#1129,#1130,#1131));
#2821=EDGE_LOOP('',(#1132,#1133,#1134,#1135));
#2822=EDGE_LOOP('',(#1136,#1137,#1138,#1139));
#2823=EDGE_LOOP('',(#1140,#1141,#1142,#1143));
#2824=EDGE_LOOP('',(#1144,#1145,#1146,#1147));
#2825=EDGE_LOOP('',(#1148,#1149,#1150,#1151,#1152));
#2826=EDGE_LOOP('',(#1153,#1154,#1155,#1156,#1157));
#2827=EDGE_LOOP('',(#1158,#1159,#1160,#1161,#1162));
#2828=EDGE_LOOP('',(#1163,#1164,#1165,#1166,#1167));
#2829=EDGE_LOOP('',(#1168,#1169,#1170,#1171,#1172));
#2830=EDGE_LOOP('',(#1173,#1174,#1175,#1176,#1177));
#2831=EDGE_LOOP('',(#1178,#1179,#1180,#1181,#1182));
#2832=EDGE_LOOP('',(#1183,#1184,#1185,#1186,#1187));
#2833=EDGE_LOOP('',(#1188,#1189,#1190,#1191));
#2834=EDGE_LOOP('',(#1192,#1193,#1194,#1195));
#2835=EDGE_LOOP('',(#1196,#1197,#1198,#1199,#1200));
#2836=EDGE_LOOP('',(#1201,#1202,#1203,#1204));
#2837=EDGE_LOOP('',(#1205,#1206,#1207,#1208));
#2838=EDGE_LOOP('',(#1209,#1210,#1211,#1212));
#2839=EDGE_LOOP('',(#1213,#1214,#1215,#1216));
#2840=EDGE_LOOP('',(#1217,#1218,#1219,#1220,#1221));
#2841=EDGE_LOOP('',(#1222,#1223,#1224,#1225,#1226));
#2842=EDGE_LOOP('',(#1227,#1228,#1229,#1230));
#2843=EDGE_LOOP('',(#1231,#1232,#1233,#1234));
#2844=EDGE_LOOP('',(#1235,#1236,#1237,#1238,#1239));
#2845=EDGE_LOOP('',(#1240,#1241,#1242,#1243));
#2846=EDGE_LOOP('',(#1244,#1245,#1246,#1247));
#2847=EDGE_LOOP('',(#1248,#1249,#1250,#1251,#1252));
#2848=EDGE_LOOP('',(#1253,#1254,#1255,#1256,#1257));
#2849=EDGE_LOOP('',(#1258,#1259,#1260,#1261));
#2850=EDGE_LOOP('',(#1262,#1263,#1264,#1265));
#2851=EDGE_LOOP('',(#1266,#1267,#1268,#1269));
#2852=EDGE_LOOP('',(#1270,#1271,#1272,#1273));
#2853=EDGE_LOOP('',(#1274,#1275,#1276,#1277));
#2854=EDGE_LOOP('',(#1278,#1279,#1280,#1281,#1282));
#2855=EDGE_LOOP('',(#1283,#1284,#1285,#1286,#1287));
#2856=EDGE_LOOP('',(#1288,#1289,#1290,#1291,#1292));
#2857=EDGE_LOOP('',(#1293,#1294,#1295,#1296,#1297));
#2858=EDGE_LOOP('',(#1298,#1299,#1300,#1301,#1302));
#2859=EDGE_LOOP('',(#1303,#1304,#1305,#1306));
#2860=EDGE_LOOP('',(#1307,#1308,#1309,#1310));
#2861=EDGE_LOOP('',(#1311,#1312,#1313,#1314,#1315));
#2862=EDGE_LOOP('',(#1316,#1317,#1318,#1319,#1320));
#2863=EDGE_LOOP('',(#1321,#1322,#1323,#1324));
#2864=EDGE_LOOP('',(#1325,#1326,#1327,#1328));
#2865=EDGE_LOOP('',(#1329,#1330,#1331,#1332));
#2866=EDGE_LOOP('',(#1333,#1334,#1335,#1336));
#2867=EDGE_LOOP('',(#1337,#1338,#1339,#1340,#1341));
#2868=EDGE_LOOP('',(#1342,#1343,#1344,#1345,#1346));
#2869=EDGE_LOOP('',(#1347,#1348,#1349,#1350));
#2870=EDGE_LOOP('',(#1351,#1352,#1353,#1354));
#2871=EDGE_LOOP('',(#1355,#1356,#1357,#1358,#1359));
#2872=EDGE_LOOP('',(#1360,#1361,#1362,#1363,#1364));
#2873=EDGE_LOOP('',(#1365,#1366,#1367,#1368));
#2874=EDGE_LOOP('',(#1369,#1370,#1371,#1372));
#2875=EDGE_LOOP('',(#1373,#1374,#1375,#1376,#1377));
#2876=EDGE_LOOP('',(#1378,#1379,#1380,#1381,#1382));
#2877=FACE_BOUND('',#2637,.T.);
#2878=FACE_BOUND('',#2638,.T.);
#2879=FACE_BOUND('',#2639,.T.);
#2880=FACE_BOUND('',#2640,.T.);
#2881=FACE_BOUND('',#2641,.T.);
#2882=FACE_BOUND('',#2642,.T.);
#2883=FACE_BOUND('',#2643,.T.);
#2884=FACE_BOUND('',#2644,.T.);
#2885=FACE_BOUND('',#2645,.T.);
#2886=FACE_BOUND('',#2646,.T.);
#2887=FACE_BOUND('',#2647,.T.);
#2888=FACE_BOUND('',#2648,.T.);
#2889=FACE_BOUND('',#2649,.T.);
#2890=FACE_BOUND('',#2650,.T.);
#2891=FACE_BOUND('',#2651,.T.);
#2892=FACE_BOUND('',#2652,.T.);
#2893=FACE_BOUND('',#2653,.T.);
#2894=FACE_BOUND('',#2654,.T.);
#2895=FACE_BOUND('',#2655,.T.);
#2896=FACE_BOUND('',#2656,.T.);
#2897=FACE_BOUND('',#2657,.T.);
#2898=FACE_BOUND('',#2658,.T.);
#2899=FACE_BOUND('',#2659,.T.);
#2900=FACE_BOUND('',#2660,.T.);
#2901=FACE_BOUND('',#2661,.T.);
#2902=FACE_BOUND('',#2662,.T.);
#2903=FACE_BOUND('',#2663,.T.);
#2904=FACE_BOUND('',#2664,.T.);
#2905=FACE_BOUND('',#2665,.T.);
#2906=FACE_BOUND('',#2666,.T.);
#2907=FACE_BOUND('',#2667,.T.);
#2908=FACE_BOUND('',#2668,.T.);
#2909=FACE_BOUND('',#2669,.T.);
#2910=FACE_BOUND('',#2670,.T.);
#2911=FACE_BOUND('',#2671,.T.);
#2912=FACE_BOUND('',#2672,.T.);
#2913=FACE_BOUND('',#2673,.T.);
#2914=FACE_BOUND('',#2674,.T.);
#2915=FACE_BOUND('',#2675,.T.);
#2916=FACE_BOUND('',#2676,.T.);
#2917=FACE_BOUND('',#2677,.T.);
#2918=FACE_BOUND('',#2678,.T.);
#2919=FACE_BOUND('',#2679,.T.);
#2920=FACE_BOUND('',#2680,.T.);
#2921=FACE_BOUND('',#2681,.T.);
#2922=FACE_BOUND('',#2682,.T.);
#2923=FACE_BOUND('',#2683,.T.);
#2924=FACE_BOUND('',#2684,.T.);
#2925=FACE_BOUND('',#2685,.T.);
#2926=FACE_BOUND('',#2686,.T.);
#2927=FACE_BOUND('',#2687,.T.);
#2928=FACE_BOUND('',#2688,.T.);
#2929=FACE_BOUND('',#2689,.T.);
#2930=FACE_BOUND('',#2690,.T.);
#2931=FACE_BOUND('',#2691,.T.);
#2932=FACE_BOUND('',#2692,.T.);
#2933=FACE_BOUND('',#2693,.T.);
#2934=FACE_BOUND('',#2694,.T.);
#2935=FACE_BOUND('',#2695,.T.);
#2936=FACE_BOUND('',#2696,.T.);
#2937=FACE_BOUND('',#2697,.T.);
#2938=FACE_BOUND('',#2698,.T.);
#2939=FACE_BOUND('',#2699,.T.);
#2940=FACE_BOUND('',#2700,.T.);
#2941=FACE_BOUND('',#2701,.T.);
#2942=FACE_BOUND('',#2702,.T.);
#2943=FACE_BOUND('',#2703,.T.);
#2944=FACE_BOUND('',#2704,.T.);
#2945=FACE_BOUND('',#2705,.T.);
#2946=FACE_BOUND('',#2706,.T.);
#2947=FACE_BOUND('',#2707,.T.);
#2948=FACE_BOUND('',#2708,.T.);
#2949=FACE_BOUND('',#2709,.T.);
#2950=FACE_BOUND('',#2710,.T.);
#2951=FACE_BOUND('',#2711,.T.);
#2952=FACE_BOUND('',#2712,.T.);
#2953=FACE_BOUND('',#2713,.T.);
#2954=FACE_BOUND('',#2714,.T.);
#2955=FACE_BOUND('',#2715,.T.);
#2956=FACE_BOUND('',#2716,.T.);
#2957=FACE_BOUND('',#2717,.T.);
#2958=FACE_BOUND('',#2718,.T.);
#2959=FACE_BOUND('',#2719,.T.);
#2960=FACE_BOUND('',#2720,.T.);
#2961=FACE_BOUND('',#2721,.T.);
#2962=FACE_BOUND('',#2722,.T.);
#2963=FACE_BOUND('',#2723,.T.);
#2964=FACE_BOUND('',#2724,.T.);
#2965=FACE_BOUND('',#2725,.T.);
#2966=FACE_BOUND('',#2726,.T.);
#2967=FACE_BOUND('',#2727,.T.);
#2968=FACE_BOUND('',#2728,.T.);
#2969=FACE_BOUND('',#2729,.T.);
#2970=FACE_BOUND('',#2730,.T.);
#2971=FACE_BOUND('',#2731,.T.);
#2972=FACE_BOUND('',#2732,.T.);
#2973=FACE_BOUND('',#2733,.T.);
#2974=FACE_BOUND('',#2734,.T.);
#2975=FACE_BOUND('',#2735,.T.);
#2976=FACE_BOUND('',#2736,.T.);
#2977=FACE_BOUND('',#2737,.T.);
#2978=FACE_BOUND('',#2738,.T.);
#2979=FACE_BOUND('',#2739,.T.);
#2980=FACE_BOUND('',#2740,.T.);
#2981=FACE_BOUND('',#2741,.T.);
#2982=FACE_BOUND('',#2742,.T.);
#2983=FACE_BOUND('',#2743,.T.);
#2984=FACE_BOUND('',#2744,.T.);
#2985=FACE_BOUND('',#2745,.T.);
#2986=FACE_BOUND('',#2746,.T.);
#2987=FACE_BOUND('',#2747,.T.);
#2988=FACE_BOUND('',#2748,.T.);
#2989=FACE_BOUND('',#2749,.T.);
#2990=FACE_BOUND('',#2750,.T.);
#2991=FACE_BOUND('',#2751,.T.);
#2992=FACE_BOUND('',#2752,.T.);
#2993=FACE_BOUND('',#2753,.T.);
#2994=FACE_BOUND('',#2754,.T.);
#2995=FACE_BOUND('',#2755,.T.);
#2996=FACE_BOUND('',#2756,.T.);
#2997=FACE_BOUND('',#2757,.T.);
#2998=FACE_BOUND('',#2758,.T.);
#2999=FACE_BOUND('',#2759,.T.);
#3000=FACE_BOUND('',#2760,.T.);
#3001=FACE_BOUND('',#2761,.T.);
#3002=FACE_BOUND('',#2762,.T.);
#3003=FACE_BOUND('',#2763,.T.);
#3004=FACE_BOUND('',#2764,.T.);
#3005=FACE_BOUND('',#2765,.T.);
#3006=FACE_BOUND('',#2766,.T.);
#3007=FACE_BOUND('',#2767,.T.);
#3008=FACE_BOUND('',#2768,.T.);
#3009=FACE_BOUND('',#2769,.T.);
#3010=FACE_BOUND('',#2770,.T.);
#3011=FACE_BOUND('',#2771,.T.);
#3012=FACE_BOUND('',#2772,.T.);
#3013=FACE_BOUND('',#2773,.T.);
#3014=FACE_BOUND('',#2774,.T.);
#3015=FACE_BOUND('',#2775,.T.);
#3016=FACE_BOUND('',#2776,.T.);
#3017=FACE_BOUND('',#2777,.T.);
#3018=FACE_BOUND('',#2778,.T.);
#3019=FACE_BOUND('',#2779,.T.);
#3020=FACE_BOUND('',#2780,.T.);
#3021=FACE_BOUND('',#2781,.T.);
#3022=FACE_BOUND('',#2782,.T.);
#3023=FACE_BOUND('',#2783,.T.);
#3024=FACE_BOUND('',#2784,.T.);
#3025=FACE_BOUND('',#2785,.T.);
#3026=FACE_BOUND('',#2786,.T.);
#3027=FACE_BOUND('',#2787,.T.);
#3028=FACE_BOUND('',#2788,.T.);
#3029=FACE_BOUND('',#2789,.T.);
#3030=FACE_BOUND('',#2790,.T.);
#3031=FACE_BOUND('',#2791,.T.);
#3032=FACE_BOUND('',#2792,.T.);
#3033=FACE_BOUND('',#2793,.T.);
#3034=FACE_BOUND('',#2794,.T.);
#3035=FACE_BOUND('',#2795,.T.);
#3036=FACE_BOUND('',#2796,.T.);
#3037=FACE_BOUND('',#2797,.T.);
#3038=FACE_BOUND('',#2798,.T.);
#3039=FACE_BOUND('',#2799,.T.);
#3040=FACE_BOUND('',#2800,.T.);
#3041=FACE_BOUND('',#2801,.T.);
#3042=FACE_BOUND('',#2802,.T.);
#3043=FACE_BOUND('',#2803,.T.);
#3044=FACE_BOUND('',#2804,.T.);
#3045=FACE_BOUND('',#2805,.T.);
#3046=FACE_BOUND('',#2806,.T.);
#3047=FACE_BOUND('',#2807,.T.);
#3048=FACE_BOUND('',#2808,.T.);
#3049=FACE_BOUND('',#2809,.T.);
#3050=FACE_BOUND('',#2810,.T.);
#3051=FACE_BOUND('',#2811,.T.);
#3052=FACE_BOUND('',#2812,.T.);
#3053=FACE_BOUND('',#2813,.T.);
#3054=FACE_BOUND('',#2814,.T.);
#3055=FACE_BOUND('',#2815,.T.);
#3056=FACE_BOUND('',#2816,.T.);
#3057=FACE_BOUND('',#2817,.T.);
#3058=FACE_BOUND('',#2818,.T.);
#3059=FACE_BOUND('',#2819,.T.);
#3060=FACE_BOUND('',#2820,.T.);
#3061=FACE_BOUND('',#2821,.T.);
#3062=FACE_BOUND('',#2822,.T.);
#3063=FACE_BOUND('',#2823,.T.);
#3064=FACE_BOUND('',#2824,.T.);
#3065=FACE_BOUND('',#2825,.T.);
#3066=FACE_BOUND('',#2826,.T.);
#3067=FACE_BOUND('',#2827,.T.);
#3068=FACE_BOUND('',#2828,.T.);
#3069=FACE_BOUND('',#2829,.T.);
#3070=FACE_BOUND('',#2830,.T.);
#3071=FACE_BOUND('',#2831,.T.);
#3072=FACE_BOUND('',#2832,.T.);
#3073=FACE_BOUND('',#2833,.T.);
#3074=FACE_BOUND('',#2834,.T.);
#3075=FACE_BOUND('',#2835,.T.);
#3076=FACE_BOUND('',#2836,.T.);
#3077=FACE_BOUND('',#2837,.T.);
#3078=FACE_BOUND('',#2838,.T.);
#3079=FACE_BOUND('',#2839,.T.);
#3080=FACE_BOUND('',#2840,.T.);
#3081=FACE_BOUND('',#2841,.T.);
#3082=FACE_BOUND('',#2842,.T.);
#3083=FACE_BOUND('',#2843,.T.);
#3084=FACE_BOUND('',#2844,.T.);
#3085=FACE_BOUND('',#2845,.T.);
#3086=FACE_BOUND('',#2846,.T.);
#3087=FACE_BOUND('',#2847,.T.);
#3088=FACE_BOUND('',#2848,.T.);
#3089=FACE_BOUND('',#2849,.T.);
#3090=FACE_BOUND('',#2850,.T.);
#3091=FACE_BOUND('',#2851,.T.);
#3092=FACE_BOUND('',#2852,.T.);
#3093=FACE_BOUND('',#2853,.T.);
#3094=FACE_BOUND('',#2854,.T.);
#3095=FACE_BOUND('',#2855,.T.);
#3096=FACE_BOUND('',#2856,.T.);
#3097=FACE_BOUND('',#2857,.T.);
#3098=FACE_BOUND('',#2858,.T.);
#3099=FACE_BOUND('',#2859,.T.);
#3100=FACE_BOUND('',#2860,.T.);
#3101=FACE_BOUND('',#2861,.T.);
#3102=FACE_BOUND('',#2862,.T.);
#3103=FACE_BOUND('',#2863,.T.);
#3104=FACE_BOUND('',#2864,.T.);
#3105=FACE_BOUND('',#2865,.T.);
#3106=FACE_BOUND('',#2866,.T.);
#3107=FACE_BOUND('',#2867,.T.);
#3108=FACE_BOUND('',#2868,.T.);
#3109=FACE_BOUND('',#2869,.T.);
#3110=FACE_BOUND('',#2870,.T.);
#3111=FACE_BOUND('',#2871,.T.);
#3112=FACE_BOUND('',#2872,.T.);
#3113=FACE_BOUND('',#2873,.T.);
#3114=FACE_BOUND('',#2874,.T.);
#3115=FACE_BOUND('',#2875,.T.);
#3116=FACE_BOUND('',#2876,.T.);
#3117=PLANE('',#3388);
#3118=PLANE('',#3389);
#3119=PLANE('',#3390);
#3120=PLANE('',#3391);
#3121=PLANE('',#3392);
#3122=PLANE('',#3393);
#3123=PLANE('',#3394);
#3124=PLANE('',#3395);
#3125=PLANE('',#3396);
#3126=PLANE('',#3397);
#3127=PLANE('',#3401);
#3128=PLANE('',#3405);
#3129=PLANE('',#3409);
#3130=PLANE('',#3413);
#3131=PLANE('',#3417);
#3132=PLANE('',#3421);
#3133=PLANE('',#3428);
#3134=PLANE('',#3432);
#3135=PLANE('',#3436);
#3136=PLANE('',#3443);
#3137=PLANE('',#3447);
#3138=PLANE('',#3451);
#3139=PLANE('',#3458);
#3140=PLANE('',#3462);
#3141=PLANE('',#3466);
#3142=PLANE('',#3473);
#3143=PLANE('',#3477);
#3144=PLANE('',#3481);
#3145=PLANE('',#3488);
#3146=PLANE('',#3492);
#3147=PLANE('',#3496);
#3148=PLANE('',#3503);
#3149=PLANE('',#3507);
#3150=PLANE('',#3511);
#3151=PLANE('',#3518);
#3152=PLANE('',#3522);
#3153=PLANE('',#3526);
#3154=PLANE('',#3533);
#3155=PLANE('',#3537);
#3156=PLANE('',#3541);
#3157=PLANE('',#3545);
#3158=PLANE('',#3561);
#3159=PLANE('',#3565);
#3160=PLANE('',#3566);
#3161=PLANE('',#3567);
#3162=PLANE('',#3568);
#3163=PLANE('',#3569);
#3164=PLANE('',#3570);
#3165=PLANE('',#3571);
#3166=PLANE('',#3572);
#3167=PLANE('',#3573);
#3168=PLANE('',#3574);
#3169=PLANE('',#3575);
#3170=PLANE('',#3605);
#3171=ADVANCED_FACE('',(#2877),#3117,.T.);
#3172=ADVANCED_FACE('',(#2878),#3118,.F.);
#3173=ADVANCED_FACE('',(#2879),#3119,.F.);
#3174=ADVANCED_FACE('',(#2880),#3120,.T.);
#3175=ADVANCED_FACE('',(#2881),#3121,.F.);
#3176=ADVANCED_FACE('',(#2882),#3122,.F.);
#3177=ADVANCED_FACE('',(#2883),#3123,.T.);
#3178=ADVANCED_FACE('',(#2884),#3124,.F.);
#3179=ADVANCED_FACE('',(#2885),#3125,.F.);
#3180=ADVANCED_FACE('',(#2886),#3126,.T.);
#3181=ADVANCED_FACE('',(#2887),#308,.F.);
#3182=ADVANCED_FACE('',(#2888),#3127,.T.);
#3183=ADVANCED_FACE('',(#2889),#309,.F.);
#3184=ADVANCED_FACE('',(#2890),#3128,.T.);
#3185=ADVANCED_FACE('',(#2891),#310,.F.);
#3186=ADVANCED_FACE('',(#2892),#3129,.T.);
#3187=ADVANCED_FACE('',(#2893),#311,.F.);
#3188=ADVANCED_FACE('',(#2894),#3130,.F.);
#3189=ADVANCED_FACE('',(#2895),#312,.F.);
#3190=ADVANCED_FACE('',(#2896),#3131,.F.);
#3191=ADVANCED_FACE('',(#2897),#313,.F.);
#3192=ADVANCED_FACE('',(#2898),#3132,.T.);
#3193=ADVANCED_FACE('',(#2899),#314,.F.);
#3194=ADVANCED_FACE('',(#2900),#315,.F.);
#3195=ADVANCED_FACE('',(#2901),#3133,.F.);
#3196=ADVANCED_FACE('',(#2902),#316,.F.);
#3197=ADVANCED_FACE('',(#2903),#3134,.F.);
#3198=ADVANCED_FACE('',(#2904),#317,.F.);
#3199=ADVANCED_FACE('',(#2905),#3135,.T.);
#3200=ADVANCED_FACE('',(#2906),#318,.F.);
#3201=ADVANCED_FACE('',(#2907),#319,.F.);
#3202=ADVANCED_FACE('',(#2908),#3136,.F.);
#3203=ADVANCED_FACE('',(#2909),#320,.F.);
#3204=ADVANCED_FACE('',(#2910),#3137,.F.);
#3205=ADVANCED_FACE('',(#2911),#321,.F.);
#3206=ADVANCED_FACE('',(#2912),#3138,.T.);
#3207=ADVANCED_FACE('',(#2913),#322,.F.);
#3208=ADVANCED_FACE('',(#2914),#323,.F.);
#3209=ADVANCED_FACE('',(#2915),#3139,.F.);
#3210=ADVANCED_FACE('',(#2916),#324,.F.);
#3211=ADVANCED_FACE('',(#2917),#3140,.F.);
#3212=ADVANCED_FACE('',(#2918),#325,.F.);
#3213=ADVANCED_FACE('',(#2919),#3141,.T.);
#3214=ADVANCED_FACE('',(#2920),#326,.F.);
#3215=ADVANCED_FACE('',(#2921),#327,.F.);
#3216=ADVANCED_FACE('',(#2922),#3142,.F.);
#3217=ADVANCED_FACE('',(#2923),#328,.F.);
#3218=ADVANCED_FACE('',(#2924),#3143,.F.);
#3219=ADVANCED_FACE('',(#2925),#329,.F.);
#3220=ADVANCED_FACE('',(#2926),#3144,.T.);
#3221=ADVANCED_FACE('',(#2927),#330,.F.);
#3222=ADVANCED_FACE('',(#2928),#331,.F.);
#3223=ADVANCED_FACE('',(#2929),#3145,.F.);
#3224=ADVANCED_FACE('',(#2930),#332,.F.);
#3225=ADVANCED_FACE('',(#2931),#3146,.F.);
#3226=ADVANCED_FACE('',(#2932),#333,.F.);
#3227=ADVANCED_FACE('',(#2933),#3147,.T.);
#3228=ADVANCED_FACE('',(#2934),#334,.F.);
#3229=ADVANCED_FACE('',(#2935),#335,.F.);
#3230=ADVANCED_FACE('',(#2936),#3148,.F.);
#3231=ADVANCED_FACE('',(#2937),#336,.F.);
#3232=ADVANCED_FACE('',(#2938),#3149,.F.);
#3233=ADVANCED_FACE('',(#2939),#337,.F.);
#3234=ADVANCED_FACE('',(#2940),#3150,.T.);
#3235=ADVANCED_FACE('',(#2941),#338,.F.);
#3236=ADVANCED_FACE('',(#2942),#339,.F.);
#3237=ADVANCED_FACE('',(#2943),#3151,.F.);
#3238=ADVANCED_FACE('',(#2944),#340,.F.);
#3239=ADVANCED_FACE('',(#2945),#3152,.F.);
#3240=ADVANCED_FACE('',(#2946),#341,.F.);
#3241=ADVANCED_FACE('',(#2947),#3153,.T.);
#3242=ADVANCED_FACE('',(#2948),#342,.F.);
#3243=ADVANCED_FACE('',(#2949),#343,.F.);
#3244=ADVANCED_FACE('',(#2950),#3154,.F.);
#3245=ADVANCED_FACE('',(#2951),#344,.F.);
#3246=ADVANCED_FACE('',(#2952),#3155,.F.);
#3247=ADVANCED_FACE('',(#2953),#345,.F.);
#3248=ADVANCED_FACE('',(#2954),#3156,.T.);
#3249=ADVANCED_FACE('',(#2955),#346,.F.);
#3250=ADVANCED_FACE('',(#2956),#3157,.T.);
#3251=ADVANCED_FACE('',(#2957,#2958),#347,.F.);
#3252=ADVANCED_FACE('',(#2959,#2960),#348,.F.);
#3253=ADVANCED_FACE('',(#2961,#2962),#349,.F.);
#3254=ADVANCED_FACE('',(#2963,#2964),#350,.F.);
#3255=ADVANCED_FACE('',(#2965,#2966),#351,.F.);
#3256=ADVANCED_FACE('',(#2967),#3158,.T.);
#3257=ADVANCED_FACE('',(#2968),#352,.F.);
#3258=ADVANCED_FACE('',(#2969),#3159,.T.);
#3259=ADVANCED_FACE('',(#2970),#3160,.T.);
#3260=ADVANCED_FACE('',(#2971),#3161,.T.);
#3261=ADVANCED_FACE('',(#2972),#3162,.T.);
#3262=ADVANCED_FACE('',(#2973),#3163,.T.);
#3263=ADVANCED_FACE('',(#2974),#3164,.T.);
#3264=ADVANCED_FACE('',(#2975),#3165,.T.);
#3265=ADVANCED_FACE('',(#2976),#3166,.T.);
#3266=ADVANCED_FACE('',(#2977),#3167,.T.);
#3267=ADVANCED_FACE('',(#2978),#3168,.T.);
#3268=ADVANCED_FACE('',(#2979,#2980,#2981,#2982,#2983,#2984,#2985,#2986,
#2987,#2988),#3169,.T.);
#3269=ADVANCED_FACE('',(#2989,#2990,#2991,#2992,#2993,#2994,#2995,#2996,
#2997,#2998,#2999,#3000,#3001,#3002,#3003,#3004,#3005,#3006),#3170,.F.);
#3270=ADVANCED_FACE('',(#3007),#353,.T.);
#3271=ADVANCED_FACE('',(#3008),#89,.T.);
#3272=ADVANCED_FACE('',(#3009),#354,.T.);
#3273=ADVANCED_FACE('',(#3010),#355,.T.);
#3274=ADVANCED_FACE('',(#3011),#356,.T.);
#3275=ADVANCED_FACE('',(#3012),#357,.T.);
#3276=ADVANCED_FACE('',(#3013),#90,.T.);
#3277=ADVANCED_FACE('',(#3014),#91,.T.);
#3278=ADVANCED_FACE('',(#3015),#358,.T.);
#3279=ADVANCED_FACE('',(#3016),#359,.T.);
#3280=ADVANCED_FACE('',(#3017),#92,.T.);
#3281=ADVANCED_FACE('',(#3018),#360,.T.);
#3282=ADVANCED_FACE('',(#3019),#361,.T.);
#3283=ADVANCED_FACE('',(#3020),#362,.T.);
#3284=ADVANCED_FACE('',(#3021),#363,.T.);
#3285=ADVANCED_FACE('',(#3022),#364,.T.);
#3286=ADVANCED_FACE('',(#3023),#365,.T.);
#3287=ADVANCED_FACE('',(#3024),#366,.T.);
#3288=ADVANCED_FACE('',(#3025),#367,.T.);
#3289=ADVANCED_FACE('',(#3026),#368,.T.);
#3290=ADVANCED_FACE('',(#3027,#3028),#36,.T.);
#3291=ADVANCED_FACE('',(#3029,#3030),#37,.T.);
#3292=ADVANCED_FACE('',(#3031,#3032),#38,.T.);
#3293=ADVANCED_FACE('',(#3033,#3034),#39,.T.);
#3294=ADVANCED_FACE('',(#3035,#3036),#40,.T.);
#3295=ADVANCED_FACE('',(#3037),#369,.T.);
#3296=ADVANCED_FACE('',(#3038),#41,.T.);
#3297=ADVANCED_FACE('',(#3039),#42,.T.);
#3298=ADVANCED_FACE('',(#3040),#370,.T.);
#3299=ADVANCED_FACE('',(#3041),#371,.T.);
#3300=ADVANCED_FACE('',(#3042),#43,.T.);
#3301=ADVANCED_FACE('',(#3043),#44,.T.);
#3302=ADVANCED_FACE('',(#3044),#372,.T.);
#3303=ADVANCED_FACE('',(#3045),#45,.T.);
#3304=ADVANCED_FACE('',(#3046),#373,.T.);
#3305=ADVANCED_FACE('',(#3047),#374,.T.);
#3306=ADVANCED_FACE('',(#3048),#46,.T.);
#3307=ADVANCED_FACE('',(#3049),#47,.T.);
#3308=ADVANCED_FACE('',(#3050),#48,.T.);
#3309=ADVANCED_FACE('',(#3051),#375,.T.);
#3310=ADVANCED_FACE('',(#3052),#376,.T.);
#3311=ADVANCED_FACE('',(#3053),#49,.T.);
#3312=ADVANCED_FACE('',(#3054),#50,.T.);
#3313=ADVANCED_FACE('',(#3055),#51,.T.);
#3314=ADVANCED_FACE('',(#3056),#377,.T.);
#3315=ADVANCED_FACE('',(#3057),#378,.T.);
#3316=ADVANCED_FACE('',(#3058),#52,.T.);
#3317=ADVANCED_FACE('',(#3059),#379,.T.);
#3318=ADVANCED_FACE('',(#3060),#380,.T.);
#3319=ADVANCED_FACE('',(#3061),#381,.T.);
#3320=ADVANCED_FACE('',(#3062),#382,.T.);
#3321=ADVANCED_FACE('',(#3063),#383,.T.);
#3322=ADVANCED_FACE('',(#3064),#384,.T.);
#3323=ADVANCED_FACE('',(#3065),#53,.T.);
#3324=ADVANCED_FACE('',(#3066),#54,.T.);
#3325=ADVANCED_FACE('',(#3067),#55,.T.);
#3326=ADVANCED_FACE('',(#3068),#56,.T.);
#3327=ADVANCED_FACE('',(#3069),#57,.T.);
#3328=ADVANCED_FACE('',(#3070),#58,.T.);
#3329=ADVANCED_FACE('',(#3071),#59,.T.);
#3330=ADVANCED_FACE('',(#3072),#60,.T.);
#3331=ADVANCED_FACE('',(#3073),#385,.T.);
#3332=ADVANCED_FACE('',(#3074),#386,.T.);
#3333=ADVANCED_FACE('',(#3075),#61,.T.);
#3334=ADVANCED_FACE('',(#3076),#387,.T.);
#3335=ADVANCED_FACE('',(#3077),#388,.T.);
#3336=ADVANCED_FACE('',(#3078),#389,.T.);
#3337=ADVANCED_FACE('',(#3079),#390,.T.);
#3338=ADVANCED_FACE('',(#3080),#62,.T.);
#3339=ADVANCED_FACE('',(#3081),#63,.T.);
#3340=ADVANCED_FACE('',(#3082),#391,.T.);
#3341=ADVANCED_FACE('',(#3083),#392,.T.);
#3342=ADVANCED_FACE('',(#3084),#64,.T.);
#3343=ADVANCED_FACE('',(#3085),#393,.T.);
#3344=ADVANCED_FACE('',(#3086),#394,.T.);
#3345=ADVANCED_FACE('',(#3087),#65,.T.);
#3346=ADVANCED_FACE('',(#3088),#66,.T.);
#3347=ADVANCED_FACE('',(#3089),#395,.T.);
#3348=ADVANCED_FACE('',(#3090),#396,.T.);
#3349=ADVANCED_FACE('',(#3091),#67,.T.);
#3350=ADVANCED_FACE('',(#3092),#397,.T.);
#3351=ADVANCED_FACE('',(#3093),#398,.T.);
#3352=ADVANCED_FACE('',(#3094),#68,.T.);
#3353=ADVANCED_FACE('',(#3095),#69,.T.);
#3354=ADVANCED_FACE('',(#3096),#70,.T.);
#3355=ADVANCED_FACE('',(#3097),#71,.T.);
#3356=ADVANCED_FACE('',(#3098),#72,.T.);
#3357=ADVANCED_FACE('',(#3099),#399,.T.);
#3358=ADVANCED_FACE('',(#3100),#400,.T.);
#3359=ADVANCED_FACE('',(#3101),#73,.T.);
#3360=ADVANCED_FACE('',(#3102),#74,.T.);
#3361=ADVANCED_FACE('',(#3103),#401,.T.);
#3362=ADVANCED_FACE('',(#3104),#402,.T.);
#3363=ADVANCED_FACE('',(#3105),#403,.T.);
#3364=ADVANCED_FACE('',(#3106),#404,.T.);
#3365=ADVANCED_FACE('',(#3107),#75,.T.);
#3366=ADVANCED_FACE('',(#3108),#76,.T.);
#3367=ADVANCED_FACE('',(#3109),#405,.T.);
#3368=ADVANCED_FACE('',(#3110),#406,.T.);
#3369=ADVANCED_FACE('',(#3111),#77,.T.);
#3370=ADVANCED_FACE('',(#3112),#78,.T.);
#3371=ADVANCED_FACE('',(#3113),#407,.T.);
#3372=ADVANCED_FACE('',(#3114),#408,.T.);
#3373=ADVANCED_FACE('',(#3115),#79,.T.);
#3374=ADVANCED_FACE('',(#3116),#80,.T.);
#3375=CLOSED_SHELL('',(#3171,#3172,#3173,#3174,#3175,#3176,#3177,#3178,
#3179,#3180,#3181,#3182,#3183,#3184,#3185,#3186,#3187,#3188,#3189,#3190,
#3191,#3192,#3193,#3194,#3195,#3196,#3197,#3198,#3199,#3200,#3201,#3202,
#3203,#3204,#3205,#3206,#3207,#3208,#3209,#3210,#3211,#3212,#3213,#3214,
#3215,#3216,#3217,#3218,#3219,#3220,#3221,#3222,#3223,#3224,#3225,#3226,
#3227,#3228,#3229,#3230,#3231,#3232,#3233,#3234,#3235,#3236,#3237,#3238,
#3239,#3240,#3241,#3242,#3243,#3244,#3245,#3246,#3247,#3248,#3249,#3250,
#3251,#3252,#3253,#3254,#3255,#3256,#3257,#3258,#3259,#3260,#3261,#3262,
#3263,#3264,#3265,#3266,#3267,#3268,#3269,#3270,#3271,#3272,#3273,#3274,
#3275,#3276,#3277,#3278,#3279,#3280,#3281,#3282,#3283,#3284,#3285,#3286,
#3287,#3288,#3289,#3290,#3291,#3292,#3293,#3294,#3295,#3296,#3297,#3298,
#3299,#3300,#3301,#3302,#3303,#3304,#3305,#3306,#3307,#3308,#3309,#3310,
#3311,#3312,#3313,#3314,#3315,#3316,#3317,#3318,#3319,#3320,#3321,#3322,
#3323,#3324,#3325,#3326,#3327,#3328,#3329,#3330,#3331,#3332,#3333,#3334,
#3335,#3336,#3337,#3338,#3339,#3340,#3341,#3342,#3343,#3344,#3345,#3346,
#3347,#3348,#3349,#3350,#3351,#3352,#3353,#3354,#3355,#3356,#3357,#3358,
#3359,#3360,#3361,#3362,#3363,#3364,#3365,#3366,#3367,#3368,#3369,#3370,
#3371,#3372,#3373,#3374));
#3376=STYLED_ITEM('',(#3377),#3384);
#3377=PRESENTATION_STYLE_ASSIGNMENT((#3378));
#3378=SURFACE_STYLE_USAGE(.BOTH.,#3379);
#3379=SURFACE_SIDE_STYLE('',(#3380));
#3380=SURFACE_STYLE_FILL_AREA(#3381);
#3381=FILL_AREA_STYLE('',(#3382));
#3382=FILL_AREA_STYLE_COLOUR('',#3383);
#3383=COLOUR_RGB('',0.615686274509804,0.811764705882353,0.929411764705882);
#3384=MANIFOLD_SOLID_BREP('Part 1',#3375);
#3385=SHAPE_DEFINITION_REPRESENTATION(#5977,#3386);
#3386=SHAPE_REPRESENTATION('Part 1',(#3387),#5972);
#3387=AXIS2_PLACEMENT_3D('',#4911,#3815,#3816);
#3388=AXIS2_PLACEMENT_3D('',#4912,#3817,#3818);
#3389=AXIS2_PLACEMENT_3D('',#4921,#3823,#3824);
#3390=AXIS2_PLACEMENT_3D('',#4930,#3829,#3830);
#3391=AXIS2_PLACEMENT_3D('',#4939,#3835,#3836);
#3392=AXIS2_PLACEMENT_3D('',#4948,#3841,#3842);
#3393=AXIS2_PLACEMENT_3D('',#4954,#3846,#3847);
#3394=AXIS2_PLACEMENT_3D('',#4960,#3851,#3852);
#3395=AXIS2_PLACEMENT_3D('',#4969,#3857,#3858);
#3396=AXIS2_PLACEMENT_3D('',#4975,#3862,#3863);
#3397=AXIS2_PLACEMENT_3D('',#4981,#3867,#3868);
#3398=AXIS2_PLACEMENT_3D('',#4990,#3873,#3874);
#3399=AXIS2_PLACEMENT_3D('',#4994,#3876,#3877);
#3400=AXIS2_PLACEMENT_3D('',#4995,#3878,#3879);
#3401=AXIS2_PLACEMENT_3D('',#4996,#3880,#3881);
#3402=AXIS2_PLACEMENT_3D('',#5002,#3885,#3886);
#3403=AXIS2_PLACEMENT_3D('',#5006,#3888,#3889);
#3404=AXIS2_PLACEMENT_3D('',#5007,#3890,#3891);
#3405=AXIS2_PLACEMENT_3D('',#5008,#3892,#3893);
#3406=AXIS2_PLACEMENT_3D('',#5014,#3897,#3898);
#3407=AXIS2_PLACEMENT_3D('',#5018,#3900,#3901);
#3408=AXIS2_PLACEMENT_3D('',#5019,#3902,#3903);
#3409=AXIS2_PLACEMENT_3D('',#5020,#3904,#3905);
#3410=AXIS2_PLACEMENT_3D('',#5026,#3909,#3910);
#3411=AXIS2_PLACEMENT_3D('',#5030,#3912,#3913);
#3412=AXIS2_PLACEMENT_3D('',#5034,#3915,#3916);
#3413=AXIS2_PLACEMENT_3D('',#5035,#3917,#3918);
#3414=AXIS2_PLACEMENT_3D('',#5041,#3922,#3923);
#3415=AXIS2_PLACEMENT_3D('',#5045,#3925,#3926);
#3416=AXIS2_PLACEMENT_3D('',#5046,#3927,#3928);
#3417=AXIS2_PLACEMENT_3D('',#5047,#3929,#3930);
#3418=AXIS2_PLACEMENT_3D('',#5053,#3934,#3935);
#3419=AXIS2_PLACEMENT_3D('',#5057,#3937,#3938);
#3420=AXIS2_PLACEMENT_3D('',#5058,#3939,#3940);
#3421=AXIS2_PLACEMENT_3D('',#5059,#3941,#3942);
#3422=AXIS2_PLACEMENT_3D('',#5065,#3946,#3947);
#3423=AXIS2_PLACEMENT_3D('',#5069,#3949,#3950);
#3424=AXIS2_PLACEMENT_3D('',#5070,#3951,#3952);
#3425=AXIS2_PLACEMENT_3D('',#5071,#3953,#3954);
#3426=AXIS2_PLACEMENT_3D('',#5075,#3956,#3957);
#3427=AXIS2_PLACEMENT_3D('',#5079,#3959,#3960);
#3428=AXIS2_PLACEMENT_3D('',#5080,#3961,#3962);
#3429=AXIS2_PLACEMENT_3D('',#5086,#3966,#3967);
#3430=AXIS2_PLACEMENT_3D('',#5090,#3969,#3970);
#3431=AXIS2_PLACEMENT_3D('',#5091,#3971,#3972);
#3432=AXIS2_PLACEMENT_3D('',#5092,#3973,#3974);
#3433=AXIS2_PLACEMENT_3D('',#5098,#3978,#3979);
#3434=AXIS2_PLACEMENT_3D('',#5102,#3981,#3982);
#3435=AXIS2_PLACEMENT_3D('',#5103,#3983,#3984);
#3436=AXIS2_PLACEMENT_3D('',#5104,#3985,#3986);
#3437=AXIS2_PLACEMENT_3D('',#5110,#3990,#3991);
#3438=AXIS2_PLACEMENT_3D('',#5114,#3993,#3994);
#3439=AXIS2_PLACEMENT_3D('',#5115,#3995,#3996);
#3440=AXIS2_PLACEMENT_3D('',#5116,#3997,#3998);
#3441=AXIS2_PLACEMENT_3D('',#5120,#4000,#4001);
#3442=AXIS2_PLACEMENT_3D('',#5124,#4003,#4004);
#3443=AXIS2_PLACEMENT_3D('',#5125,#4005,#4006);
#3444=AXIS2_PLACEMENT_3D('',#5131,#4010,#4011);
#3445=AXIS2_PLACEMENT_3D('',#5135,#4013,#4014);
#3446=AXIS2_PLACEMENT_3D('',#5136,#4015,#4016);
#3447=AXIS2_PLACEMENT_3D('',#5137,#4017,#4018);
#3448=AXIS2_PLACEMENT_3D('',#5143,#4022,#4023);
#3449=AXIS2_PLACEMENT_3D('',#5147,#4025,#4026);
#3450=AXIS2_PLACEMENT_3D('',#5148,#4027,#4028);
#3451=AXIS2_PLACEMENT_3D('',#5149,#4029,#4030);
#3452=AXIS2_PLACEMENT_3D('',#5155,#4034,#4035);
#3453=AXIS2_PLACEMENT_3D('',#5159,#4037,#4038);
#3454=AXIS2_PLACEMENT_3D('',#5160,#4039,#4040);
#3455=AXIS2_PLACEMENT_3D('',#5161,#4041,#4042);
#3456=AXIS2_PLACEMENT_3D('',#5165,#4044,#4045);
#3457=AXIS2_PLACEMENT_3D('',#5169,#4047,#4048);
#3458=AXIS2_PLACEMENT_3D('',#5170,#4049,#4050);
#3459=AXIS2_PLACEMENT_3D('',#5176,#4054,#4055);
#3460=AXIS2_PLACEMENT_3D('',#5180,#4057,#4058);
#3461=AXIS2_PLACEMENT_3D('',#5181,#4059,#4060);
#3462=AXIS2_PLACEMENT_3D('',#5182,#4061,#4062);
#3463=AXIS2_PLACEMENT_3D('',#5188,#4066,#4067);
#3464=AXIS2_PLACEMENT_3D('',#5192,#4069,#4070);
#3465=AXIS2_PLACEMENT_3D('',#5193,#4071,#4072);
#3466=AXIS2_PLACEMENT_3D('',#5194,#4073,#4074);
#3467=AXIS2_PLACEMENT_3D('',#5200,#4078,#4079);
#3468=AXIS2_PLACEMENT_3D('',#5204,#4081,#4082);
#3469=AXIS2_PLACEMENT_3D('',#5205,#4083,#4084);
#3470=AXIS2_PLACEMENT_3D('',#5206,#4085,#4086);
#3471=AXIS2_PLACEMENT_3D('',#5210,#4088,#4089);
#3472=AXIS2_PLACEMENT_3D('',#5214,#4091,#4092);
#3473=AXIS2_PLACEMENT_3D('',#5215,#4093,#4094);
#3474=AXIS2_PLACEMENT_3D('',#5221,#4098,#4099);
#3475=AXIS2_PLACEMENT_3D('',#5225,#4101,#4102);
#3476=AXIS2_PLACEMENT_3D('',#5226,#4103,#4104);
#3477=AXIS2_PLACEMENT_3D('',#5227,#4105,#4106);
#3478=AXIS2_PLACEMENT_3D('',#5233,#4110,#4111);
#3479=AXIS2_PLACEMENT_3D('',#5237,#4113,#4114);
#3480=AXIS2_PLACEMENT_3D('',#5238,#4115,#4116);
#3481=AXIS2_PLACEMENT_3D('',#5239,#4117,#4118);
#3482=AXIS2_PLACEMENT_3D('',#5245,#4122,#4123);
#3483=AXIS2_PLACEMENT_3D('',#5249,#4125,#4126);
#3484=AXIS2_PLACEMENT_3D('',#5250,#4127,#4128);
#3485=AXIS2_PLACEMENT_3D('',#5251,#4129,#4130);
#3486=AXIS2_PLACEMENT_3D('',#5255,#4132,#4133);
#3487=AXIS2_PLACEMENT_3D('',#5259,#4135,#4136);
#3488=AXIS2_PLACEMENT_3D('',#5260,#4137,#4138);
#3489=AXIS2_PLACEMENT_3D('',#5266,#4142,#4143);
#3490=AXIS2_PLACEMENT_3D('',#5270,#4145,#4146);
#3491=AXIS2_PLACEMENT_3D('',#5271,#4147,#4148);
#3492=AXIS2_PLACEMENT_3D('',#5272,#4149,#4150);
#3493=AXIS2_PLACEMENT_3D('',#5278,#4154,#4155);
#3494=AXIS2_PLACEMENT_3D('',#5282,#4157,#4158);
#3495=AXIS2_PLACEMENT_3D('',#5283,#4159,#4160);
#3496=AXIS2_PLACEMENT_3D('',#5284,#4161,#4162);
#3497=AXIS2_PLACEMENT_3D('',#5290,#4166,#4167);
#3498=AXIS2_PLACEMENT_3D('',#5294,#4169,#4170);
#3499=AXIS2_PLACEMENT_3D('',#5295,#4171,#4172);
#3500=AXIS2_PLACEMENT_3D('',#5296,#4173,#4174);
#3501=AXIS2_PLACEMENT_3D('',#5300,#4176,#4177);
#3502=AXIS2_PLACEMENT_3D('',#5304,#4179,#4180);
#3503=AXIS2_PLACEMENT_3D('',#5305,#4181,#4182);
#3504=AXIS2_PLACEMENT_3D('',#5311,#4186,#4187);
#3505=AXIS2_PLACEMENT_3D('',#5315,#4189,#4190);
#3506=AXIS2_PLACEMENT_3D('',#5316,#4191,#4192);
#3507=AXIS2_PLACEMENT_3D('',#5317,#4193,#4194);
#3508=AXIS2_PLACEMENT_3D('',#5323,#4198,#4199);
#3509=AXIS2_PLACEMENT_3D('',#5327,#4201,#4202);
#3510=AXIS2_PLACEMENT_3D('',#5328,#4203,#4204);
#3511=AXIS2_PLACEMENT_3D('',#5329,#4205,#4206);
#3512=AXIS2_PLACEMENT_3D('',#5335,#4210,#4211);
#3513=AXIS2_PLACEMENT_3D('',#5339,#4213,#4214);
#3514=AXIS2_PLACEMENT_3D('',#5340,#4215,#4216);
#3515=AXIS2_PLACEMENT_3D('',#5341,#4217,#4218);
#3516=AXIS2_PLACEMENT_3D('',#5345,#4220,#4221);
#3517=AXIS2_PLACEMENT_3D('',#5349,#4223,#4224);
#3518=AXIS2_PLACEMENT_3D('',#5350,#4225,#4226);
#3519=AXIS2_PLACEMENT_3D('',#5356,#4230,#4231);
#3520=AXIS2_PLACEMENT_3D('',#5360,#4233,#4234);
#3521=AXIS2_PLACEMENT_3D('',#5361,#4235,#4236);
#3522=AXIS2_PLACEMENT_3D('',#5362,#4237,#4238);
#3523=AXIS2_PLACEMENT_3D('',#5368,#4242,#4243);
#3524=AXIS2_PLACEMENT_3D('',#5372,#4245,#4246);
#3525=AXIS2_PLACEMENT_3D('',#5373,#4247,#4248);
#3526=AXIS2_PLACEMENT_3D('',#5374,#4249,#4250);
#3527=AXIS2_PLACEMENT_3D('',#5380,#4254,#4255);
#3528=AXIS2_PLACEMENT_3D('',#5384,#4257,#4258);
#3529=AXIS2_PLACEMENT_3D('',#5385,#4259,#4260);
#3530=AXIS2_PLACEMENT_3D('',#5386,#4261,#4262);
#3531=AXIS2_PLACEMENT_3D('',#5390,#4264,#4265);
#3532=AXIS2_PLACEMENT_3D('',#5394,#4267,#4268);
#3533=AXIS2_PLACEMENT_3D('',#5395,#4269,#4270);
#3534=AXIS2_PLACEMENT_3D('',#5401,#4274,#4275);
#3535=AXIS2_PLACEMENT_3D('',#5405,#4277,#4278);
#3536=AXIS2_PLACEMENT_3D('',#5406,#4279,#4280);
#3537=AXIS2_PLACEMENT_3D('',#5407,#4281,#4282);
#3538=AXIS2_PLACEMENT_3D('',#5413,#4286,#4287);
#3539=AXIS2_PLACEMENT_3D('',#5417,#4289,#4290);
#3540=AXIS2_PLACEMENT_3D('',#5418,#4291,#4292);
#3541=AXIS2_PLACEMENT_3D('',#5419,#4293,#4294);
#3542=AXIS2_PLACEMENT_3D('',#5425,#4298,#4299);
#3543=AXIS2_PLACEMENT_3D('',#5429,#4301,#4302);
#3544=AXIS2_PLACEMENT_3D('',#5430,#4303,#4304);
#3545=AXIS2_PLACEMENT_3D('',#5431,#4305,#4306);
#3546=AXIS2_PLACEMENT_3D('',#5434,#4309,#4310);
#3547=AXIS2_PLACEMENT_3D('',#5435,#4311,#4312);
#3548=AXIS2_PLACEMENT_3D('',#5437,#4313,#4314);
#3549=AXIS2_PLACEMENT_3D('',#5439,#4315,#4316);
#3550=AXIS2_PLACEMENT_3D('',#5440,#4317,#4318);
#3551=AXIS2_PLACEMENT_3D('',#5442,#4319,#4320);
#3552=AXIS2_PLACEMENT_3D('',#5444,#4321,#4322);
#3553=AXIS2_PLACEMENT_3D('',#5445,#4323,#4324);
#3554=AXIS2_PLACEMENT_3D('',#5447,#4325,#4326);
#3555=AXIS2_PLACEMENT_3D('',#5449,#4327,#4328);
#3556=AXIS2_PLACEMENT_3D('',#5450,#4329,#4330);
#3557=AXIS2_PLACEMENT_3D('',#5452,#4331,#4332);
#3558=AXIS2_PLACEMENT_3D('',#5454,#4333,#4334);
#3559=AXIS2_PLACEMENT_3D('',#5455,#4335,#4336);
#3560=AXIS2_PLACEMENT_3D('',#5457,#4337,#4338);
#3561=AXIS2_PLACEMENT_3D('',#5459,#4339,#4340);
#3562=AXIS2_PLACEMENT_3D('',#5462,#4343,#4344);
#3563=AXIS2_PLACEMENT_3D('',#5463,#4345,#4346);
#3564=AXIS2_PLACEMENT_3D('',#5464,#4347,#4348);
#3565=AXIS2_PLACEMENT_3D('',#5465,#4349,#4350);
#3566=AXIS2_PLACEMENT_3D('',#5468,#4353,#4354);
#3567=AXIS2_PLACEMENT_3D('',#5471,#4357,#4358);
#3568=AXIS2_PLACEMENT_3D('',#5474,#4361,#4362);
#3569=AXIS2_PLACEMENT_3D('',#5477,#4365,#4366);
#3570=AXIS2_PLACEMENT_3D('',#5480,#4369,#4370);
#3571=AXIS2_PLACEMENT_3D('',#5483,#4373,#4374);
#3572=AXIS2_PLACEMENT_3D('',#5486,#4377,#4378);
#3573=AXIS2_PLACEMENT_3D('',#5489,#4381,#4382);
#3574=AXIS2_PLACEMENT_3D('',#5492,#4385,#4386);
#3575=AXIS2_PLACEMENT_3D('',#5501,#4391,#4392);
#3576=AXIS2_PLACEMENT_3D('',#5518,#4401,#4402);
#3577=AXIS2_PLACEMENT_3D('',#5520,#4403,#4404);
#3578=AXIS2_PLACEMENT_3D('',#5522,#4405,#4406);
#3579=AXIS2_PLACEMENT_3D('',#5524,#4407,#4408);
#3580=AXIS2_PLACEMENT_3D('',#5534,#4413,#4414);
#3581=AXIS2_PLACEMENT_3D('',#5536,#4415,#4416);
#3582=AXIS2_PLACEMENT_3D('',#5541,#4418,#4419);
#3583=AXIS2_PLACEMENT_3D('',#5545,#4421,#4422);
#3584=AXIS2_PLACEMENT_3D('',#5549,#4424,#4425);
#3585=AXIS2_PLACEMENT_3D('',#5555,#4428,#4429);
#3586=AXIS2_PLACEMENT_3D('',#5557,#4430,#4431);
#3587=AXIS2_PLACEMENT_3D('',#5561,#4433,#4434);
#3588=AXIS2_PLACEMENT_3D('',#5563,#4435,#4436);
#3589=AXIS2_PLACEMENT_3D('',#5567,#4438,#4439);
#3590=AXIS2_PLACEMENT_3D('',#5571,#4441,#4442);
#3591=AXIS2_PLACEMENT_3D('',#5573,#4443,#4444);
#3592=AXIS2_PLACEMENT_3D('',#5577,#4446,#4447);
#3593=AXIS2_PLACEMENT_3D('',#5579,#4448,#4449);
#3594=AXIS2_PLACEMENT_3D('',#5583,#4451,#4452);
#3595=AXIS2_PLACEMENT_3D('',#5587,#4454,#4455);
#3596=AXIS2_PLACEMENT_3D('',#5589,#4456,#4457);
#3597=AXIS2_PLACEMENT_3D('',#5593,#4459,#4460);
#3598=AXIS2_PLACEMENT_3D('',#5595,#4461,#4462);
#3599=AXIS2_PLACEMENT_3D('',#5599,#4464,#4465);
#3600=AXIS2_PLACEMENT_3D('',#5603,#4467,#4468);
#3601=AXIS2_PLACEMENT_3D('',#5605,#4469,#4470);
#3602=AXIS2_PLACEMENT_3D('',#5609,#4472,#4473);
#3603=AXIS2_PLACEMENT_3D('',#5611,#4474,#4475);
#3604=AXIS2_PLACEMENT_3D('',#5615,#4477,#4478);
#3605=AXIS2_PLACEMENT_3D('',#5616,#4479,#4480);
#3606=AXIS2_PLACEMENT_3D('',#5617,#4481,#4482);
#3607=AXIS2_PLACEMENT_3D('',#5618,#4483,#4484);
#3608=AXIS2_PLACEMENT_3D('',#5619,#4485,#4486);
#3609=AXIS2_PLACEMENT_3D('',#5620,#4487,#4488);
#3610=AXIS2_PLACEMENT_3D('',#5621,#4489,#4490);
#3611=AXIS2_PLACEMENT_3D('',#5622,#4491,#4492);
#3612=AXIS2_PLACEMENT_3D('',#5623,#4493,#4494);
#3613=AXIS2_PLACEMENT_3D('',#5624,#4495,#4496);
#3614=AXIS2_PLACEMENT_3D('',#5625,#4497,#4498);
#3615=AXIS2_PLACEMENT_3D('',#5626,#4499,#4500);
#3616=AXIS2_PLACEMENT_3D('',#5627,#4501,#4502);
#3617=AXIS2_PLACEMENT_3D('',#5628,#4503,#4504);
#3618=AXIS2_PLACEMENT_3D('',#5629,#4505,#4506);
#3619=AXIS2_PLACEMENT_3D('',#5630,#4507,#4508);
#3620=AXIS2_PLACEMENT_3D('',#5631,#4509,#4510);
#3621=AXIS2_PLACEMENT_3D('',#5632,#4511,#4512);
#3622=AXIS2_PLACEMENT_3D('',#5633,#4513,#4514);
#3623=AXIS2_PLACEMENT_3D('',#5634,#4515,#4516);
#3624=AXIS2_PLACEMENT_3D('',#5635,#4517,#4518);
#3625=AXIS2_PLACEMENT_3D('',#5636,#4519,#4520);
#3626=AXIS2_PLACEMENT_3D('',#5637,#4521,#4522);
#3627=AXIS2_PLACEMENT_3D('',#5638,#4523,#4524);
#3628=AXIS2_PLACEMENT_3D('',#5639,#4525,#4526);
#3629=AXIS2_PLACEMENT_3D('',#5640,#4527,#4528);
#3630=AXIS2_PLACEMENT_3D('',#5641,#4529,#4530);
#3631=AXIS2_PLACEMENT_3D('',#5642,#4531,#4532);
#3632=AXIS2_PLACEMENT_3D('',#5643,#4533,#4534);
#3633=AXIS2_PLACEMENT_3D('',#5644,#4535,#4536);
#3634=AXIS2_PLACEMENT_3D('',#5645,#4537,#4538);
#3635=AXIS2_PLACEMENT_3D('',#5646,#4539,#4540);
#3636=AXIS2_PLACEMENT_3D('',#5647,#4541,#4542);
#3637=AXIS2_PLACEMENT_3D('',#5648,#4543,#4544);
#3638=AXIS2_PLACEMENT_3D('',#5649,#4545,#4546);
#3639=AXIS2_PLACEMENT_3D('',#5650,#4547,#4548);
#3640=AXIS2_PLACEMENT_3D('',#5651,#4549,#4550);
#3641=AXIS2_PLACEMENT_3D('',#5652,#4551,#4552);
#3642=AXIS2_PLACEMENT_3D('',#5653,#4553,#4554);
#3643=AXIS2_PLACEMENT_3D('',#5654,#4555,#4556);
#3644=AXIS2_PLACEMENT_3D('',#5655,#4557,#4558);
#3645=AXIS2_PLACEMENT_3D('',#5656,#4559,#4560);
#3646=AXIS2_PLACEMENT_3D('',#5657,#4561,#4562);
#3647=AXIS2_PLACEMENT_3D('',#5658,#4563,#4564);
#3648=AXIS2_PLACEMENT_3D('',#5659,#4565,#4566);
#3649=AXIS2_PLACEMENT_3D('',#5660,#4567,#4568);
#3650=AXIS2_PLACEMENT_3D('',#5661,#4569,#4570);
#3651=AXIS2_PLACEMENT_3D('',#5662,#4571,#4572);
#3652=AXIS2_PLACEMENT_3D('',#5663,#4573,#4574);
#3653=AXIS2_PLACEMENT_3D('',#5664,#4575,#4576);
#3654=AXIS2_PLACEMENT_3D('',#5665,#4577,#4578);
#3655=AXIS2_PLACEMENT_3D('',#5666,#4579,#4580);
#3656=AXIS2_PLACEMENT_3D('',#5667,#4581,#4582);
#3657=AXIS2_PLACEMENT_3D('',#5668,#4583,#4584);
#3658=AXIS2_PLACEMENT_3D('',#5669,#4585,#4586);
#3659=AXIS2_PLACEMENT_3D('',#5670,#4587,#4588);
#3660=AXIS2_PLACEMENT_3D('',#5671,#4589,#4590);
#3661=AXIS2_PLACEMENT_3D('',#5672,#4591,#4592);
#3662=AXIS2_PLACEMENT_3D('',#5673,#4593,#4594);
#3663=AXIS2_PLACEMENT_3D('',#5674,#4595,#4596);
#3664=AXIS2_PLACEMENT_3D('',#5675,#4597,#4598);
#3665=AXIS2_PLACEMENT_3D('',#5676,#4599,#4600);
#3666=AXIS2_PLACEMENT_3D('',#5677,#4601,#4602);
#3667=AXIS2_PLACEMENT_3D('',#5678,#4603,#4604);
#3668=AXIS2_PLACEMENT_3D('',#5679,#4605,#4606);
#3669=AXIS2_PLACEMENT_3D('',#5680,#4607,#4608);
#3670=AXIS2_PLACEMENT_3D('',#5681,#4609,#4610);
#3671=AXIS2_PLACEMENT_3D('',#5682,#4611,#4612);
#3672=AXIS2_PLACEMENT_3D('',#5683,#4613,#4614);
#3673=AXIS2_PLACEMENT_3D('',#5684,#4615,#4616);
#3674=AXIS2_PLACEMENT_3D('',#5685,#4617,#4618);
#3675=AXIS2_PLACEMENT_3D('',#5686,#4619,#4620);
#3676=AXIS2_PLACEMENT_3D('',#5687,#4621,#4622);
#3677=AXIS2_PLACEMENT_3D('',#5688,#4623,#4624);
#3678=AXIS2_PLACEMENT_3D('',#5689,#4625,#4626);
#3679=AXIS2_PLACEMENT_3D('',#5696,#4627,#4628);
#3680=AXIS2_PLACEMENT_3D('',#5697,#4629,#4630);
#3681=AXIS2_PLACEMENT_3D('',#5698,#4631,#4632);
#3682=AXIS2_PLACEMENT_3D('',#5705,#4633,#4634);
#3683=AXIS2_PLACEMENT_3D('',#5706,#4635,#4636);
#3684=AXIS2_PLACEMENT_3D('',#5707,#4637,#4638);
#3685=AXIS2_PLACEMENT_3D('',#5708,#4639,#4640);
#3686=AXIS2_PLACEMENT_3D('',#5711,#4642,#4643);
#3687=AXIS2_PLACEMENT_3D('',#5712,#4644,#4645);
#3688=AXIS2_PLACEMENT_3D('',#5713,#4646,#4647);
#3689=AXIS2_PLACEMENT_3D('',#5716,#4649,#4650);
#3690=AXIS2_PLACEMENT_3D('',#5717,#4651,#4652);
#3691=AXIS2_PLACEMENT_3D('',#5718,#4653,#4654);
#3692=AXIS2_PLACEMENT_3D('',#5719,#4655,#4656);
#3693=AXIS2_PLACEMENT_3D('',#5720,#4657,#4658);
#3694=AXIS2_PLACEMENT_3D('',#5721,#4659,#4660);
#3695=AXIS2_PLACEMENT_3D('',#5722,#4661,#4662);
#3696=AXIS2_PLACEMENT_3D('',#5723,#4663,#4664);
#3697=AXIS2_PLACEMENT_3D('',#5724,#4665,#4666);
#3698=AXIS2_PLACEMENT_3D('',#5725,#4667,#4668);
#3699=AXIS2_PLACEMENT_3D('',#5726,#4669,#4670);
#3700=AXIS2_PLACEMENT_3D('',#5727,#4671,#4672);
#3701=AXIS2_PLACEMENT_3D('',#5728,#4673,#4674);
#3702=AXIS2_PLACEMENT_3D('',#5729,#4675,#4676);
#3703=AXIS2_PLACEMENT_3D('',#5739,#4677,#4678);
#3704=AXIS2_PLACEMENT_3D('',#5740,#4679,#4680);
#3705=AXIS2_PLACEMENT_3D('',#5741,#4681,#4682);
#3706=AXIS2_PLACEMENT_3D('',#5742,#4683,#4684);
#3707=AXIS2_PLACEMENT_3D('',#5743,#4685,#4686);
#3708=AXIS2_PLACEMENT_3D('',#5744,#4687,#4688);
#3709=AXIS2_PLACEMENT_3D('',#5745,#4689,#4690);
#3710=AXIS2_PLACEMENT_3D('',#5746,#4691,#4692);
#3711=AXIS2_PLACEMENT_3D('',#5747,#4693,#4694);
#3712=AXIS2_PLACEMENT_3D('',#5748,#4695,#4696);
#3713=AXIS2_PLACEMENT_3D('',#5749,#4697,#4698);
#3714=AXIS2_PLACEMENT_3D('',#5750,#4699,#4700);
#3715=AXIS2_PLACEMENT_3D('',#5751,#4701,#4702);
#3716=AXIS2_PLACEMENT_3D('',#5758,#4703,#4704);
#3717=AXIS2_PLACEMENT_3D('',#5759,#4705,#4706);
#3718=AXIS2_PLACEMENT_3D('',#5760,#4707,#4708);
#3719=AXIS2_PLACEMENT_3D('',#5766,#4709,#4710);
#3720=AXIS2_PLACEMENT_3D('',#5772,#4711,#4712);
#3721=AXIS2_PLACEMENT_3D('',#5773,#4713,#4714);
#3722=AXIS2_PLACEMENT_3D('',#5781,#4715,#4716);
#3723=AXIS2_PLACEMENT_3D('',#5782,#4717,#4718);
#3724=AXIS2_PLACEMENT_3D('',#5783,#4719,#4720);
#3725=AXIS2_PLACEMENT_3D('',#5784,#4721,#4722);
#3726=AXIS2_PLACEMENT_3D('',#5785,#4723,#4724);
#3727=AXIS2_PLACEMENT_3D('',#5792,#4725,#4726);
#3728=AXIS2_PLACEMENT_3D('',#5799,#4727,#4728);
#3729=AXIS2_PLACEMENT_3D('',#5800,#4729,#4730);
#3730=AXIS2_PLACEMENT_3D('',#5801,#4731,#4732);
#3731=AXIS2_PLACEMENT_3D('',#5802,#4733,#4734);
#3732=AXIS2_PLACEMENT_3D('',#5805,#4736,#4737);
#3733=AXIS2_PLACEMENT_3D('',#5806,#4738,#4739);
#3734=AXIS2_PLACEMENT_3D('',#5807,#4740,#4741);
#3735=AXIS2_PLACEMENT_3D('',#5810,#4743,#4744);
#3736=AXIS2_PLACEMENT_3D('',#5811,#4745,#4746);
#3737=AXIS2_PLACEMENT_3D('',#5812,#4747,#4748);
#3738=AXIS2_PLACEMENT_3D('',#5813,#4749,#4750);
#3739=AXIS2_PLACEMENT_3D('',#5816,#4752,#4753);
#3740=AXIS2_PLACEMENT_3D('',#5817,#4754,#4755);
#3741=AXIS2_PLACEMENT_3D('',#5820,#4757,#4758);
#3742=AXIS2_PLACEMENT_3D('',#5821,#4759,#4760);
#3743=AXIS2_PLACEMENT_3D('',#5822,#4761,#4762);
#3744=AXIS2_PLACEMENT_3D('',#5823,#4763,#4764);
#3745=AXIS2_PLACEMENT_3D('',#5824,#4765,#4766);
#3746=AXIS2_PLACEMENT_3D('',#5827,#4768,#4769);
#3747=AXIS2_PLACEMENT_3D('',#5828,#4770,#4771);
#3748=AXIS2_PLACEMENT_3D('',#5829,#4772,#4773);
#3749=AXIS2_PLACEMENT_3D('',#5830,#4774,#4775);
#3750=AXIS2_PLACEMENT_3D('',#5831,#4776,#4777);
#3751=AXIS2_PLACEMENT_3D('',#5832,#4778,#4779);
#3752=AXIS2_PLACEMENT_3D('',#5833,#4780,#4781);
#3753=AXIS2_PLACEMENT_3D('',#5836,#4783,#4784);
#3754=AXIS2_PLACEMENT_3D('',#5837,#4785,#4786);
#3755=AXIS2_PLACEMENT_3D('',#5838,#4787,#4788);
#3756=AXIS2_PLACEMENT_3D('',#5839,#4789,#4790);
#3757=AXIS2_PLACEMENT_3D('',#5849,#4791,#4792);
#3758=AXIS2_PLACEMENT_3D('',#5850,#4793,#4794);
#3759=AXIS2_PLACEMENT_3D('',#5851,#4795,#4796);
#3760=AXIS2_PLACEMENT_3D('',#5852,#4797,#4798);
#3761=AXIS2_PLACEMENT_3D('',#5853,#4799,#4800);
#3762=AXIS2_PLACEMENT_3D('',#5863,#4801,#4802);
#3763=AXIS2_PLACEMENT_3D('',#5868,#4803,#4804);
#3764=AXIS2_PLACEMENT_3D('',#5869,#4805,#4806);
#3765=AXIS2_PLACEMENT_3D('',#5870,#4807,#4808);
#3766=AXIS2_PLACEMENT_3D('',#5871,#4809,#4810);
#3767=AXIS2_PLACEMENT_3D('',#5872,#4811,#4812);
#3768=AXIS2_PLACEMENT_3D('',#5873,#4813,#4814);
#3769=AXIS2_PLACEMENT_3D('',#5874,#4815,#4816);
#3770=AXIS2_PLACEMENT_3D('',#5875,#4817,#4818);
#3771=AXIS2_PLACEMENT_3D('',#5876,#4819,#4820);
#3772=AXIS2_PLACEMENT_3D('',#5877,#4821,#4822);
#3773=AXIS2_PLACEMENT_3D('',#5878,#4823,#4824);
#3774=AXIS2_PLACEMENT_3D('',#5879,#4825,#4826);
#3775=AXIS2_PLACEMENT_3D('',#5884,#4827,#4828);
#3776=AXIS2_PLACEMENT_3D('',#5890,#4829,#4830);
#3777=AXIS2_PLACEMENT_3D('',#5891,#4831,#4832);
#3778=AXIS2_PLACEMENT_3D('',#5897,#4833,#4834);
#3779=AXIS2_PLACEMENT_3D('',#5898,#4835,#4836);
#3780=AXIS2_PLACEMENT_3D('',#5899,#4837,#4838);
#3781=AXIS2_PLACEMENT_3D('',#5900,#4839,#4840);
#3782=AXIS2_PLACEMENT_3D('',#5901,#4841,#4842);
#3783=AXIS2_PLACEMENT_3D('',#5908,#4843,#4844);
#3784=AXIS2_PLACEMENT_3D('',#5909,#4845,#4846);
#3785=AXIS2_PLACEMENT_3D('',#5910,#4847,#4848);
#3786=AXIS2_PLACEMENT_3D('',#5911,#4849,#4850);
#3787=AXIS2_PLACEMENT_3D('',#5912,#4851,#4852);
#3788=AXIS2_PLACEMENT_3D('',#5919,#4853,#4854);
#3789=AXIS2_PLACEMENT_3D('',#5920,#4855,#4856);
#3790=AXIS2_PLACEMENT_3D('',#5921,#4857,#4858);
#3791=AXIS2_PLACEMENT_3D('',#5922,#4859,#4860);
#3792=AXIS2_PLACEMENT_3D('',#5925,#4862,#4863);
#3793=AXIS2_PLACEMENT_3D('',#5926,#4864,#4865);
#3794=AXIS2_PLACEMENT_3D('',#5929,#4867,#4868);
#3795=AXIS2_PLACEMENT_3D('',#5930,#4869,#4870);
#3796=AXIS2_PLACEMENT_3D('',#5931,#4871,#4872);
#3797=AXIS2_PLACEMENT_3D('',#5932,#4873,#4874);
#3798=AXIS2_PLACEMENT_3D('',#5933,#4875,#4876);
#3799=AXIS2_PLACEMENT_3D('',#5936,#4878,#4879);
#3800=AXIS2_PLACEMENT_3D('',#5937,#4880,#4881);
#3801=AXIS2_PLACEMENT_3D('',#5938,#4882,#4883);
#3802=AXIS2_PLACEMENT_3D('',#5939,#4884,#4885);
#3803=AXIS2_PLACEMENT_3D('',#5940,#4886,#4887);
#3804=AXIS2_PLACEMENT_3D('',#5943,#4889,#4890);
#3805=AXIS2_PLACEMENT_3D('',#5944,#4891,#4892);
#3806=AXIS2_PLACEMENT_3D('',#5945,#4893,#4894);
#3807=AXIS2_PLACEMENT_3D('',#5946,#4895,#4896);
#3808=AXIS2_PLACEMENT_3D('',#5956,#4897,#4898);
#3809=AXIS2_PLACEMENT_3D('',#5961,#4899,#4900);
#3810=AXIS2_PLACEMENT_3D('',#5962,#4901,#4902);
#3811=AXIS2_PLACEMENT_3D('',#5963,#4903,#4904);
#3812=AXIS2_PLACEMENT_3D('',#5964,#4905,#4906);
#3813=AXIS2_PLACEMENT_3D('',#5965,#4907,#4908);
#3814=AXIS2_PLACEMENT_3D('',#5970,#4909,#4910);
#3815=DIRECTION('',(0.,0.,1.));
#3816=DIRECTION('',(1.,0.,0.));
#3817=DIRECTION('',(0.,1.,0.));
#3818=DIRECTION('',(0.,0.,1.));
#3819=DIRECTION('',(1.,0.,0.));
#3820=DIRECTION('',(0.,0.,-1.));
#3821=DIRECTION('',(1.,0.,0.));
#3822=DIRECTION('',(0.,0.,-1.));
#3823=DIRECTION('',(1.,0.,0.));
#3824=DIRECTION('',(0.,0.,-1.));
#3825=DIRECTION('',(0.,-1.,0.));
#3826=DIRECTION('',(0.,0.,-1.));
#3827=DIRECTION('',(0.,-1.,0.));
#3828=DIRECTION('',(0.,0.,-1.));
#3829=DIRECTION('',(0.,1.,0.));
#3830=DIRECTION('',(0.,0.,1.));
#3831=DIRECTION('',(1.,0.,0.));
#3832=DIRECTION('',(0.,0.,-1.));
#3833=DIRECTION('',(1.,0.,0.));
#3834=DIRECTION('',(0.,0.,-1.));
#3835=DIRECTION('',(1.,0.,0.));
#3836=DIRECTION('',(0.,0.,-1.));
#3837=DIRECTION('',(0.,0.,-1.));
#3838=DIRECTION('',(0.,-1.,0.));
#3839=DIRECTION('',(0.,0.,-1.));
#3840=DIRECTION('',(0.,-1.,0.));
#3841=DIRECTION('',(0.,1.,0.));
#3842=DIRECTION('',(0.,0.,1.));
#3843=DIRECTION('',(0.,0.,-1.));
#3844=DIRECTION('',(1.,0.,0.));
#3845=DIRECTION('',(1.,0.,0.));
#3846=DIRECTION('',(1.,0.,0.));
#3847=DIRECTION('',(0.,0.,-1.));
#3848=DIRECTION('',(0.,0.,-1.));
#3849=DIRECTION('',(0.,-1.,0.));
#3850=DIRECTION('',(0.,-1.,0.));
#3851=DIRECTION('',(0.,-1.,0.));
#3852=DIRECTION('',(0.,0.,-1.));
#3853=DIRECTION('',(0.,0.,-1.));
#3854=DIRECTION('',(-1.,0.,0.));
#3855=DIRECTION('',(0.,0.,-1.));
#3856=DIRECTION('',(-1.,0.,0.));
#3857=DIRECTION('',(1.,0.,0.));
#3858=DIRECTION('',(0.,0.,-1.));
#3859=DIRECTION('',(0.,0.,-1.));
#3860=DIRECTION('',(0.,-1.,0.));
#3861=DIRECTION('',(0.,-1.,0.));
#3862=DIRECTION('',(0.,-1.,0.));
#3863=DIRECTION('',(0.,0.,-1.));
#3864=DIRECTION('',(0.,0.,-1.));
#3865=DIRECTION('',(-1.,0.,0.));
#3866=DIRECTION('',(-1.,0.,0.));
#3867=DIRECTION('',(1.,-6.30808536718839E-16,0.));
#3868=DIRECTION('',(6.30808536718839E-16,1.,0.));
#3869=DIRECTION('',(0.,0.,-1.));
#3870=DIRECTION('',(-6.30808536718839E-16,-1.,0.));
#3871=DIRECTION('',(0.,0.,-1.));
#3872=DIRECTION('',(-6.30808536718839E-16,-1.,0.));
#3873=DIRECTION('',(0.,0.,-1.));
#3874=DIRECTION('',(-1.,0.,0.));
#3875=DIRECTION('',(0.,0.,-1.));
#3876=DIRECTION('',(0.,0.,1.));
#3877=DIRECTION('',(1.,0.,0.));
#3878=DIRECTION('',(0.,0.,1.));
#3879=DIRECTION('',(1.,0.,0.));
#3880=DIRECTION('',(0.,-1.,0.));
#3881=DIRECTION('',(0.,0.,-1.));
#3882=DIRECTION('',(0.,0.,-1.));
#3883=DIRECTION('',(-1.,0.,0.));
#3884=DIRECTION('',(-1.,0.,0.));
#3885=DIRECTION('',(0.,0.,-1.));
#3886=DIRECTION('',(-1.,0.,0.));
#3887=DIRECTION('',(0.,0.,-1.));
#3888=DIRECTION('',(0.,0.,1.));
#3889=DIRECTION('',(1.,0.,0.));
#3890=DIRECTION('',(0.,0.,1.));
#3891=DIRECTION('',(1.,0.,0.));
#3892=DIRECTION('',(-1.,0.,0.));
#3893=DIRECTION('',(0.,0.,1.));
#3894=DIRECTION('',(0.,0.,-1.));
#3895=DIRECTION('',(0.,1.,0.));
#3896=DIRECTION('',(0.,1.,0.));
#3897=DIRECTION('',(0.,0.,-1.));
#3898=DIRECTION('',(-1.,0.,0.));
#3899=DIRECTION('',(0.,0.,-1.));
#3900=DIRECTION('',(0.,0.,1.));
#3901=DIRECTION('',(1.,0.,0.));
#3902=DIRECTION('',(0.,0.,1.));
#3903=DIRECTION('',(1.,0.,0.));
#3904=DIRECTION('',(9.36394256708122E-17,1.,0.));
#3905=DIRECTION('',(-1.,9.36394256708122E-17,0.));
#3906=DIRECTION('',(0.,0.,-1.));
#3907=DIRECTION('',(1.,-9.36394256708122E-17,0.));
#3908=DIRECTION('',(1.,-9.36394256708122E-17,0.));
#3909=DIRECTION('',(0.,0.,-1.));
#3910=DIRECTION('',(-1.,0.,0.));
#3911=DIRECTION('',(0.,0.,-1.));
#3912=DIRECTION('',(0.,0.,1.));
#3913=DIRECTION('',(1.,0.,0.));
#3914=DIRECTION('',(0.,0.,-1.));
#3915=DIRECTION('',(0.,0.,1.));
#3916=DIRECTION('',(1.,0.,0.));
#3917=DIRECTION('',(0.,1.,0.));
#3918=DIRECTION('',(0.,0.,1.));
#3919=DIRECTION('',(0.,0.,-1.));
#3920=DIRECTION('',(1.,0.,0.));
#3921=DIRECTION('',(1.,0.,0.));
#3922=DIRECTION('',(0.,0.,-1.));
#3923=DIRECTION('',(-1.,0.,0.));
#3924=DIRECTION('',(0.,0.,-1.));
#3925=DIRECTION('',(0.,0.,1.));
#3926=DIRECTION('',(1.,0.,0.));
#3927=DIRECTION('',(0.,0.,1.));
#3928=DIRECTION('',(1.,0.,0.));
#3929=DIRECTION('',(1.,0.,0.));
#3930=DIRECTION('',(0.,0.,-1.));
#3931=DIRECTION('',(0.,0.,-1.));
#3932=DIRECTION('',(0.,-1.,0.));
#3933=DIRECTION('',(0.,-1.,0.));
#3934=DIRECTION('',(0.,0.,-1.));
#3935=DIRECTION('',(-1.,0.,0.));
#3936=DIRECTION('',(0.,0.,-1.));
#3937=DIRECTION('',(0.,0.,1.));
#3938=DIRECTION('',(1.,0.,0.));
#3939=DIRECTION('',(0.,0.,1.));
#3940=DIRECTION('',(1.,0.,0.));
#3941=DIRECTION('',(0.,1.,0.));
#3942=DIRECTION('',(0.,0.,1.));
#3943=DIRECTION('',(0.,0.,-1.));
#3944=DIRECTION('',(1.,0.,0.));
#3945=DIRECTION('',(1.,0.,0.));
#3946=DIRECTION('',(0.,0.,-1.));
#3947=DIRECTION('',(-1.,0.,0.));
#3948=DIRECTION('',(0.,0.,-1.));
#3949=DIRECTION('',(0.,0.,1.));
#3950=DIRECTION('',(1.,0.,0.));
#3951=DIRECTION('',(0.,0.,1.));
#3952=DIRECTION('',(1.,0.,0.));
#3953=DIRECTION('',(0.,0.,-1.));
#3954=DIRECTION('',(-1.,0.,0.));
#3955=DIRECTION('',(0.,0.,-1.));
#3956=DIRECTION('',(0.,0.,1.));
#3957=DIRECTION('',(1.,0.,0.));
#3958=DIRECTION('',(0.,0.,-1.));
#3959=DIRECTION('',(0.,0.,1.));
#3960=DIRECTION('',(1.,0.,0.));
#3961=DIRECTION('',(0.,1.,0.));
#3962=DIRECTION('',(0.,0.,1.));
#3963=DIRECTION('',(0.,0.,-1.));
#3964=DIRECTION('',(1.,0.,0.));
#3965=DIRECTION('',(1.,0.,0.));
#3966=DIRECTION('',(0.,0.,-1.));
#3967=DIRECTION('',(-1.,0.,0.));
#3968=DIRECTION('',(0.,0.,-1.));
#3969=DIRECTION('',(0.,0.,1.));
#3970=DIRECTION('',(1.,0.,0.));
#3971=DIRECTION('',(0.,0.,1.));
#3972=DIRECTION('',(1.,0.,0.));
#3973=DIRECTION('',(1.,0.,0.));
#3974=DIRECTION('',(0.,0.,-1.));
#3975=DIRECTION('',(0.,0.,-1.));
#3976=DIRECTION('',(0.,-1.,0.));
#3977=DIRECTION('',(0.,-1.,0.));
#3978=DIRECTION('',(0.,0.,-1.));
#3979=DIRECTION('',(-1.,0.,0.));
#3980=DIRECTION('',(0.,0.,-1.));
#3981=DIRECTION('',(0.,0.,1.));
#3982=DIRECTION('',(1.,0.,0.));
#3983=DIRECTION('',(0.,0.,1.));
#3984=DIRECTION('',(1.,0.,0.));
#3985=DIRECTION('',(0.,1.,0.));
#3986=DIRECTION('',(0.,0.,1.));
#3987=DIRECTION('',(0.,0.,-1.));
#3988=DIRECTION('',(1.,0.,0.));
#3989=DIRECTION('',(1.,0.,0.));
#3990=DIRECTION('',(0.,0.,-1.));
#3991=DIRECTION('',(-1.,0.,0.));
#3992=DIRECTION('',(0.,0.,-1.));
#3993=DIRECTION('',(0.,0.,1.));
#3994=DIRECTION('',(1.,0.,0.));
#3995=DIRECTION('',(0.,0.,1.));
#3996=DIRECTION('',(1.,0.,0.));
#3997=DIRECTION('',(0.,0.,-1.));
#3998=DIRECTION('',(-1.,0.,0.));
#3999=DIRECTION('',(0.,0.,-1.));
#4000=DIRECTION('',(0.,0.,1.));
#4001=DIRECTION('',(1.,0.,0.));
#4002=DIRECTION('',(0.,0.,-1.));
#4003=DIRECTION('',(0.,0.,1.));
#4004=DIRECTION('',(1.,0.,0.));
#4005=DIRECTION('',(0.,1.,0.));
#4006=DIRECTION('',(0.,0.,1.));
#4007=DIRECTION('',(0.,0.,-1.));
#4008=DIRECTION('',(1.,0.,0.));
#4009=DIRECTION('',(1.,0.,0.));
#4010=DIRECTION('',(0.,0.,-1.));
#4011=DIRECTION('',(-1.,0.,0.));
#4012=DIRECTION('',(0.,0.,-1.));
#4013=DIRECTION('',(0.,0.,1.));
#4014=DIRECTION('',(1.,0.,0.));
#4015=DIRECTION('',(0.,0.,1.));
#4016=DIRECTION('',(1.,0.,0.));
#4017=DIRECTION('',(1.,0.,0.));
#4018=DIRECTION('',(0.,0.,-1.));
#4019=DIRECTION('',(0.,0.,-1.));
#4020=DIRECTION('',(0.,-1.,0.));
#4021=DIRECTION('',(0.,-1.,0.));
#4022=DIRECTION('',(0.,0.,-1.));
#4023=DIRECTION('',(-1.,0.,0.));
#4024=DIRECTION('',(0.,0.,-1.));
#4025=DIRECTION('',(0.,0.,1.));
#4026=DIRECTION('',(1.,0.,0.));
#4027=DIRECTION('',(0.,0.,1.));
#4028=DIRECTION('',(1.,0.,0.));
#4029=DIRECTION('',(0.,1.,0.));
#4030=DIRECTION('',(0.,0.,1.));
#4031=DIRECTION('',(0.,0.,-1.));
#4032=DIRECTION('',(1.,0.,0.));
#4033=DIRECTION('',(1.,0.,0.));
#4034=DIRECTION('',(0.,0.,-1.));
#4035=DIRECTION('',(-1.,0.,0.));
#4036=DIRECTION('',(0.,0.,-1.));
#4037=DIRECTION('',(0.,0.,1.));
#4038=DIRECTION('',(1.,0.,0.));
#4039=DIRECTION('',(0.,0.,1.));
#4040=DIRECTION('',(1.,0.,0.));
#4041=DIRECTION('',(0.,0.,-1.));
#4042=DIRECTION('',(-1.,0.,0.));
#4043=DIRECTION('',(0.,0.,-1.));
#4044=DIRECTION('',(0.,0.,1.));
#4045=DIRECTION('',(1.,0.,0.));
#4046=DIRECTION('',(0.,0.,-1.));
#4047=DIRECTION('',(0.,0.,1.));
#4048=DIRECTION('',(1.,0.,0.));
#4049=DIRECTION('',(0.,1.,0.));
#4050=DIRECTION('',(0.,0.,1.));
#4051=DIRECTION('',(0.,0.,-1.));
#4052=DIRECTION('',(1.,0.,0.));
#4053=DIRECTION('',(1.,0.,0.));
#4054=DIRECTION('',(0.,0.,-1.));
#4055=DIRECTION('',(-1.,0.,0.));
#4056=DIRECTION('',(0.,0.,-1.));
#4057=DIRECTION('',(0.,0.,1.));
#4058=DIRECTION('',(1.,0.,0.));
#4059=DIRECTION('',(0.,0.,1.));
#4060=DIRECTION('',(1.,0.,0.));
#4061=DIRECTION('',(1.,0.,0.));
#4062=DIRECTION('',(0.,0.,-1.));
#4063=DIRECTION('',(0.,0.,-1.));
#4064=DIRECTION('',(0.,-1.,0.));
#4065=DIRECTION('',(0.,-1.,0.));
#4066=DIRECTION('',(0.,0.,-1.));
#4067=DIRECTION('',(-1.,0.,0.));
#4068=DIRECTION('',(0.,0.,-1.));
#4069=DIRECTION('',(0.,0.,1.));
#4070=DIRECTION('',(1.,0.,0.));
#4071=DIRECTION('',(0.,0.,1.));
#4072=DIRECTION('',(1.,0.,0.));
#4073=DIRECTION('',(0.,1.,0.));
#4074=DIRECTION('',(0.,0.,1.));
#4075=DIRECTION('',(0.,0.,-1.));
#4076=DIRECTION('',(1.,0.,0.));
#4077=DIRECTION('',(1.,0.,0.));
#4078=DIRECTION('',(0.,0.,-1.));
#4079=DIRECTION('',(-1.,0.,0.));
#4080=DIRECTION('',(0.,0.,-1.));
#4081=DIRECTION('',(0.,0.,1.));
#4082=DIRECTION('',(1.,0.,0.));
#4083=DIRECTION('',(0.,0.,1.));
#4084=DIRECTION('',(1.,0.,0.));
#4085=DIRECTION('',(0.,0.,-1.));
#4086=DIRECTION('',(-1.,0.,0.));
#4087=DIRECTION('',(0.,0.,-1.));
#4088=DIRECTION('',(0.,0.,1.));
#4089=DIRECTION('',(1.,0.,0.));
#4090=DIRECTION('',(0.,0.,-1.));
#4091=DIRECTION('',(0.,0.,1.));
#4092=DIRECTION('',(1.,0.,0.));
#4093=DIRECTION('',(0.,1.,0.));
#4094=DIRECTION('',(0.,0.,1.));
#4095=DIRECTION('',(0.,0.,-1.));
#4096=DIRECTION('',(1.,0.,0.));
#4097=DIRECTION('',(1.,0.,0.));
#4098=DIRECTION('',(0.,0.,-1.));
#4099=DIRECTION('',(-1.,0.,0.));
#4100=DIRECTION('',(0.,0.,-1.));
#4101=DIRECTION('',(0.,0.,1.));
#4102=DIRECTION('',(1.,0.,0.));
#4103=DIRECTION('',(0.,0.,1.));
#4104=DIRECTION('',(1.,0.,0.));
#4105=DIRECTION('',(1.,0.,0.));
#4106=DIRECTION('',(0.,0.,-1.));
#4107=DIRECTION('',(0.,0.,-1.));
#4108=DIRECTION('',(0.,-1.,0.));
#4109=DIRECTION('',(0.,-1.,0.));
#4110=DIRECTION('',(0.,0.,-1.));
#4111=DIRECTION('',(-1.,0.,0.));
#4112=DIRECTION('',(0.,0.,-1.));
#4113=DIRECTION('',(0.,0.,1.));
#4114=DIRECTION('',(1.,0.,0.));
#4115=DIRECTION('',(0.,0.,1.));
#4116=DIRECTION('',(1.,0.,0.));
#4117=DIRECTION('',(0.,1.,0.));
#4118=DIRECTION('',(0.,0.,1.));
#4119=DIRECTION('',(0.,0.,-1.));
#4120=DIRECTION('',(1.,0.,0.));
#4121=DIRECTION('',(1.,0.,0.));
#4122=DIRECTION('',(0.,0.,-1.));
#4123=DIRECTION('',(-1.,0.,0.));
#4124=DIRECTION('',(0.,0.,-1.));
#4125=DIRECTION('',(0.,0.,1.));
#4126=DIRECTION('',(1.,0.,0.));
#4127=DIRECTION('',(0.,0.,1.));
#4128=DIRECTION('',(1.,0.,0.));
#4129=DIRECTION('',(0.,0.,-1.));
#4130=DIRECTION('',(-1.,0.,0.));
#4131=DIRECTION('',(0.,0.,-1.));
#4132=DIRECTION('',(0.,0.,1.));
#4133=DIRECTION('',(1.,0.,0.));
#4134=DIRECTION('',(0.,0.,-1.));
#4135=DIRECTION('',(0.,0.,1.));
#4136=DIRECTION('',(1.,0.,0.));
#4137=DIRECTION('',(0.,1.,0.));
#4138=DIRECTION('',(0.,0.,1.));
#4139=DIRECTION('',(0.,0.,-1.));
#4140=DIRECTION('',(1.,0.,0.));
#4141=DIRECTION('',(1.,0.,0.));
#4142=DIRECTION('',(0.,0.,-1.));
#4143=DIRECTION('',(-1.,0.,0.));
#4144=DIRECTION('',(0.,0.,-1.));
#4145=DIRECTION('',(0.,0.,1.));
#4146=DIRECTION('',(1.,0.,0.));
#4147=DIRECTION('',(0.,0.,1.));
#4148=DIRECTION('',(1.,0.,0.));
#4149=DIRECTION('',(1.,0.,0.));
#4150=DIRECTION('',(0.,0.,-1.));
#4151=DIRECTION('',(0.,0.,-1.));
#4152=DIRECTION('',(0.,-1.,0.));
#4153=DIRECTION('',(0.,-1.,0.));
#4154=DIRECTION('',(0.,0.,-1.));
#4155=DIRECTION('',(-1.,0.,0.));
#4156=DIRECTION('',(0.,0.,-1.));
#4157=DIRECTION('',(0.,0.,1.));
#4158=DIRECTION('',(1.,0.,0.));
#4159=DIRECTION('',(0.,0.,1.));
#4160=DIRECTION('',(1.,0.,0.));
#4161=DIRECTION('',(0.,1.,0.));
#4162=DIRECTION('',(0.,0.,1.));
#4163=DIRECTION('',(0.,0.,-1.));
#4164=DIRECTION('',(1.,0.,0.));
#4165=DIRECTION('',(1.,0.,0.));
#4166=DIRECTION('',(0.,0.,-1.));
#4167=DIRECTION('',(-1.,0.,0.));
#4168=DIRECTION('',(0.,0.,-1.));
#4169=DIRECTION('',(0.,0.,1.));
#4170=DIRECTION('',(1.,0.,0.));
#4171=DIRECTION('',(0.,0.,1.));
#4172=DIRECTION('',(1.,0.,0.));
#4173=DIRECTION('',(0.,0.,-1.));
#4174=DIRECTION('',(-1.,0.,0.));
#4175=DIRECTION('',(0.,0.,-1.));
#4176=DIRECTION('',(0.,0.,1.));
#4177=DIRECTION('',(1.,0.,0.));
#4178=DIRECTION('',(0.,0.,-1.));
#4179=DIRECTION('',(0.,0.,1.));
#4180=DIRECTION('',(1.,0.,0.));
#4181=DIRECTION('',(0.,1.,0.));
#4182=DIRECTION('',(0.,0.,1.));
#4183=DIRECTION('',(0.,0.,-1.));
#4184=DIRECTION('',(1.,0.,0.));
#4185=DIRECTION('',(1.,0.,0.));
#4186=DIRECTION('',(0.,0.,-1.));
#4187=DIRECTION('',(-1.,0.,0.));
#4188=DIRECTION('',(0.,0.,-1.));
#4189=DIRECTION('',(0.,0.,1.));
#4190=DIRECTION('',(1.,0.,0.));
#4191=DIRECTION('',(0.,0.,1.));
#4192=DIRECTION('',(1.,0.,0.));
#4193=DIRECTION('',(1.,0.,0.));
#4194=DIRECTION('',(0.,0.,-1.));
#4195=DIRECTION('',(0.,0.,-1.));
#4196=DIRECTION('',(0.,-1.,0.));
#4197=DIRECTION('',(0.,-1.,0.));
#4198=DIRECTION('',(0.,0.,-1.));
#4199=DIRECTION('',(-1.,0.,0.));
#4200=DIRECTION('',(0.,0.,-1.));
#4201=DIRECTION('',(0.,0.,1.));
#4202=DIRECTION('',(1.,0.,0.));
#4203=DIRECTION('',(0.,0.,1.));
#4204=DIRECTION('',(1.,0.,0.));
#4205=DIRECTION('',(0.,1.,0.));
#4206=DIRECTION('',(0.,0.,1.));
#4207=DIRECTION('',(0.,0.,-1.));
#4208=DIRECTION('',(1.,0.,0.));
#4209=DIRECTION('',(1.,0.,0.));
#4210=DIRECTION('',(0.,0.,-1.));
#4211=DIRECTION('',(-1.,0.,0.));
#4212=DIRECTION('',(0.,0.,-1.));
#4213=DIRECTION('',(0.,0.,1.));
#4214=DIRECTION('',(1.,0.,0.));
#4215=DIRECTION('',(0.,0.,1.));
#4216=DIRECTION('',(1.,0.,0.));
#4217=DIRECTION('',(0.,0.,-1.));
#4218=DIRECTION('',(-1.,0.,0.));
#4219=DIRECTION('',(0.,0.,-1.));
#4220=DIRECTION('',(0.,0.,1.));
#4221=DIRECTION('',(1.,0.,0.));
#4222=DIRECTION('',(0.,0.,-1.));
#4223=DIRECTION('',(0.,0.,1.));
#4224=DIRECTION('',(1.,0.,0.));
#4225=DIRECTION('',(0.,1.,0.));
#4226=DIRECTION('',(0.,0.,1.));
#4227=DIRECTION('',(0.,0.,-1.));
#4228=DIRECTION('',(1.,0.,0.));
#4229=DIRECTION('',(1.,0.,0.));
#4230=DIRECTION('',(0.,0.,-1.));
#4231=DIRECTION('',(-1.,0.,0.));
#4232=DIRECTION('',(0.,0.,-1.));
#4233=DIRECTION('',(0.,0.,1.));
#4234=DIRECTION('',(1.,0.,0.));
#4235=DIRECTION('',(0.,0.,1.));
#4236=DIRECTION('',(1.,0.,0.));
#4237=DIRECTION('',(1.,0.,0.));
#4238=DIRECTION('',(0.,0.,-1.));
#4239=DIRECTION('',(0.,0.,-1.));
#4240=DIRECTION('',(0.,-1.,0.));
#4241=DIRECTION('',(0.,-1.,0.));
#4242=DIRECTION('',(0.,0.,-1.));
#4243=DIRECTION('',(-1.,0.,0.));
#4244=DIRECTION('',(0.,0.,-1.));
#4245=DIRECTION('',(0.,0.,1.));
#4246=DIRECTION('',(1.,0.,0.));
#4247=DIRECTION('',(0.,0.,1.));
#4248=DIRECTION('',(1.,0.,0.));
#4249=DIRECTION('',(0.,1.,0.));
#4250=DIRECTION('',(0.,0.,1.));
#4251=DIRECTION('',(0.,0.,-1.));
#4252=DIRECTION('',(1.,0.,0.));
#4253=DIRECTION('',(1.,0.,0.));
#4254=DIRECTION('',(0.,0.,-1.));
#4255=DIRECTION('',(-1.,0.,0.));
#4256=DIRECTION('',(0.,0.,-1.));
#4257=DIRECTION('',(0.,0.,1.));
#4258=DIRECTION('',(1.,0.,0.));
#4259=DIRECTION('',(0.,0.,1.));
#4260=DIRECTION('',(1.,0.,0.));
#4261=DIRECTION('',(0.,0.,-1.));
#4262=DIRECTION('',(-1.,0.,0.));
#4263=DIRECTION('',(0.,0.,-1.));
#4264=DIRECTION('',(0.,0.,1.));
#4265=DIRECTION('',(1.,0.,0.));
#4266=DIRECTION('',(0.,0.,-1.));
#4267=DIRECTION('',(0.,0.,1.));
#4268=DIRECTION('',(1.,0.,0.));
#4269=DIRECTION('',(0.,1.,0.));
#4270=DIRECTION('',(0.,0.,1.));
#4271=DIRECTION('',(0.,0.,-1.));
#4272=DIRECTION('',(1.,0.,0.));
#4273=DIRECTION('',(1.,0.,0.));
#4274=DIRECTION('',(0.,0.,-1.));
#4275=DIRECTION('',(-1.,0.,0.));
#4276=DIRECTION('',(0.,0.,-1.));
#4277=DIRECTION('',(0.,0.,1.));
#4278=DIRECTION('',(1.,0.,0.));
#4279=DIRECTION('',(0.,0.,1.));
#4280=DIRECTION('',(1.,0.,0.));
#4281=DIRECTION('',(1.,0.,0.));
#4282=DIRECTION('',(0.,0.,-1.));
#4283=DIRECTION('',(0.,0.,-1.));
#4284=DIRECTION('',(0.,-1.,0.));
#4285=DIRECTION('',(0.,-1.,0.));
#4286=DIRECTION('',(0.,0.,-1.));
#4287=DIRECTION('',(-1.,0.,0.));
#4288=DIRECTION('',(0.,0.,-1.));
#4289=DIRECTION('',(0.,0.,1.));
#4290=DIRECTION('',(1.,0.,0.));
#4291=DIRECTION('',(0.,0.,1.));
#4292=DIRECTION('',(1.,0.,0.));
#4293=DIRECTION('',(0.,1.,0.));
#4294=DIRECTION('',(0.,0.,1.));
#4295=DIRECTION('',(0.,0.,-1.));
#4296=DIRECTION('',(1.,0.,0.));
#4297=DIRECTION('',(1.,0.,0.));
#4298=DIRECTION('',(0.,0.,-1.));
#4299=DIRECTION('',(-1.,0.,0.));
#4300=DIRECTION('',(0.,0.,-1.));
#4301=DIRECTION('',(0.,0.,1.));
#4302=DIRECTION('',(1.,0.,0.));
#4303=DIRECTION('',(0.,0.,1.));
#4304=DIRECTION('',(1.,0.,0.));
#4305=DIRECTION('',(0.,1.,0.));
#4306=DIRECTION('',(0.,0.,1.));
#4307=DIRECTION('',(1.,0.,0.));
#4308=DIRECTION('',(1.,0.,0.));
#4309=DIRECTION('',(0.,0.,-1.));
#4310=DIRECTION('',(-1.,0.,0.));
#4311=DIRECTION('',(0.,0.,1.));
#4312=DIRECTION('',(1.,0.,0.));
#4313=DIRECTION('',(0.,0.,1.));
#4314=DIRECTION('',(1.,0.,0.));
#4315=DIRECTION('',(0.,0.,-1.));
#4316=DIRECTION('',(-1.,0.,0.));
#4317=DIRECTION('',(0.,0.,1.));
#4318=DIRECTION('',(1.,0.,0.));
#4319=DIRECTION('',(0.,0.,1.));
#4320=DIRECTION('',(1.,0.,0.));
#4321=DIRECTION('',(0.,0.,-1.));
#4322=DIRECTION('',(-1.,0.,0.));
#4323=DIRECTION('',(0.,0.,1.));
#4324=DIRECTION('',(1.,0.,0.));
#4325=DIRECTION('',(0.,0.,1.));
#4326=DIRECTION('',(1.,0.,0.));
#4327=DIRECTION('',(0.,0.,-1.));
#4328=DIRECTION('',(-1.,0.,0.));
#4329=DIRECTION('',(0.,0.,1.));
#4330=DIRECTION('',(1.,0.,0.));
#4331=DIRECTION('',(0.,0.,1.));
#4332=DIRECTION('',(1.,0.,0.));
#4333=DIRECTION('',(0.,0.,-1.));
#4334=DIRECTION('',(-1.,0.,0.));
#4335=DIRECTION('',(0.,0.,1.));
#4336=DIRECTION('',(1.,0.,0.));
#4337=DIRECTION('',(0.,0.,1.));
#4338=DIRECTION('',(1.,0.,0.));
#4339=DIRECTION('',(1.,0.,0.));
#4340=DIRECTION('',(0.,0.,-1.));
#4341=DIRECTION('',(0.,-1.,0.));
#4342=DIRECTION('',(0.,-1.,0.));
#4343=DIRECTION('',(0.,0.,-1.));
#4344=DIRECTION('',(-1.,0.,0.));
#4345=DIRECTION('',(0.,0.,1.));
#4346=DIRECTION('',(1.,0.,0.));
#4347=DIRECTION('',(0.,0.,1.));
#4348=DIRECTION('',(1.,0.,0.));
#4349=DIRECTION('',(1.,0.,0.));
#4350=DIRECTION('',(0.,0.,-1.));
#4351=DIRECTION('',(0.,-1.,0.));
#4352=DIRECTION('',(0.,-1.,0.));
#4353=DIRECTION('',(1.,0.,0.));
#4354=DIRECTION('',(0.,0.,-1.));
#4355=DIRECTION('',(0.,-1.,0.));
#4356=DIRECTION('',(0.,-1.,0.));
#4357=DIRECTION('',(1.,0.,0.));
#4358=DIRECTION('',(0.,0.,-1.));
#4359=DIRECTION('',(0.,-1.,0.));
#4360=DIRECTION('',(0.,-1.,0.));
#4361=DIRECTION('',(1.,0.,0.));
#4362=DIRECTION('',(0.,0.,-1.));
#4363=DIRECTION('',(0.,-1.,0.));
#4364=DIRECTION('',(0.,-1.,0.));
#4365=DIRECTION('',(1.,0.,0.));
#4366=DIRECTION('',(0.,0.,-1.));
#4367=DIRECTION('',(0.,-1.,0.));
#4368=DIRECTION('',(0.,-1.,0.));
#4369=DIRECTION('',(1.,0.,0.));
#4370=DIRECTION('',(0.,0.,-1.));
#4371=DIRECTION('',(0.,-1.,0.));
#4372=DIRECTION('',(0.,-1.,0.));
#4373=DIRECTION('',(1.,0.,0.));
#4374=DIRECTION('',(0.,0.,-1.));
#4375=DIRECTION('',(0.,-1.,0.));
#4376=DIRECTION('',(0.,-1.,0.));
#4377=DIRECTION('',(1.,0.,0.));
#4378=DIRECTION('',(0.,0.,-1.));
#4379=DIRECTION('',(0.,-1.,0.));
#4380=DIRECTION('',(0.,-1.,0.));
#4381=DIRECTION('',(1.,0.,0.));
#4382=DIRECTION('',(0.,0.,-1.));
#4383=DIRECTION('',(0.,-1.,0.));
#4384=DIRECTION('',(0.,-1.,0.));
#4385=DIRECTION('',(1.,0.,0.));
#4386=DIRECTION('',(0.,0.,-1.));
#4387=DIRECTION('',(0.,-1.,0.));
#4388=DIRECTION('',(0.,0.,-1.));
#4389=DIRECTION('',(0.,-1.,0.));
#4390=DIRECTION('',(0.,0.,-1.));
#4391=DIRECTION('',(0.,0.,1.));
#4392=DIRECTION('',(1.,0.,0.));
#4393=DIRECTION('',(0.,-1.,0.));
#4394=DIRECTION('',(-1.,0.,0.));
#4395=DIRECTION('',(0.,-1.,0.));
#4396=DIRECTION('',(-1.,0.,0.));
#4397=DIRECTION('',(0.,-1.,0.));
#4398=DIRECTION('',(1.,0.,0.));
#4399=DIRECTION('',(0.,-1.,0.));
#4400=DIRECTION('',(1.,0.,0.));
#4401=DIRECTION('',(0.,0.,1.));
#4402=DIRECTION('',(1.,0.,0.));
#4403=DIRECTION('',(0.,0.,1.));
#4404=DIRECTION('',(1.,0.,0.));
#4405=DIRECTION('',(0.,0.,1.));
#4406=DIRECTION('',(1.,0.,0.));
#4407=DIRECTION('',(0.,0.,1.));
#4408=DIRECTION('',(1.,0.,0.));
#4409=DIRECTION('',(0.,-1.,0.));
#4410=DIRECTION('',(1.,0.,0.));
#4411=DIRECTION('',(0.,-1.,0.));
#4412=DIRECTION('',(1.,0.,0.));
#4413=DIRECTION('',(0.,0.,1.));
#4414=DIRECTION('',(1.,0.,0.));
#4415=DIRECTION('',(0.,0.,1.));
#4416=DIRECTION('',(1.,0.,0.));
#4417=DIRECTION('',(-1.,0.,0.));
#4418=DIRECTION('',(0.,0.,1.));
#4419=DIRECTION('',(1.,0.,0.));
#4420=DIRECTION('',(0.,1.,0.));
#4421=DIRECTION('',(0.,0.,1.));
#4422=DIRECTION('',(1.,0.,0.));
#4423=DIRECTION('',(1.,-9.36394256708122E-17,0.));
#4424=DIRECTION('',(0.,0.,1.));
#4425=DIRECTION('',(1.,0.,0.));
#4426=DIRECTION('',(-6.30808536718839E-16,-1.,0.));
#4427=DIRECTION('',(0.,-1.,0.));
#4428=DIRECTION('',(0.,0.,1.));
#4429=DIRECTION('',(1.,0.,0.));
#4430=DIRECTION('',(0.,0.,1.));
#4431=DIRECTION('',(1.,0.,0.));
#4432=DIRECTION('',(0.,-1.,0.));
#4433=DIRECTION('',(0.,0.,1.));
#4434=DIRECTION('',(1.,0.,0.));
#4435=DIRECTION('',(0.,0.,1.));
#4436=DIRECTION('',(1.,0.,0.));
#4437=DIRECTION('',(0.,-1.,0.));
#4438=DIRECTION('',(0.,0.,1.));
#4439=DIRECTION('',(1.,0.,0.));
#4440=DIRECTION('',(1.,0.,0.));
#4441=DIRECTION('',(0.,0.,1.));
#4442=DIRECTION('',(1.,0.,0.));
#4443=DIRECTION('',(0.,0.,1.));
#4444=DIRECTION('',(1.,0.,0.));
#4445=DIRECTION('',(1.,0.,0.));
#4446=DIRECTION('',(0.,0.,1.));
#4447=DIRECTION('',(1.,0.,0.));
#4448=DIRECTION('',(0.,0.,1.));
#4449=DIRECTION('',(1.,0.,0.));
#4450=DIRECTION('',(1.,0.,0.));
#4451=DIRECTION('',(0.,0.,1.));
#4452=DIRECTION('',(1.,0.,0.));
#4453=DIRECTION('',(0.,-1.,0.));
#4454=DIRECTION('',(0.,0.,1.));
#4455=DIRECTION('',(1.,0.,0.));
#4456=DIRECTION('',(0.,0.,1.));
#4457=DIRECTION('',(1.,0.,0.));
#4458=DIRECTION('',(0.,-1.,0.));
#4459=DIRECTION('',(0.,0.,1.));
#4460=DIRECTION('',(1.,0.,0.));
#4461=DIRECTION('',(0.,0.,1.));
#4462=DIRECTION('',(1.,0.,0.));
#4463=DIRECTION('',(0.,-1.,0.));
#4464=DIRECTION('',(0.,0.,1.));
#4465=DIRECTION('',(1.,0.,0.));
#4466=DIRECTION('',(1.,0.,0.));
#4467=DIRECTION('',(0.,0.,1.));
#4468=DIRECTION('',(1.,0.,0.));
#4469=DIRECTION('',(0.,0.,1.));
#4470=DIRECTION('',(1.,0.,0.));
#4471=DIRECTION('',(1.,0.,0.));
#4472=DIRECTION('',(0.,0.,1.));
#4473=DIRECTION('',(1.,0.,0.));
#4474=DIRECTION('',(0.,0.,1.));
#4475=DIRECTION('',(1.,0.,0.));
#4476=DIRECTION('',(1.,0.,0.));
#4477=DIRECTION('',(0.,0.,1.));
#4478=DIRECTION('',(1.,0.,0.));
#4479=DIRECTION('',(0.,0.,1.));
#4480=DIRECTION('',(1.,0.,0.));
#4481=DIRECTION('',(0.,0.,1.));
#4482=DIRECTION('',(1.,0.,0.));
#4483=DIRECTION('',(0.,0.,1.));
#4484=DIRECTION('',(1.,0.,0.));
#4485=DIRECTION('',(0.,0.,1.));
#4486=DIRECTION('',(1.,0.,0.));
#4487=DIRECTION('',(0.,0.,1.));
#4488=DIRECTION('',(1.,0.,0.));
#4489=DIRECTION('',(0.,0.,-1.));
#4490=DIRECTION('',(-1.,0.,0.));
#4491=DIRECTION('',(0.,0.,1.));
#4492=DIRECTION('',(1.,0.,0.));
#4493=DIRECTION('',(0.,1.,0.));
#4494=DIRECTION('',(0.,0.,1.));
#4495=DIRECTION('',(0.,1.,0.));
#4496=DIRECTION('',(0.,0.,1.));
#4497=DIRECTION('',(1.,0.,0.));
#4498=DIRECTION('',(0.,0.,-1.));
#4499=DIRECTION('',(0.,0.,1.));
#4500=DIRECTION('',(1.,0.,0.));
#4501=DIRECTION('',(0.,0.,1.));
#4502=DIRECTION('',(1.,0.,0.));
#4503=DIRECTION('',(1.,0.,0.));
#4504=DIRECTION('',(0.,0.,-1.));
#4505=DIRECTION('',(-1.,0.,0.));
#4506=DIRECTION('',(0.,0.,1.));
#4507=DIRECTION('',(0.,-1.,0.));
#4508=DIRECTION('',(0.,0.,-1.));
#4509=DIRECTION('',(0.,-1.,0.));
#4510=DIRECTION('',(0.,0.,-1.));
#4511=DIRECTION('',(0.,0.,1.));
#4512=DIRECTION('',(1.,0.,0.));
#4513=DIRECTION('',(0.,0.,1.));
#4514=DIRECTION('',(1.,0.,0.));
#4515=DIRECTION('',(0.,1.,0.));
#4516=DIRECTION('',(0.,0.,1.));
#4517=DIRECTION('',(0.,1.,0.));
#4518=DIRECTION('',(0.,0.,1.));
#4519=DIRECTION('',(1.,0.,0.));
#4520=DIRECTION('',(0.,0.,-1.));
#4521=DIRECTION('',(1.,0.,0.));
#4522=DIRECTION('',(0.,0.,-1.));
#4523=DIRECTION('',(0.,1.,0.));
#4524=DIRECTION('',(0.,0.,1.));
#4525=DIRECTION('',(0.,-1.,0.));
#4526=DIRECTION('',(0.,0.,-1.));
#4527=DIRECTION('',(-1.,0.,0.));
#4528=DIRECTION('',(0.,0.,1.));
#4529=DIRECTION('',(-1.,0.,3.59273153456211E-15));
#4530=DIRECTION('',(3.59273153456212E-15,0.,1.));
#4531=DIRECTION('',(0.,0.,1.));
#4532=DIRECTION('',(1.,0.,0.));
#4533=DIRECTION('',(0.,0.,1.));
#4534=DIRECTION('',(1.,0.,0.));
#4535=DIRECTION('',(0.,0.,-1.));
#4536=DIRECTION('',(-1.,0.,0.));
#4537=DIRECTION('',(0.,1.,0.));
#4538=DIRECTION('',(0.,0.,1.));
#4539=DIRECTION('',(0.707106781186548,0.707106781186548,0.));
#4540=DIRECTION('',(-0.707106781186548,0.707106781186548,0.));
#4541=DIRECTION('',(-0.707106781186548,0.707106781186548,0.));
#4542=DIRECTION('',(0.707106781186548,0.707106781186548,0.));
#4543=DIRECTION('',(-1.,0.,0.));
#4544=DIRECTION('',(0.,0.,1.));
#4545=DIRECTION('',(-0.707106781186548,-0.707106781186548,0.));
#4546=DIRECTION('',(0.707106781186548,-0.707106781186548,0.));
#4547=DIRECTION('',(1.,0.,0.));
#4548=DIRECTION('',(0.,0.,-1.));
#4549=DIRECTION('',(0.707106781186548,-0.707106781186548,0.));
#4550=DIRECTION('',(-0.707106781186548,-0.707106781186548,0.));
#4551=DIRECTION('',(0.,-1.,0.));
#4552=DIRECTION('',(0.,0.,-1.));
#4553=DIRECTION('',(0.,-1.,0.));
#4554=DIRECTION('',(0.,0.,-1.));
#4555=DIRECTION('',(0.707106781186548,-0.707106781186548,0.));
#4556=DIRECTION('',(-0.707106781186548,-0.707106781186548,0.));
#4557=DIRECTION('',(-0.707106781186548,-0.707106781186548,0.));
#4558=DIRECTION('',(0.707106781186548,-0.707106781186548,0.));
#4559=DIRECTION('',(-1.,0.,0.));
#4560=DIRECTION('',(0.,0.,1.));
#4561=DIRECTION('',(-0.707106781186548,0.707106781186548,0.));
#4562=DIRECTION('',(0.707106781186548,0.707106781186548,0.));
#4563=DIRECTION('',(1.,0.,0.));
#4564=DIRECTION('',(0.,0.,-1.));
#4565=DIRECTION('',(0.707106781186548,0.707106781186548,0.));
#4566=DIRECTION('',(-0.707106781186548,0.707106781186548,0.));
#4567=DIRECTION('',(0.,1.,0.));
#4568=DIRECTION('',(0.,0.,1.));
#4569=DIRECTION('',(0.,0.,1.));
#4570=DIRECTION('',(1.,0.,0.));
#4571=DIRECTION('',(0.,0.,1.));
#4572=DIRECTION('',(1.,0.,0.));
#4573=DIRECTION('',(0.,0.,1.));
#4574=DIRECTION('',(1.,0.,0.));
#4575=DIRECTION('',(0.,0.,1.));
#4576=DIRECTION('',(1.,0.,0.));
#4577=DIRECTION('',(0.,0.,1.));
#4578=DIRECTION('',(1.,0.,0.));
#4579=DIRECTION('',(1.,-9.36394256708122E-17,0.));
#4580=DIRECTION('',(9.36394256708122E-17,1.,0.));
#4581=DIRECTION('',(-1.,0.,0.));
#4582=DIRECTION('',(0.,0.,1.));
#4583=DIRECTION('',(1.,0.,-1.21254689291471E-14));
#4584=DIRECTION('',(-1.21254689291471E-14,0.,-1.));
#4585=DIRECTION('',(0.,0.,1.));
#4586=DIRECTION('',(1.,0.,0.));
#4587=DIRECTION('',(0.,1.,0.));
#4588=DIRECTION('',(0.,0.,1.));
#4589=DIRECTION('',(0.,0.,1.));
#4590=DIRECTION('',(1.,0.,0.));
#4591=DIRECTION('',(0.,1.,0.));
#4592=DIRECTION('',(0.,0.,1.));
#4593=DIRECTION('',(0.,1.,0.));
#4594=DIRECTION('',(0.,0.,1.));
#4595=DIRECTION('',(0.,1.,0.));
#4596=DIRECTION('',(0.,0.,1.));
#4597=DIRECTION('',(-6.30808536718839E-16,-1.,0.));
#4598=DIRECTION('',(1.,-6.30808536718839E-16,0.));
#4599=DIRECTION('',(8.98182883640531E-16,1.,0.));
#4600=DIRECTION('',(-1.,8.98182883640531E-16,0.));
#4601=DIRECTION('',(0.,0.,1.));
#4602=DIRECTION('',(1.,0.,0.));
#4603=DIRECTION('',(-1.,0.,0.));
#4604=DIRECTION('',(0.,0.,1.));
#4605=DIRECTION('',(0.,0.,1.));
#4606=DIRECTION('',(1.,0.,0.));
#4607=DIRECTION('',(1.,0.,0.));
#4608=DIRECTION('',(0.,0.,-1.));
#4609=DIRECTION('',(-1.,0.,0.));
#4610=DIRECTION('',(0.,0.,1.));
#4611=DIRECTION('',(0.,0.,1.));
#4612=DIRECTION('',(1.,0.,0.));
#4613=DIRECTION('',(1.,0.,0.));
#4614=DIRECTION('',(0.,0.,-1.));
#4615=DIRECTION('',(-1.43709261382484E-14,-1.,0.));
#4616=DIRECTION('',(1.,-1.43709261382484E-14,0.));
#4617=DIRECTION('',(0.,-1.,0.));
#4618=DIRECTION('',(0.,0.,-1.));
#4619=DIRECTION('',(0.,-1.,0.));
#4620=DIRECTION('',(0.,0.,-1.));
#4621=DIRECTION('',(-1.,0.,0.));
#4622=DIRECTION('',(0.,0.,1.));
#4623=DIRECTION('',(1.,0.,0.));
#4624=DIRECTION('',(0.,0.,-1.));
#4625=DIRECTION('',(0.,0.,1.));
#4626=DIRECTION('',(1.,0.,0.));
#4627=DIRECTION('',(1.,0.,0.));
#4628=DIRECTION('',(0.,0.,-1.));
#4629=DIRECTION('',(0.,0.,1.));
#4630=DIRECTION('',(1.,0.,0.));
#4631=DIRECTION('',(0.,-1.,0.));
#4632=DIRECTION('',(0.,0.,-1.));
#4633=DIRECTION('',(0.,0.,1.));
#4634=DIRECTION('',(1.,0.,0.));
#4635=DIRECTION('',(-1.43709261382484E-14,-1.,0.));
#4636=DIRECTION('',(1.,-1.43709261382484E-14,0.));
#4637=DIRECTION('',(1.,1.43709261382484E-14,0.));
#4638=DIRECTION('',(-1.43709261382484E-14,1.,0.));
#4639=DIRECTION('',(1.,0.,0.));
#4640=DIRECTION('',(0.,0.,-1.));
#4641=DIRECTION('',(1.,0.,0.));
#4642=DIRECTION('',(1.,0.,0.));
#4643=DIRECTION('',(0.,0.,-1.));
#4644=DIRECTION('',(0.,1.,0.));
#4645=DIRECTION('',(0.,0.,1.));
#4646=DIRECTION('',(7.18546306912422E-15,-1.,0.));
#4647=DIRECTION('',(1.,7.18546306912422E-15,0.));
#4648=DIRECTION('',(0.,1.,0.));
#4649=DIRECTION('',(0.,0.,1.));
#4650=DIRECTION('',(1.,0.,0.));
#4651=DIRECTION('',(0.,-1.,0.));
#4652=DIRECTION('',(0.,0.,-1.));
#4653=DIRECTION('',(1.,0.,0.));
#4654=DIRECTION('',(0.,0.,-1.));
#4655=DIRECTION('',(0.,0.,1.));
#4656=DIRECTION('',(1.,0.,0.));
#4657=DIRECTION('',(0.,-1.,0.));
#4658=DIRECTION('',(0.,0.,-1.));
#4659=DIRECTION('',(-1.,0.,0.));
#4660=DIRECTION('',(0.,0.,1.));
#4661=DIRECTION('',(0.,0.,1.));
#4662=DIRECTION('',(1.,0.,0.));
#4663=DIRECTION('',(0.,1.,0.));
#4664=DIRECTION('',(0.,0.,1.));
#4665=DIRECTION('',(1.,0.,0.));
#4666=DIRECTION('',(0.,0.,-1.));
#4667=DIRECTION('',(0.,-1.,0.));
#4668=DIRECTION('',(0.,0.,-1.));
#4669=DIRECTION('',(0.,-1.,0.));
#4670=DIRECTION('',(0.,0.,-1.));
#4671=DIRECTION('',(-1.,0.,0.));
#4672=DIRECTION('',(0.,0.,1.));
#4673=DIRECTION('',(1.,-1.43709261382484E-14,0.));
#4674=DIRECTION('',(1.43709261382484E-14,1.,0.));
#4675=DIRECTION('',(0.,0.,1.));
#4676=DIRECTION('',(1.,0.,0.));
#4677=DIRECTION('',(0.,-1.,0.));
#4678=DIRECTION('',(0.,0.,-1.));
#4679=DIRECTION('',(0.,-1.,0.));
#4680=DIRECTION('',(0.,0.,-1.));
#4681=DIRECTION('',(-1.,0.,0.));
#4682=DIRECTION('',(0.,0.,1.));
#4683=DIRECTION('',(1.,0.,0.));
#4684=DIRECTION('',(0.,0.,-1.));
#4685=DIRECTION('',(-1.,0.,0.));
#4686=DIRECTION('',(0.,0.,1.));
#4687=DIRECTION('',(-1.,0.,0.));
#4688=DIRECTION('',(0.,0.,1.));
#4689=DIRECTION('',(0.,1.,0.));
#4690=DIRECTION('',(0.,0.,1.));
#4691=DIRECTION('',(0.,-1.,0.));
#4692=DIRECTION('',(0.,0.,-1.));
#4693=DIRECTION('',(1.,0.,0.));
#4694=DIRECTION('',(0.,0.,-1.));
#4695=DIRECTION('',(1.,0.,0.));
#4696=DIRECTION('',(0.,0.,-1.));
#4697=DIRECTION('',(0.,-1.,0.));
#4698=DIRECTION('',(0.,0.,-1.));
#4699=DIRECTION('',(1.07781946036863E-14,1.,0.));
#4700=DIRECTION('',(-1.,1.07781946036863E-14,0.));
#4701=DIRECTION('',(0.,0.,1.));
#4702=DIRECTION('',(1.,0.,0.));
#4703=DIRECTION('',(1.,7.18546306912423E-15,0.));
#4704=DIRECTION('',(-7.18546306912423E-15,1.,0.));
#4705=DIRECTION('',(0.,0.,1.));
#4706=DIRECTION('',(1.,0.,0.));
#4707=DIRECTION('',(0.,-1.,0.));
#4708=DIRECTION('',(0.,0.,-1.));
#4709=DIRECTION('',(0.,0.,1.));
#4710=DIRECTION('',(1.,0.,0.));
#4711=DIRECTION('',(1.,0.,0.));
#4712=DIRECTION('',(0.,0.,-1.));
#4713=DIRECTION('',(0.,0.,1.));
#4714=DIRECTION('',(1.,0.,0.));
#4715=DIRECTION('',(0.,-1.,0.));
#4716=DIRECTION('',(0.,0.,-1.));
#4717=DIRECTION('',(0.,0.,1.));
#4718=DIRECTION('',(1.,0.,0.));
#4719=DIRECTION('',(0.,-1.,0.));
#4720=DIRECTION('',(0.,0.,-1.));
#4721=DIRECTION('',(0.,0.,1.));
#4722=DIRECTION('',(1.,0.,0.));
#4723=DIRECTION('',(-1.,0.,0.));
#4724=DIRECTION('',(0.,0.,1.));
#4725=DIRECTION('',(0.,0.,1.));
#4726=DIRECTION('',(1.,0.,0.));
#4727=DIRECTION('',(-6.06273446457357E-15,1.,0.));
#4728=DIRECTION('',(-1.,-6.06273446457357E-15,0.));
#4729=DIRECTION('',(0.,0.,1.));
#4730=DIRECTION('',(1.,0.,0.));
#4731=DIRECTION('',(1.,0.,0.));
#4732=DIRECTION('',(0.,0.,-1.));
#4733=DIRECTION('',(1.,0.,0.));
#4734=DIRECTION('',(0.,0.,-1.));
#4735=DIRECTION('',(1.,0.,0.));
#4736=DIRECTION('',(1.,0.,0.));
#4737=DIRECTION('',(0.,0.,-1.));
#4738=DIRECTION('',(0.,1.,0.));
#4739=DIRECTION('',(0.,0.,1.));
#4740=DIRECTION('',(7.18546306912422E-15,-1.,0.));
#4741=DIRECTION('',(1.,7.18546306912422E-15,0.));
#4742=DIRECTION('',(0.,1.,0.));
#4743=DIRECTION('',(0.,0.,1.));
#4744=DIRECTION('',(1.,0.,0.));
#4745=DIRECTION('',(0.,-1.,0.));
#4746=DIRECTION('',(0.,0.,-1.));
#4747=DIRECTION('',(1.,1.07781946036863E-14,0.));
#4748=DIRECTION('',(-1.07781946036863E-14,1.,0.));
#4749=DIRECTION('',(1.,0.,0.));
#4750=DIRECTION('',(0.,0.,-1.));
#4751=DIRECTION('',(1.,0.,0.));
#4752=DIRECTION('',(1.,0.,0.));
#4753=DIRECTION('',(0.,0.,-1.));
#4754=DIRECTION('',(0.,1.,0.));
#4755=DIRECTION('',(0.,0.,1.));
#4756=DIRECTION('',(0.,1.,0.));
#4757=DIRECTION('',(0.,-1.,0.));
#4758=DIRECTION('',(0.,0.,-1.));
#4759=DIRECTION('',(0.,-1.,0.));
#4760=DIRECTION('',(0.,0.,-1.));
#4761=DIRECTION('',(0.,-1.,0.));
#4762=DIRECTION('',(0.,0.,-1.));
#4763=DIRECTION('',(1.,0.,0.));
#4764=DIRECTION('',(0.,0.,-1.));
#4765=DIRECTION('',(-1.,0.,0.));
#4766=DIRECTION('',(0.,0.,1.));
#4767=DIRECTION('',(1.,0.,0.));
#4768=DIRECTION('',(0.,0.,1.));
#4769=DIRECTION('',(1.,0.,0.));
#4770=DIRECTION('',(-1.,1.07781946036863E-14,1.93615798191555E-29));
#4771=DIRECTION('',(-1.07781946036863E-14,-1.,0.));
#4772=DIRECTION('',(0.,-1.,0.));
#4773=DIRECTION('',(0.,0.,-1.));
#4774=DIRECTION('',(0.,0.,1.));
#4775=DIRECTION('',(1.,0.,0.));
#4776=DIRECTION('',(1.,0.,0.));
#4777=DIRECTION('',(0.,0.,-1.));
#4778=DIRECTION('',(0.,1.,0.));
#4779=DIRECTION('',(0.,0.,1.));
#4780=DIRECTION('',(0.,1.,0.));
#4781=DIRECTION('',(0.,0.,1.));
#4782=DIRECTION('',(0.,1.,0.));
#4783=DIRECTION('',(0.,1.,0.));
#4784=DIRECTION('',(0.,0.,1.));
#4785=DIRECTION('',(-1.,0.,0.));
#4786=DIRECTION('',(0.,0.,1.));
#4787=DIRECTION('',(1.,0.,0.));
#4788=DIRECTION('',(0.,0.,-1.));
#4789=DIRECTION('',(0.,0.,1.));
#4790=DIRECTION('',(1.,0.,0.));
#4791=DIRECTION('',(0.,-1.,0.));
#4792=DIRECTION('',(0.,0.,-1.));
#4793=DIRECTION('',(0.,-1.,0.));
#4794=DIRECTION('',(0.,0.,-1.));
#4795=DIRECTION('',(-1.,0.,0.));
#4796=DIRECTION('',(0.,0.,1.));
#4797=DIRECTION('',(1.,-1.1900923208237E-14,0.));
#4798=DIRECTION('',(1.1900923208237E-14,1.,0.));
#4799=DIRECTION('',(0.,0.,1.));
#4800=DIRECTION('',(1.,0.,0.));
#4801=DIRECTION('',(0.,0.,1.));
#4802=DIRECTION('',(1.,0.,0.));
#4803=DIRECTION('',(-1.,0.,0.));
#4804=DIRECTION('',(0.,0.,1.));
#4805=DIRECTION('',(-1.,0.,-1.16763774873269E-14));
#4806=DIRECTION('',(-1.16763774873269E-14,0.,1.));
#4807=DIRECTION('',(0.,1.,0.));
#4808=DIRECTION('',(0.,0.,1.));
#4809=DIRECTION('',(0.,-1.,0.));
#4810=DIRECTION('',(0.,0.,-1.));
#4811=DIRECTION('',(0.,0.,1.));
#4812=DIRECTION('',(1.,0.,0.));
#4813=DIRECTION('',(-1.,0.,0.));
#4814=DIRECTION('',(0.,0.,1.));
#4815=DIRECTION('',(0.,1.,0.));
#4816=DIRECTION('',(0.,0.,1.));
#4817=DIRECTION('',(1.,0.,0.));
#4818=DIRECTION('',(0.,0.,-1.));
#4819=DIRECTION('',(1.,0.,0.));
#4820=DIRECTION('',(0.,0.,-1.));
#4821=DIRECTION('',(0.,-1.,0.));
#4822=DIRECTION('',(0.,0.,-1.));
#4823=DIRECTION('',(0.,1.,0.));
#4824=DIRECTION('',(0.,0.,1.));
#4825=DIRECTION('',(0.,0.,1.));
#4826=DIRECTION('',(1.,0.,0.));
#4827=DIRECTION('',(0.,0.,1.));
#4828=DIRECTION('',(1.,0.,0.));
#4829=DIRECTION('',(1.,7.18546306912423E-15,0.));
#4830=DIRECTION('',(-7.18546306912423E-15,1.,0.));
#4831=DIRECTION('',(0.,0.,1.));
#4832=DIRECTION('',(1.,0.,0.));
#4833=DIRECTION('',(0.,-1.,0.));
#4834=DIRECTION('',(0.,0.,-1.));
#4835=DIRECTION('',(0.,0.,1.));
#4836=DIRECTION('',(1.,0.,0.));
#4837=DIRECTION('',(0.,-1.,0.));
#4838=DIRECTION('',(0.,0.,-1.));
#4839=DIRECTION('',(0.,0.,1.));
#4840=DIRECTION('',(1.,0.,0.));
#4841=DIRECTION('',(-1.,0.,0.));
#4842=DIRECTION('',(0.,0.,1.));
#4843=DIRECTION('',(0.,1.,0.));
#4844=DIRECTION('',(0.,0.,1.));
#4845=DIRECTION('',(0.,1.,0.));
#4846=DIRECTION('',(0.,0.,1.));
#4847=DIRECTION('',(1.,0.,0.));
#4848=DIRECTION('',(0.,0.,-1.));
#4849=DIRECTION('',(-1.,0.,0.));
#4850=DIRECTION('',(0.,0.,1.));
#4851=DIRECTION('',(0.,0.,1.));
#4852=DIRECTION('',(1.,0.,0.));
#4853=DIRECTION('',(0.,1.,0.));
#4854=DIRECTION('',(0.,0.,1.));
#4855=DIRECTION('',(0.,0.,1.));
#4856=DIRECTION('',(1.,0.,0.));
#4857=DIRECTION('',(1.,0.,0.));
#4858=DIRECTION('',(0.,0.,-1.));
#4859=DIRECTION('',(1.,0.,0.));
#4860=DIRECTION('',(0.,0.,-1.));
#4861=DIRECTION('',(1.,0.,0.));
#4862=DIRECTION('',(1.,0.,0.));
#4863=DIRECTION('',(0.,0.,-1.));
#4864=DIRECTION('',(0.,1.,0.));
#4865=DIRECTION('',(0.,0.,1.));
#4866=DIRECTION('',(0.,1.,0.));
#4867=DIRECTION('',(0.,-1.,0.));
#4868=DIRECTION('',(0.,0.,-1.));
#4869=DIRECTION('',(0.,-1.,0.));
#4870=DIRECTION('',(0.,0.,-1.));
#4871=DIRECTION('',(0.,-1.,0.));
#4872=DIRECTION('',(0.,0.,-1.));
#4873=DIRECTION('',(1.,0.,0.));
#4874=DIRECTION('',(0.,0.,-1.));
#4875=DIRECTION('',(-1.,-6.06273446457357E-15,0.));
#4876=DIRECTION('',(6.06273446457357E-15,-1.,0.));
#4877=DIRECTION('',(1.,0.,0.));
#4878=DIRECTION('',(0.,0.,1.));
#4879=DIRECTION('',(1.,0.,0.));
#4880=DIRECTION('',(-1.,0.,0.));
#4881=DIRECTION('',(0.,0.,1.));
#4882=DIRECTION('',(0.,0.,1.));
#4883=DIRECTION('',(1.,0.,0.));
#4884=DIRECTION('',(0.,1.,0.));
#4885=DIRECTION('',(0.,0.,1.));
#4886=DIRECTION('',(0.,1.,0.));
#4887=DIRECTION('',(0.,0.,1.));
#4888=DIRECTION('',(0.,1.,0.));
#4889=DIRECTION('',(0.,1.,0.));
#4890=DIRECTION('',(0.,0.,1.));
#4891=DIRECTION('',(-1.,0.,0.));
#4892=DIRECTION('',(0.,0.,1.));
#4893=DIRECTION('',(1.,0.,0.));
#4894=DIRECTION('',(0.,0.,-1.));
#4895=DIRECTION('',(0.,0.,1.));
#4896=DIRECTION('',(1.,0.,0.));
#4897=DIRECTION('',(0.,0.,1.));
#4898=DIRECTION('',(1.,0.,0.));
#4899=DIRECTION('',(-1.,0.,0.));
#4900=DIRECTION('',(0.,0.,1.));
#4901=DIRECTION('',(-1.,0.,0.));
#4902=DIRECTION('',(0.,0.,1.));
#4903=DIRECTION('',(0.,-1.,0.));
#4904=DIRECTION('',(0.,0.,-1.));
#4905=DIRECTION('',(0.,1.,0.));
#4906=DIRECTION('',(0.,0.,1.));
#4907=DIRECTION('',(0.,0.,1.));
#4908=DIRECTION('',(1.,0.,0.));
#4909=DIRECTION('',(0.,0.,1.));
#4910=DIRECTION('',(1.,0.,0.));
#4911=CARTESIAN_POINT('',(0.,0.,0.));
#4912=CARTESIAN_POINT('',(0.00343425522225418,0.0698263487002673,0.003));
#4913=CARTESIAN_POINT('',(0.00343425522225418,0.0698263487002673,0.));
#4914=CARTESIAN_POINT('',(-0.0543843747777458,0.0698263487002673,0.));
#4915=CARTESIAN_POINT('',(0.0612528852222542,0.0698263487002673,0.));
#4916=CARTESIAN_POINT('',(-0.0543843747777458,0.0698263487002673,0.003));
#4917=CARTESIAN_POINT('',(-0.0543843747777458,0.0698263487002673,0.00106863));
#4918=CARTESIAN_POINT('',(0.00343425522225418,0.0698263487002673,0.00106863));
#4919=CARTESIAN_POINT('',(0.0612528852222542,0.0698263487002673,0.00106863));
#4920=CARTESIAN_POINT('',(0.0612528852222542,0.0698263487002673,0.003));
#4921=CARTESIAN_POINT('',(-0.0563157447777458,0.0100763487002673,0.003));
#4922=CARTESIAN_POINT('',(-0.0563157447777458,0.0100763487002673,0.));
#4923=CARTESIAN_POINT('',(-0.0563157447777458,0.0678949787002673,0.));
#4924=CARTESIAN_POINT('',(-0.0563157447777458,-0.0477422812997327,0.));
#4925=CARTESIAN_POINT('',(-0.0563157447777458,-0.0477422812997327,0.003));
#4926=CARTESIAN_POINT('',(-0.0563157447777458,-0.0477422812997327,0.00106863));
#4927=CARTESIAN_POINT('',(-0.0563157447777458,0.0698263487002673,0.00106863));
#4928=CARTESIAN_POINT('',(-0.0563157447777458,0.0678949787002673,0.00106863));
#4929=CARTESIAN_POINT('',(-0.0563157447777458,0.0678949787002673,0.));
#4930=CARTESIAN_POINT('',(0.00343425522225418,-0.0496736512997327,0.003));
#4931=CARTESIAN_POINT('',(-0.0563157447777458,-0.0496736512997327,0.00106863));
#4932=CARTESIAN_POINT('',(0.0612528852222542,-0.0496736512997327,0.00106863));
#4933=CARTESIAN_POINT('',(-0.0543843747777458,-0.0496736512997327,0.00106863));
#4934=CARTESIAN_POINT('',(-0.0543843747777458,-0.0496736512997327,0.003));
#4935=CARTESIAN_POINT('',(-0.0543843747777458,-0.0496736512997327,0.));
#4936=CARTESIAN_POINT('',(0.00343425522225418,-0.0496736512997327,0.));
#4937=CARTESIAN_POINT('',(0.0612528852222542,-0.0496736512997327,0.));
#4938=CARTESIAN_POINT('',(0.0612528852222542,-0.0496736512997327,0.003));
#4939=CARTESIAN_POINT('',(0.0273146491594843,-0.0265856731788394,0.003));
#4940=CARTESIAN_POINT('',(0.0273146491594843,-0.0155234259658633,0.003));
#4941=CARTESIAN_POINT('',(0.0273146491594843,-0.0155234259658633,0.00106863));
#4942=CARTESIAN_POINT('',(0.0273146491594843,-0.0155234259658633,0.));
#4943=CARTESIAN_POINT('',(0.0273146491594843,-0.0265856731788394,0.00106863));
#4944=CARTESIAN_POINT('',(0.0273146491594843,-0.0376479203918157,0.00106863));
#4945=CARTESIAN_POINT('',(0.0273146491594843,-0.0376479203918157,0.003));
#4946=CARTESIAN_POINT('',(0.0273146491594843,-0.0376479203918157,0.));
#4947=CARTESIAN_POINT('',(0.0273146491594843,-0.0265856731788394,0.));
#4948=CARTESIAN_POINT('',(0.0393784159891538,-0.0155234259658633,0.003));
#4949=CARTESIAN_POINT('',(0.0514421828188233,-0.0155234259658633,0.003));
#4950=CARTESIAN_POINT('',(0.0514421828188233,-0.0155234259658633,0.00106863));
#4951=CARTESIAN_POINT('',(0.0514421828188233,-0.0155234259658633,0.));
#4952=CARTESIAN_POINT('',(0.0273146491594843,-0.0155234259658633,0.00106863));
#4953=CARTESIAN_POINT('',(0.0393784159891538,-0.0155234259658633,0.));
#4954=CARTESIAN_POINT('',(0.0514421828188233,-0.0265856731788394,0.003));
#4955=CARTESIAN_POINT('',(0.0514421828188233,-0.0376479203918157,0.003));
#4956=CARTESIAN_POINT('',(0.0514421828188233,-0.0376479203918157,0.00106863));
#4957=CARTESIAN_POINT('',(0.0514421828188233,-0.0376479203918157,0.));
#4958=CARTESIAN_POINT('',(0.0514421828188233,-0.0155234259658633,0.00106863));
#4959=CARTESIAN_POINT('',(0.0514421828188233,-0.0265856731788394,0.));
#4960=CARTESIAN_POINT('',(0.0316014450140528,0.0505145092389407,0.003));
#4961=CARTESIAN_POINT('',(0.0439436093069843,0.0505145092389407,0.003));
#4962=CARTESIAN_POINT('',(0.0439436093069843,0.0505145092389407,0.00106863));
#4963=CARTESIAN_POINT('',(0.0439436093069843,0.0505145092389407,0.));
#4964=CARTESIAN_POINT('',(0.0316014450140528,0.0505145092389407,0.00106863));
#4965=CARTESIAN_POINT('',(0.0192592807211212,0.0505145092389407,0.00106863));
#4966=CARTESIAN_POINT('',(0.0192592807211212,0.0505145092389407,0.003));
#4967=CARTESIAN_POINT('',(0.0192592807211212,0.0505145092389407,0.));
#4968=CARTESIAN_POINT('',(0.0316014450140528,0.0505145092389407,0.));
#4969=CARTESIAN_POINT('',(0.0439436093069843,0.0211722308082367,0.003));
#4970=CARTESIAN_POINT('',(0.0439436093069843,-0.00817004762246736,0.003));
#4971=CARTESIAN_POINT('',(0.0439436093069843,-0.00817004762246736,0.00106863));
#4972=CARTESIAN_POINT('',(0.0439436093069843,-0.00817004762246736,0.));
#4973=CARTESIAN_POINT('',(0.0439436093069843,0.0505145092389407,0.00106863));
#4974=CARTESIAN_POINT('',(0.0439436093069843,0.0211722308082367,0.));
#4975=CARTESIAN_POINT('',(0.0316014450140528,-0.00817004762246736,0.003));
#4976=CARTESIAN_POINT('',(0.0192592807211212,-0.00817004762246736,0.003));
#4977=CARTESIAN_POINT('',(0.0192592807211212,-0.00817004762246736,0.00106863));
#4978=CARTESIAN_POINT('',(0.0192592807211212,-0.00817004762246736,0.));
#4979=CARTESIAN_POINT('',(0.0439436093069843,-0.00817004762246736,0.00106863));
#4980=CARTESIAN_POINT('',(0.0316014450140528,-0.00817004762246736,0.));
#4981=CARTESIAN_POINT('',(-0.0347157447777458,-0.0172835592077253,0.003));
#4982=CARTESIAN_POINT('',(-0.0347157447777458,-0.0117835592077253,0.003));
#4983=CARTESIAN_POINT('',(-0.0347157447777458,-0.0117835592077253,0.00106863));
#4984=CARTESIAN_POINT('',(-0.0347157447777458,-0.0117835592077253,0.));
#4985=CARTESIAN_POINT('',(-0.0347157447777458,-0.0172835592077253,0.00106863));
#4986=CARTESIAN_POINT('',(-0.0347157447777458,-0.0227835592077253,0.00106863));
#4987=CARTESIAN_POINT('',(-0.0347157447777458,-0.0227835592077253,0.003));
#4988=CARTESIAN_POINT('',(-0.0347157447777458,-0.0227835592077253,0.));
#4989=CARTESIAN_POINT('',(-0.0347157447777458,-0.0172835592077253,0.));
#4990=CARTESIAN_POINT('',(-0.0342157447777458,-0.0117835592077253,0.003));
#4991=CARTESIAN_POINT('',(-0.0342157447777458,-0.0112835592077253,0.003));
#4992=CARTESIAN_POINT('',(-0.0342157447777458,-0.0112835592077253,0.00106863));
#4993=CARTESIAN_POINT('',(-0.0342157447777458,-0.0112835592077253,0.));
#4994=CARTESIAN_POINT('',(-0.0342157447777458,-0.0117835592077253,0.00106863));
#4995=CARTESIAN_POINT('',(-0.0342157447777458,-0.0117835592077253,0.));
#4996=CARTESIAN_POINT('',(-0.0156901775441834,-0.0112835592077253,0.003));
#4997=CARTESIAN_POINT('',(0.00283538968937914,-0.0112835592077253,0.003));
#4998=CARTESIAN_POINT('',(0.00283538968937914,-0.0112835592077253,0.00106863));
#4999=CARTESIAN_POINT('',(0.00283538968937914,-0.0112835592077253,0.));
#5000=CARTESIAN_POINT('',(-0.0156901775441834,-0.0112835592077253,0.00106863));
#5001=CARTESIAN_POINT('',(-0.0156901775441834,-0.0112835592077253,0.));
#5002=CARTESIAN_POINT('',(0.00283538968937914,-0.0117835592077253,0.003));
#5003=CARTESIAN_POINT('',(0.00333538968937913,-0.0117835592077253,0.003));
#5004=CARTESIAN_POINT('',(0.00333538968937913,-0.0117835592077253,0.00106863));
#5005=CARTESIAN_POINT('',(0.00333538968937913,-0.0117835592077253,0.));
#5006=CARTESIAN_POINT('',(0.00283538968937914,-0.0117835592077253,0.00106863));
#5007=CARTESIAN_POINT('',(0.00283538968937914,-0.0117835592077253,0.));
#5008=CARTESIAN_POINT('',(0.00333538968937913,-0.0172835592077253,0.003));
#5009=CARTESIAN_POINT('',(0.00333538968937913,-0.0227835592077253,0.003));
#5010=CARTESIAN_POINT('',(0.00333538968937913,-0.0227835592077253,0.00106863));
#5011=CARTESIAN_POINT('',(0.00333538968937913,-0.0227835592077253,0.));
#5012=CARTESIAN_POINT('',(0.00333538968937913,-0.0172835592077253,0.00106863));
#5013=CARTESIAN_POINT('',(0.00333538968937913,-0.0172835592077253,0.));
#5014=CARTESIAN_POINT('',(0.00283538968937913,-0.0227835592077253,0.003));
#5015=CARTESIAN_POINT('',(0.00283538968937914,-0.0232835592077253,0.003));
#5016=CARTESIAN_POINT('',(0.00283538968937914,-0.0232835592077253,0.00106863));
#5017=CARTESIAN_POINT('',(0.00283538968937914,-0.0232835592077253,0.));
#5018=CARTESIAN_POINT('',(0.00283538968937913,-0.0227835592077253,0.00106863));
#5019=CARTESIAN_POINT('',(0.00283538968937913,-0.0227835592077253,0.));
#5020=CARTESIAN_POINT('',(-0.0156901775441834,-0.0232835592077253,0.003));
#5021=CARTESIAN_POINT('',(-0.0342157447777458,-0.0232835592077253,0.003));
#5022=CARTESIAN_POINT('',(-0.0342157447777458,-0.0232835592077253,0.00106863));
#5023=CARTESIAN_POINT('',(-0.0342157447777458,-0.0232835592077253,0.));
#5024=CARTESIAN_POINT('',(-0.0156901775441834,-0.0232835592077253,0.00106863));
#5025=CARTESIAN_POINT('',(-0.0156901775441834,-0.0232835592077253,0.));
#5026=CARTESIAN_POINT('',(0.00153538968937914,0.0118371461055102,0.003));
#5027=CARTESIAN_POINT('',(0.00153538968937914,0.0123371461055102,0.003));
#5028=CARTESIAN_POINT('',(0.00153538968937914,0.0123371461055102,0.00106863));
#5029=CARTESIAN_POINT('',(0.00153538968937914,0.0123371461055102,0.));
#5030=CARTESIAN_POINT('',(0.00153538968937914,0.0118371461055102,0.00106863));
#5031=CARTESIAN_POINT('',(0.00103538968937914,0.0118371461055102,0.00106863));
#5032=CARTESIAN_POINT('',(0.00103538968937914,0.0118371461055102,0.003));
#5033=CARTESIAN_POINT('',(0.00103538968937914,0.0118371461055102,0.));
#5034=CARTESIAN_POINT('',(0.00153538968937914,0.0118371461055102,0.));
#5035=CARTESIAN_POINT('',(0.00803538968937913,0.0123371461055102,0.003));
#5036=CARTESIAN_POINT('',(0.0145353896893791,0.0123371461055102,0.003));
#5037=CARTESIAN_POINT('',(0.0145353896893791,0.0123371461055102,0.00106863));
#5038=CARTESIAN_POINT('',(0.0145353896893791,0.0123371461055102,0.));
#5039=CARTESIAN_POINT('',(0.00153538968937914,0.0123371461055102,0.00106863));
#5040=CARTESIAN_POINT('',(0.00803538968937913,0.0123371461055102,0.));
#5041=CARTESIAN_POINT('',(0.0145353896893791,0.0118371461055102,0.003));
#5042=CARTESIAN_POINT('',(0.0150353896893792,0.0118371461055102,0.003));
#5043=CARTESIAN_POINT('',(0.0150353896893792,0.0118371461055102,0.00106863));
#5044=CARTESIAN_POINT('',(0.0150353896893792,0.0118371461055102,0.));
#5045=CARTESIAN_POINT('',(0.0145353896893791,0.0118371461055102,0.00106863));
#5046=CARTESIAN_POINT('',(0.0145353896893791,0.0118371461055102,0.));
#5047=CARTESIAN_POINT('',(0.0150353896893792,0.00533714610551021,0.003));
#5048=CARTESIAN_POINT('',(0.0150353896893792,-0.00116285389448979,0.003));
#5049=CARTESIAN_POINT('',(0.0150353896893792,-0.00116285389448979,0.00106863));
#5050=CARTESIAN_POINT('',(0.0150353896893792,-0.00116285389448979,0.));
#5051=CARTESIAN_POINT('',(0.0150353896893792,0.0118371461055102,0.00106863));
#5052=CARTESIAN_POINT('',(0.0150353896893792,0.00533714610551021,0.));
#5053=CARTESIAN_POINT('',(0.0145353896893791,-0.00116285389448979,0.003));
#5054=CARTESIAN_POINT('',(0.0145353896893791,-0.00166285389448979,0.003));
#5055=CARTESIAN_POINT('',(0.0145353896893791,-0.00166285389448979,0.00106863));
#5056=CARTESIAN_POINT('',(0.0145353896893791,-0.00166285389448979,0.));
#5057=CARTESIAN_POINT('',(0.0145353896893791,-0.00116285389448979,0.00106863));
#5058=CARTESIAN_POINT('',(0.0145353896893791,-0.00116285389448979,0.));
#5059=CARTESIAN_POINT('',(0.00803538968937913,-0.00166285389448979,0.003));
#5060=CARTESIAN_POINT('',(0.00153538968937914,-0.00166285389448979,0.003));
#5061=CARTESIAN_POINT('',(0.00153538968937914,-0.00166285389448979,0.00106863));
#5062=CARTESIAN_POINT('',(0.00153538968937914,-0.00166285389448979,0.));
#5063=CARTESIAN_POINT('',(0.00803538968937913,-0.00166285389448979,0.00106863));
#5064=CARTESIAN_POINT('',(0.00803538968937913,-0.00166285389448979,0.));
#5065=CARTESIAN_POINT('',(0.00153538968937914,-0.00116285389448979,0.003));
#5066=CARTESIAN_POINT('',(0.00103538968937913,-0.00116285389448979,0.003));
#5067=CARTESIAN_POINT('',(0.00103538968937913,-0.00116285389448979,0.00106863));
#5068=CARTESIAN_POINT('',(0.00103538968937913,-0.00116285389448979,0.));
#5069=CARTESIAN_POINT('',(0.00153538968937914,-0.00116285389448979,0.00106863));
#5070=CARTESIAN_POINT('',(0.00153538968937914,-0.00116285389448979,0.));
#5071=CARTESIAN_POINT('',(-0.0135146103106209,0.0118371461055102,0.003));
#5072=CARTESIAN_POINT('',(-0.0135146103106209,0.0123371461055102,0.003));
#5073=CARTESIAN_POINT('',(-0.0135146103106209,0.0123371461055102,0.00106863));
#5074=CARTESIAN_POINT('',(-0.0135146103106209,0.0123371461055102,0.));
#5075=CARTESIAN_POINT('',(-0.0135146103106209,0.0118371461055102,0.00106863));
#5076=CARTESIAN_POINT('',(-0.0140146103106209,0.0118371461055102,0.00106863));
#5077=CARTESIAN_POINT('',(-0.0140146103106209,0.0118371461055102,0.003));
#5078=CARTESIAN_POINT('',(-0.0140146103106209,0.0118371461055102,0.));
#5079=CARTESIAN_POINT('',(-0.0135146103106209,0.0118371461055102,0.));
#5080=CARTESIAN_POINT('',(-0.00701461031062086,0.0123371461055102,0.003));
#5081=CARTESIAN_POINT('',(-0.000514610310620861,0.0123371461055102,0.003));
#5082=CARTESIAN_POINT('',(-0.000514610310620861,0.0123371461055102,0.00106863));
#5083=CARTESIAN_POINT('',(-0.000514610310620861,0.0123371461055102,0.));
#5084=CARTESIAN_POINT('',(-0.0135146103106209,0.0123371461055102,0.00106863));
#5085=CARTESIAN_POINT('',(-0.00701461031062086,0.0123371461055102,0.));
#5086=CARTESIAN_POINT('',(-0.000514610310620861,0.0118371461055102,0.003));
#5087=CARTESIAN_POINT('',(-1.46103106208606E-5,0.0118371461055102,0.003));
#5088=CARTESIAN_POINT('',(-1.46103106208606E-5,0.0118371461055102,0.00106863));
#5089=CARTESIAN_POINT('',(-1.46103106208606E-5,0.0118371461055102,0.));
#5090=CARTESIAN_POINT('',(-0.000514610310620861,0.0118371461055102,0.00106863));
#5091=CARTESIAN_POINT('',(-0.000514610310620861,0.0118371461055102,0.));
#5092=CARTESIAN_POINT('',(-1.46103106208606E-5,0.00533714610551021,0.003));
#5093=CARTESIAN_POINT('',(-1.4610310620861E-5,-0.00116285389448979,0.003));
#5094=CARTESIAN_POINT('',(-1.4610310620861E-5,-0.00116285389448979,0.00106863));
#5095=CARTESIAN_POINT('',(-1.4610310620861E-5,-0.00116285389448979,0.));
#5096=CARTESIAN_POINT('',(-1.46103106208606E-5,0.0118371461055102,0.00106863));
#5097=CARTESIAN_POINT('',(-1.46103106208606E-5,0.00533714610551021,0.));
#5098=CARTESIAN_POINT('',(-0.000514610310620861,-0.00116285389448979,0.003));
#5099=CARTESIAN_POINT('',(-0.000514610310620861,-0.00166285389448979,0.003));
#5100=CARTESIAN_POINT('',(-0.000514610310620861,-0.00166285389448979,0.00106863));
#5101=CARTESIAN_POINT('',(-0.000514610310620861,-0.00166285389448979,0.));
#5102=CARTESIAN_POINT('',(-0.000514610310620861,-0.00116285389448979,0.00106863));
#5103=CARTESIAN_POINT('',(-0.000514610310620861,-0.00116285389448979,0.));
#5104=CARTESIAN_POINT('',(-0.00701461031062086,-0.00166285389448979,0.003));
#5105=CARTESIAN_POINT('',(-0.0135146103106209,-0.00166285389448979,0.003));
#5106=CARTESIAN_POINT('',(-0.0135146103106209,-0.00166285389448979,0.00106863));
#5107=CARTESIAN_POINT('',(-0.0135146103106209,-0.00166285389448979,0.));
#5108=CARTESIAN_POINT('',(-0.00701461031062086,-0.00166285389448979,0.00106863));
#5109=CARTESIAN_POINT('',(-0.00701461031062086,-0.00166285389448979,0.));
#5110=CARTESIAN_POINT('',(-0.0135146103106209,-0.00116285389448979,0.003));
#5111=CARTESIAN_POINT('',(-0.0140146103106209,-0.00116285389448979,0.003));
#5112=CARTESIAN_POINT('',(-0.0140146103106209,-0.00116285389448979,0.00106863));
#5113=CARTESIAN_POINT('',(-0.0140146103106209,-0.00116285389448979,0.));
#5114=CARTESIAN_POINT('',(-0.0135146103106209,-0.00116285389448979,0.00106863));
#5115=CARTESIAN_POINT('',(-0.0135146103106209,-0.00116285389448979,0.));
#5116=CARTESIAN_POINT('',(-0.0286646103106209,0.0118371461055102,0.003));
#5117=CARTESIAN_POINT('',(-0.0286646103106209,0.0123371461055102,0.003));
#5118=CARTESIAN_POINT('',(-0.0286646103106209,0.0123371461055102,0.00106863));
#5119=CARTESIAN_POINT('',(-0.0286646103106209,0.0123371461055102,0.));
#5120=CARTESIAN_POINT('',(-0.0286646103106209,0.0118371461055102,0.00106863));
#5121=CARTESIAN_POINT('',(-0.0291646103106209,0.0118371461055102,0.00106863));
#5122=CARTESIAN_POINT('',(-0.0291646103106209,0.0118371461055102,0.003));
#5123=CARTESIAN_POINT('',(-0.0291646103106209,0.0118371461055102,0.));
#5124=CARTESIAN_POINT('',(-0.0286646103106209,0.0118371461055102,0.));
#5125=CARTESIAN_POINT('',(-0.0221646103106208,0.0123371461055102,0.003));
#5126=CARTESIAN_POINT('',(-0.0156646103106209,0.0123371461055102,0.003));
#5127=CARTESIAN_POINT('',(-0.0156646103106209,0.0123371461055102,0.00106863));
#5128=CARTESIAN_POINT('',(-0.0156646103106209,0.0123371461055102,0.));
#5129=CARTESIAN_POINT('',(-0.0286646103106209,0.0123371461055102,0.00106863));
#5130=CARTESIAN_POINT('',(-0.0221646103106208,0.0123371461055102,0.));
#5131=CARTESIAN_POINT('',(-0.0156646103106209,0.0118371461055102,0.003));
#5132=CARTESIAN_POINT('',(-0.0151646103106209,0.0118371461055102,0.003));
#5133=CARTESIAN_POINT('',(-0.0151646103106209,0.0118371461055102,0.00106863));
#5134=CARTESIAN_POINT('',(-0.0151646103106209,0.0118371461055102,0.));
#5135=CARTESIAN_POINT('',(-0.0156646103106209,0.0118371461055102,0.00106863));
#5136=CARTESIAN_POINT('',(-0.0156646103106209,0.0118371461055102,0.));
#5137=CARTESIAN_POINT('',(-0.0151646103106209,0.00533714610551021,0.003));
#5138=CARTESIAN_POINT('',(-0.0151646103106209,-0.00116285389448979,0.003));
#5139=CARTESIAN_POINT('',(-0.0151646103106209,-0.00116285389448979,0.00106863));
#5140=CARTESIAN_POINT('',(-0.0151646103106209,-0.00116285389448979,0.));
#5141=CARTESIAN_POINT('',(-0.0151646103106209,0.0118371461055102,0.00106863));
#5142=CARTESIAN_POINT('',(-0.0151646103106209,0.00533714610551021,0.));
#5143=CARTESIAN_POINT('',(-0.0156646103106209,-0.00116285389448979,0.003));
#5144=CARTESIAN_POINT('',(-0.0156646103106209,-0.00166285389448979,0.003));
#5145=CARTESIAN_POINT('',(-0.0156646103106209,-0.00166285389448979,0.00106863));
#5146=CARTESIAN_POINT('',(-0.0156646103106209,-0.00166285389448979,0.));
#5147=CARTESIAN_POINT('',(-0.0156646103106209,-0.00116285389448979,0.00106863));
#5148=CARTESIAN_POINT('',(-0.0156646103106209,-0.00116285389448979,0.));
#5149=CARTESIAN_POINT('',(-0.0221646103106208,-0.00166285389448979,0.003));
#5150=CARTESIAN_POINT('',(-0.0286646103106209,-0.00166285389448979,0.003));
#5151=CARTESIAN_POINT('',(-0.0286646103106209,-0.00166285389448979,0.00106863));
#5152=CARTESIAN_POINT('',(-0.0286646103106209,-0.00166285389448979,0.));
#5153=CARTESIAN_POINT('',(-0.0221646103106208,-0.00166285389448979,0.00106863));
#5154=CARTESIAN_POINT('',(-0.0221646103106208,-0.00166285389448979,0.));
#5155=CARTESIAN_POINT('',(-0.0286646103106209,-0.00116285389448978,0.003));
#5156=CARTESIAN_POINT('',(-0.0291646103106209,-0.00116285389448979,0.003));
#5157=CARTESIAN_POINT('',(-0.0291646103106209,-0.00116285389448979,0.00106863));
#5158=CARTESIAN_POINT('',(-0.0291646103106209,-0.00116285389448979,0.));
#5159=CARTESIAN_POINT('',(-0.0286646103106209,-0.00116285389448978,0.00106863));
#5160=CARTESIAN_POINT('',(-0.0286646103106209,-0.00116285389448978,0.));
#5161=CARTESIAN_POINT('',(0.00153538968937914,0.0269871461055102,0.003));
#5162=CARTESIAN_POINT('',(0.00153538968937914,0.0274871461055102,0.003));
#5163=CARTESIAN_POINT('',(0.00153538968937914,0.0274871461055102,0.00106863));
#5164=CARTESIAN_POINT('',(0.00153538968937914,0.0274871461055102,0.));
#5165=CARTESIAN_POINT('',(0.00153538968937914,0.0269871461055102,0.00106863));
#5166=CARTESIAN_POINT('',(0.00103538968937914,0.0269871461055102,0.00106863));
#5167=CARTESIAN_POINT('',(0.00103538968937914,0.0269871461055102,0.003));
#5168=CARTESIAN_POINT('',(0.00103538968937914,0.0269871461055102,0.));
#5169=CARTESIAN_POINT('',(0.00153538968937914,0.0269871461055102,0.));
#5170=CARTESIAN_POINT('',(0.00803538968937913,0.0274871461055102,0.003));
#5171=CARTESIAN_POINT('',(0.0145353896893791,0.0274871461055102,0.003));
#5172=CARTESIAN_POINT('',(0.0145353896893791,0.0274871461055102,0.00106863));
#5173=CARTESIAN_POINT('',(0.0145353896893791,0.0274871461055102,0.));
#5174=CARTESIAN_POINT('',(0.00153538968937914,0.0274871461055102,0.00106863));
#5175=CARTESIAN_POINT('',(0.00803538968937913,0.0274871461055102,0.));
#5176=CARTESIAN_POINT('',(0.0145353896893791,0.0269871461055102,0.003));
#5177=CARTESIAN_POINT('',(0.0150353896893792,0.0269871461055102,0.003));
#5178=CARTESIAN_POINT('',(0.0150353896893792,0.0269871461055102,0.00106863));
#5179=CARTESIAN_POINT('',(0.0150353896893792,0.0269871461055102,0.));
#5180=CARTESIAN_POINT('',(0.0145353896893791,0.0269871461055102,0.00106863));
#5181=CARTESIAN_POINT('',(0.0145353896893791,0.0269871461055102,0.));
#5182=CARTESIAN_POINT('',(0.0150353896893792,0.0204871461055102,0.003));
#5183=CARTESIAN_POINT('',(0.0150353896893792,0.0139871461055102,0.003));
#5184=CARTESIAN_POINT('',(0.0150353896893792,0.0139871461055102,0.00106863));
#5185=CARTESIAN_POINT('',(0.0150353896893792,0.0139871461055102,0.));
#5186=CARTESIAN_POINT('',(0.0150353896893792,0.0269871461055102,0.00106863));
#5187=CARTESIAN_POINT('',(0.0150353896893792,0.0204871461055102,0.));
#5188=CARTESIAN_POINT('',(0.0145353896893791,0.0139871461055102,0.003));
#5189=CARTESIAN_POINT('',(0.0145353896893791,0.0134871461055102,0.003));
#5190=CARTESIAN_POINT('',(0.0145353896893791,0.0134871461055102,0.00106863));
#5191=CARTESIAN_POINT('',(0.0145353896893791,0.0134871461055102,0.));
#5192=CARTESIAN_POINT('',(0.0145353896893791,0.0139871461055102,0.00106863));
#5193=CARTESIAN_POINT('',(0.0145353896893791,0.0139871461055102,0.));
#5194=CARTESIAN_POINT('',(0.00803538968937913,0.0134871461055102,0.003));
#5195=CARTESIAN_POINT('',(0.00153538968937914,0.0134871461055102,0.003));
#5196=CARTESIAN_POINT('',(0.00153538968937914,0.0134871461055102,0.00106863));
#5197=CARTESIAN_POINT('',(0.00153538968937914,0.0134871461055102,0.));
#5198=CARTESIAN_POINT('',(0.00803538968937913,0.0134871461055102,0.00106863));
#5199=CARTESIAN_POINT('',(0.00803538968937913,0.0134871461055102,0.));
#5200=CARTESIAN_POINT('',(0.00153538968937913,0.0139871461055102,0.003));
#5201=CARTESIAN_POINT('',(0.00103538968937913,0.0139871461055102,0.003));
#5202=CARTESIAN_POINT('',(0.00103538968937913,0.0139871461055102,0.00106863));
#5203=CARTESIAN_POINT('',(0.00103538968937913,0.0139871461055102,0.));
#5204=CARTESIAN_POINT('',(0.00153538968937913,0.0139871461055102,0.00106863));
#5205=CARTESIAN_POINT('',(0.00153538968937913,0.0139871461055102,0.));
#5206=CARTESIAN_POINT('',(-0.0135146103106209,0.0269871461055102,0.003));
#5207=CARTESIAN_POINT('',(-0.0135146103106209,0.0274871461055102,0.003));
#5208=CARTESIAN_POINT('',(-0.0135146103106209,0.0274871461055102,0.00106863));
#5209=CARTESIAN_POINT('',(-0.0135146103106209,0.0274871461055102,0.));
#5210=CARTESIAN_POINT('',(-0.0135146103106209,0.0269871461055102,0.00106863));
#5211=CARTESIAN_POINT('',(-0.0140146103106209,0.0269871461055102,0.00106863));
#5212=CARTESIAN_POINT('',(-0.0140146103106209,0.0269871461055102,0.003));
#5213=CARTESIAN_POINT('',(-0.0140146103106209,0.0269871461055102,0.));
#5214=CARTESIAN_POINT('',(-0.0135146103106209,0.0269871461055102,0.));
#5215=CARTESIAN_POINT('',(-0.00701461031062086,0.0274871461055102,0.003));
#5216=CARTESIAN_POINT('',(-0.000514610310620861,0.0274871461055102,0.003));
#5217=CARTESIAN_POINT('',(-0.000514610310620861,0.0274871461055102,0.00106863));
#5218=CARTESIAN_POINT('',(-0.000514610310620861,0.0274871461055102,0.));
#5219=CARTESIAN_POINT('',(-0.0135146103106209,0.0274871461055102,0.00106863));
#5220=CARTESIAN_POINT('',(-0.00701461031062086,0.0274871461055102,0.));
#5221=CARTESIAN_POINT('',(-0.000514610310620867,0.0269871461055102,0.003));
#5222=CARTESIAN_POINT('',(-1.46103106208606E-5,0.0269871461055102,0.003));
#5223=CARTESIAN_POINT('',(-1.46103106208606E-5,0.0269871461055102,0.00106863));
#5224=CARTESIAN_POINT('',(-1.46103106208606E-5,0.0269871461055102,0.));
#5225=CARTESIAN_POINT('',(-0.000514610310620867,0.0269871461055102,0.00106863));
#5226=CARTESIAN_POINT('',(-0.000514610310620867,0.0269871461055102,0.));
#5227=CARTESIAN_POINT('',(-1.46103106208606E-5,0.0204871461055102,0.003));
#5228=CARTESIAN_POINT('',(-1.4610310620861E-5,0.0139871461055102,0.003));
#5229=CARTESIAN_POINT('',(-1.4610310620861E-5,0.0139871461055102,0.00106863));
#5230=CARTESIAN_POINT('',(-1.4610310620861E-5,0.0139871461055102,0.));
#5231=CARTESIAN_POINT('',(-1.46103106208606E-5,0.0269871461055102,0.00106863));
#5232=CARTESIAN_POINT('',(-1.46103106208606E-5,0.0204871461055102,0.));
#5233=CARTESIAN_POINT('',(-0.000514610310620858,0.0139871461055102,0.003));
#5234=CARTESIAN_POINT('',(-0.000514610310620861,0.0134871461055102,0.003));
#5235=CARTESIAN_POINT('',(-0.000514610310620861,0.0134871461055102,0.00106863));
#5236=CARTESIAN_POINT('',(-0.000514610310620861,0.0134871461055102,0.));
#5237=CARTESIAN_POINT('',(-0.000514610310620858,0.0139871461055102,0.00106863));
#5238=CARTESIAN_POINT('',(-0.000514610310620858,0.0139871461055102,0.));
#5239=CARTESIAN_POINT('',(-0.00701461031062086,0.0134871461055102,0.003));
#5240=CARTESIAN_POINT('',(-0.0135146103106209,0.0134871461055102,0.003));
#5241=CARTESIAN_POINT('',(-0.0135146103106209,0.0134871461055102,0.00106863));
#5242=CARTESIAN_POINT('',(-0.0135146103106209,0.0134871461055102,0.));
#5243=CARTESIAN_POINT('',(-0.00701461031062086,0.0134871461055102,0.00106863));
#5244=CARTESIAN_POINT('',(-0.00701461031062086,0.0134871461055102,0.));
#5245=CARTESIAN_POINT('',(-0.0135146103106209,0.0139871461055102,0.003));
#5246=CARTESIAN_POINT('',(-0.0140146103106209,0.0139871461055102,0.003));
#5247=CARTESIAN_POINT('',(-0.0140146103106209,0.0139871461055102,0.00106863));
#5248=CARTESIAN_POINT('',(-0.0140146103106209,0.0139871461055102,0.));
#5249=CARTESIAN_POINT('',(-0.0135146103106209,0.0139871461055102,0.00106863));
#5250=CARTESIAN_POINT('',(-0.0135146103106209,0.0139871461055102,0.));
#5251=CARTESIAN_POINT('',(-0.0286646103106209,0.0269871461055102,0.003));
#5252=CARTESIAN_POINT('',(-0.0286646103106209,0.0274871461055102,0.003));
#5253=CARTESIAN_POINT('',(-0.0286646103106209,0.0274871461055102,0.00106863));
#5254=CARTESIAN_POINT('',(-0.0286646103106209,0.0274871461055102,0.));
#5255=CARTESIAN_POINT('',(-0.0286646103106209,0.0269871461055102,0.00106863));
#5256=CARTESIAN_POINT('',(-0.0291646103106209,0.0269871461055102,0.00106863));
#5257=CARTESIAN_POINT('',(-0.0291646103106209,0.0269871461055102,0.003));
#5258=CARTESIAN_POINT('',(-0.0291646103106209,0.0269871461055102,0.));
#5259=CARTESIAN_POINT('',(-0.0286646103106209,0.0269871461055102,0.));
#5260=CARTESIAN_POINT('',(-0.0221646103106208,0.0274871461055102,0.003));
#5261=CARTESIAN_POINT('',(-0.0156646103106209,0.0274871461055102,0.003));
#5262=CARTESIAN_POINT('',(-0.0156646103106209,0.0274871461055102,0.00106863));
#5263=CARTESIAN_POINT('',(-0.0156646103106209,0.0274871461055102,0.));
#5264=CARTESIAN_POINT('',(-0.0286646103106209,0.0274871461055102,0.00106863));
#5265=CARTESIAN_POINT('',(-0.0221646103106208,0.0274871461055102,0.));
#5266=CARTESIAN_POINT('',(-0.0156646103106209,0.0269871461055102,0.003));
#5267=CARTESIAN_POINT('',(-0.0151646103106209,0.0269871461055102,0.003));
#5268=CARTESIAN_POINT('',(-0.0151646103106209,0.0269871461055102,0.00106863));
#5269=CARTESIAN_POINT('',(-0.0151646103106209,0.0269871461055102,0.));
#5270=CARTESIAN_POINT('',(-0.0156646103106209,0.0269871461055102,0.00106863));
#5271=CARTESIAN_POINT('',(-0.0156646103106209,0.0269871461055102,0.));
#5272=CARTESIAN_POINT('',(-0.0151646103106209,0.0204871461055102,0.003));
#5273=CARTESIAN_POINT('',(-0.0151646103106209,0.0139871461055102,0.003));
#5274=CARTESIAN_POINT('',(-0.0151646103106209,0.0139871461055102,0.00106863));
#5275=CARTESIAN_POINT('',(-0.0151646103106209,0.0139871461055102,0.));
#5276=CARTESIAN_POINT('',(-0.0151646103106209,0.0269871461055102,0.00106863));
#5277=CARTESIAN_POINT('',(-0.0151646103106209,0.0204871461055102,0.));
#5278=CARTESIAN_POINT('',(-0.0156646103106209,0.0139871461055102,0.003));
#5279=CARTESIAN_POINT('',(-0.0156646103106209,0.0134871461055102,0.003));
#5280=CARTESIAN_POINT('',(-0.0156646103106209,0.0134871461055102,0.00106863));
#5281=CARTESIAN_POINT('',(-0.0156646103106209,0.0134871461055102,0.));
#5282=CARTESIAN_POINT('',(-0.0156646103106209,0.0139871461055102,0.00106863));
#5283=CARTESIAN_POINT('',(-0.0156646103106209,0.0139871461055102,0.));
#5284=CARTESIAN_POINT('',(-0.0221646103106208,0.0134871461055102,0.003));
#5285=CARTESIAN_POINT('',(-0.0286646103106209,0.0134871461055102,0.003));
#5286=CARTESIAN_POINT('',(-0.0286646103106209,0.0134871461055102,0.00106863));
#5287=CARTESIAN_POINT('',(-0.0286646103106209,0.0134871461055102,0.));
#5288=CARTESIAN_POINT('',(-0.0221646103106208,0.0134871461055102,0.00106863));
#5289=CARTESIAN_POINT('',(-0.0221646103106208,0.0134871461055102,0.));
#5290=CARTESIAN_POINT('',(-0.0286646103106209,0.0139871461055102,0.003));
#5291=CARTESIAN_POINT('',(-0.0291646103106209,0.0139871461055102,0.003));
#5292=CARTESIAN_POINT('',(-0.0291646103106209,0.0139871461055102,0.00106863));
#5293=CARTESIAN_POINT('',(-0.0291646103106209,0.0139871461055102,0.));
#5294=CARTESIAN_POINT('',(-0.0286646103106209,0.0139871461055102,0.00106863));
#5295=CARTESIAN_POINT('',(-0.0286646103106209,0.0139871461055102,0.));
#5296=CARTESIAN_POINT('',(0.00153538968937914,0.0421621461055102,0.003));
#5297=CARTESIAN_POINT('',(0.00153538968937914,0.0426621461055102,0.003));
#5298=CARTESIAN_POINT('',(0.00153538968937914,0.0426621461055102,0.00106863));
#5299=CARTESIAN_POINT('',(0.00153538968937914,0.0426621461055102,0.));
#5300=CARTESIAN_POINT('',(0.00153538968937914,0.0421621461055102,0.00106863));
#5301=CARTESIAN_POINT('',(0.00103538968937914,0.0421621461055102,0.00106863));
#5302=CARTESIAN_POINT('',(0.00103538968937914,0.0421621461055102,0.003));
#5303=CARTESIAN_POINT('',(0.00103538968937914,0.0421621461055102,0.));
#5304=CARTESIAN_POINT('',(0.00153538968937914,0.0421621461055102,0.));
#5305=CARTESIAN_POINT('',(0.00803538968937913,0.0426621461055102,0.003));
#5306=CARTESIAN_POINT('',(0.0145353896893791,0.0426621461055102,0.003));
#5307=CARTESIAN_POINT('',(0.0145353896893791,0.0426621461055102,0.00106863));
#5308=CARTESIAN_POINT('',(0.0145353896893791,0.0426621461055102,0.));
#5309=CARTESIAN_POINT('',(0.00153538968937914,0.0426621461055102,0.00106863));
#5310=CARTESIAN_POINT('',(0.00803538968937913,0.0426621461055102,0.));
#5311=CARTESIAN_POINT('',(0.0145353896893791,0.0421621461055102,0.003));
#5312=CARTESIAN_POINT('',(0.0150353896893792,0.0421621461055102,0.003));
#5313=CARTESIAN_POINT('',(0.0150353896893792,0.0421621461055102,0.00106863));
#5314=CARTESIAN_POINT('',(0.0150353896893792,0.0421621461055102,0.));
#5315=CARTESIAN_POINT('',(0.0145353896893791,0.0421621461055102,0.00106863));
#5316=CARTESIAN_POINT('',(0.0145353896893791,0.0421621461055102,0.));
#5317=CARTESIAN_POINT('',(0.0150353896893792,0.0356621461055102,0.003));
#5318=CARTESIAN_POINT('',(0.0150353896893792,0.0291621461055102,0.003));
#5319=CARTESIAN_POINT('',(0.0150353896893792,0.0291621461055102,0.00106863));
#5320=CARTESIAN_POINT('',(0.0150353896893792,0.0291621461055102,0.));
#5321=CARTESIAN_POINT('',(0.0150353896893792,0.0421621461055102,0.00106863));
#5322=CARTESIAN_POINT('',(0.0150353896893792,0.0356621461055102,0.));
#5323=CARTESIAN_POINT('',(0.0145353896893791,0.0291621461055102,0.003));
#5324=CARTESIAN_POINT('',(0.0145353896893791,0.0286621461055102,0.003));
#5325=CARTESIAN_POINT('',(0.0145353896893791,0.0286621461055102,0.00106863));
#5326=CARTESIAN_POINT('',(0.0145353896893791,0.0286621461055102,0.));
#5327=CARTESIAN_POINT('',(0.0145353896893791,0.0291621461055102,0.00106863));
#5328=CARTESIAN_POINT('',(0.0145353896893791,0.0291621461055102,0.));
#5329=CARTESIAN_POINT('',(0.00803538968937913,0.0286621461055102,0.003));
#5330=CARTESIAN_POINT('',(0.00153538968937914,0.0286621461055102,0.003));
#5331=CARTESIAN_POINT('',(0.00153538968937914,0.0286621461055102,0.00106863));
#5332=CARTESIAN_POINT('',(0.00153538968937914,0.0286621461055102,0.));
#5333=CARTESIAN_POINT('',(0.00803538968937913,0.0286621461055102,0.00106863));
#5334=CARTESIAN_POINT('',(0.00803538968937913,0.0286621461055102,0.));
#5335=CARTESIAN_POINT('',(0.00153538968937914,0.0291621461055102,0.003));
#5336=CARTESIAN_POINT('',(0.00103538968937913,0.0291621461055102,0.003));
#5337=CARTESIAN_POINT('',(0.00103538968937913,0.0291621461055102,0.00106863));
#5338=CARTESIAN_POINT('',(0.00103538968937913,0.0291621461055102,0.));
#5339=CARTESIAN_POINT('',(0.00153538968937914,0.0291621461055102,0.00106863));
#5340=CARTESIAN_POINT('',(0.00153538968937914,0.0291621461055102,0.));
#5341=CARTESIAN_POINT('',(-0.0135146103106209,0.0421621461055102,0.003));
#5342=CARTESIAN_POINT('',(-0.0135146103106209,0.0426621461055102,0.003));
#5343=CARTESIAN_POINT('',(-0.0135146103106209,0.0426621461055102,0.00106863));
#5344=CARTESIAN_POINT('',(-0.0135146103106209,0.0426621461055102,0.));
#5345=CARTESIAN_POINT('',(-0.0135146103106209,0.0421621461055102,0.00106863));
#5346=CARTESIAN_POINT('',(-0.0140146103106209,0.0421621461055102,0.00106863));
#5347=CARTESIAN_POINT('',(-0.0140146103106209,0.0421621461055102,0.003));
#5348=CARTESIAN_POINT('',(-0.0140146103106209,0.0421621461055102,0.));
#5349=CARTESIAN_POINT('',(-0.0135146103106209,0.0421621461055102,0.));
#5350=CARTESIAN_POINT('',(-0.00701461031062086,0.0426621461055102,0.003));
#5351=CARTESIAN_POINT('',(-0.000514610310620861,0.0426621461055102,0.003));
#5352=CARTESIAN_POINT('',(-0.000514610310620861,0.0426621461055102,0.00106863));
#5353=CARTESIAN_POINT('',(-0.000514610310620861,0.0426621461055102,0.));
#5354=CARTESIAN_POINT('',(-0.0135146103106209,0.0426621461055102,0.00106863));
#5355=CARTESIAN_POINT('',(-0.00701461031062086,0.0426621461055102,0.));
#5356=CARTESIAN_POINT('',(-0.000514610310620861,0.0421621461055102,0.003));
#5357=CARTESIAN_POINT('',(-1.46103106208606E-5,0.0421621461055102,0.003));
#5358=CARTESIAN_POINT('',(-1.46103106208606E-5,0.0421621461055102,0.00106863));
#5359=CARTESIAN_POINT('',(-1.46103106208606E-5,0.0421621461055102,0.));
#5360=CARTESIAN_POINT('',(-0.000514610310620861,0.0421621461055102,0.00106863));
#5361=CARTESIAN_POINT('',(-0.000514610310620861,0.0421621461055102,0.));
#5362=CARTESIAN_POINT('',(-1.46103106208606E-5,0.0356621461055102,0.003));
#5363=CARTESIAN_POINT('',(-1.4610310620861E-5,0.0291621461055102,0.003));
#5364=CARTESIAN_POINT('',(-1.4610310620861E-5,0.0291621461055102,0.00106863));
#5365=CARTESIAN_POINT('',(-1.4610310620861E-5,0.0291621461055102,0.));
#5366=CARTESIAN_POINT('',(-1.46103106208606E-5,0.0421621461055102,0.00106863));
#5367=CARTESIAN_POINT('',(-1.46103106208606E-5,0.0356621461055102,0.));
#5368=CARTESIAN_POINT('',(-0.000514610310620861,0.0291621461055102,0.003));
#5369=CARTESIAN_POINT('',(-0.000514610310620861,0.0286621461055102,0.003));
#5370=CARTESIAN_POINT('',(-0.000514610310620861,0.0286621461055102,0.00106863));
#5371=CARTESIAN_POINT('',(-0.000514610310620861,0.0286621461055102,0.));
#5372=CARTESIAN_POINT('',(-0.000514610310620861,0.0291621461055102,0.00106863));
#5373=CARTESIAN_POINT('',(-0.000514610310620861,0.0291621461055102,0.));
#5374=CARTESIAN_POINT('',(-0.00701461031062086,0.0286621461055102,0.003));
#5375=CARTESIAN_POINT('',(-0.0135146103106209,0.0286621461055102,0.003));
#5376=CARTESIAN_POINT('',(-0.0135146103106209,0.0286621461055102,0.00106863));
#5377=CARTESIAN_POINT('',(-0.0135146103106209,0.0286621461055102,0.));
#5378=CARTESIAN_POINT('',(-0.00701461031062086,0.0286621461055102,0.00106863));
#5379=CARTESIAN_POINT('',(-0.00701461031062086,0.0286621461055102,0.));
#5380=CARTESIAN_POINT('',(-0.0135146103106209,0.0291621461055102,0.003));
#5381=CARTESIAN_POINT('',(-0.0140146103106209,0.0291621461055102,0.003));
#5382=CARTESIAN_POINT('',(-0.0140146103106209,0.0291621461055102,0.00106863));
#5383=CARTESIAN_POINT('',(-0.0140146103106209,0.0291621461055102,0.));
#5384=CARTESIAN_POINT('',(-0.0135146103106209,0.0291621461055102,0.00106863));
#5385=CARTESIAN_POINT('',(-0.0135146103106209,0.0291621461055102,0.));
#5386=CARTESIAN_POINT('',(-0.0286646103106209,0.0421621461055102,0.003));
#5387=CARTESIAN_POINT('',(-0.0286646103106209,0.0426621461055102,0.003));
#5388=CARTESIAN_POINT('',(-0.0286646103106209,0.0426621461055102,0.00106863));
#5389=CARTESIAN_POINT('',(-0.0286646103106209,0.0426621461055102,0.));
#5390=CARTESIAN_POINT('',(-0.0286646103106209,0.0421621461055102,0.00106863));
#5391=CARTESIAN_POINT('',(-0.0291646103106209,0.0421621461055102,0.00106863));
#5392=CARTESIAN_POINT('',(-0.0291646103106209,0.0421621461055102,0.003));
#5393=CARTESIAN_POINT('',(-0.0291646103106209,0.0421621461055102,0.));
#5394=CARTESIAN_POINT('',(-0.0286646103106209,0.0421621461055102,0.));
#5395=CARTESIAN_POINT('',(-0.0221646103106208,0.0426621461055102,0.003));
#5396=CARTESIAN_POINT('',(-0.0156646103106209,0.0426621461055102,0.003));
#5397=CARTESIAN_POINT('',(-0.0156646103106209,0.0426621461055102,0.00106863));
#5398=CARTESIAN_POINT('',(-0.0156646103106209,0.0426621461055102,0.));
#5399=CARTESIAN_POINT('',(-0.0286646103106209,0.0426621461055102,0.00106863));
#5400=CARTESIAN_POINT('',(-0.0221646103106208,0.0426621461055102,0.));
#5401=CARTESIAN_POINT('',(-0.0156646103106209,0.0421621461055102,0.003));
#5402=CARTESIAN_POINT('',(-0.0151646103106209,0.0421621461055102,0.003));
#5403=CARTESIAN_POINT('',(-0.0151646103106209,0.0421621461055102,0.00106863));
#5404=CARTESIAN_POINT('',(-0.0151646103106209,0.0421621461055102,0.));
#5405=CARTESIAN_POINT('',(-0.0156646103106209,0.0421621461055102,0.00106863));
#5406=CARTESIAN_POINT('',(-0.0156646103106209,0.0421621461055102,0.));
#5407=CARTESIAN_POINT('',(-0.0151646103106209,0.0356621461055102,0.003));
#5408=CARTESIAN_POINT('',(-0.0151646103106209,0.0291621461055102,0.003));
#5409=CARTESIAN_POINT('',(-0.0151646103106209,0.0291621461055102,0.00106863));
#5410=CARTESIAN_POINT('',(-0.0151646103106209,0.0291621461055102,0.));
#5411=CARTESIAN_POINT('',(-0.0151646103106209,0.0421621461055102,0.00106863));
#5412=CARTESIAN_POINT('',(-0.0151646103106209,0.0356621461055102,0.));
#5413=CARTESIAN_POINT('',(-0.0156646103106209,0.0291621461055102,0.003));
#5414=CARTESIAN_POINT('',(-0.0156646103106209,0.0286621461055102,0.003));
#5415=CARTESIAN_POINT('',(-0.0156646103106209,0.0286621461055102,0.00106863));
#5416=CARTESIAN_POINT('',(-0.0156646103106209,0.0286621461055102,0.));
#5417=CARTESIAN_POINT('',(-0.0156646103106209,0.0291621461055102,0.00106863));
#5418=CARTESIAN_POINT('',(-0.0156646103106209,0.0291621461055102,0.));
#5419=CARTESIAN_POINT('',(-0.0221646103106208,0.0286621461055102,0.003));
#5420=CARTESIAN_POINT('',(-0.0286646103106209,0.0286621461055102,0.003));
#5421=CARTESIAN_POINT('',(-0.0286646103106209,0.0286621461055102,0.00106863));
#5422=CARTESIAN_POINT('',(-0.0286646103106209,0.0286621461055102,0.));
#5423=CARTESIAN_POINT('',(-0.0221646103106208,0.0286621461055102,0.00106863));
#5424=CARTESIAN_POINT('',(-0.0221646103106208,0.0286621461055102,0.));
#5425=CARTESIAN_POINT('',(-0.0286646103106209,0.0291621461055102,0.003));
#5426=CARTESIAN_POINT('',(-0.0291646103106209,0.0291621461055102,0.003));
#5427=CARTESIAN_POINT('',(-0.0291646103106209,0.0291621461055102,0.00106863));
#5428=CARTESIAN_POINT('',(-0.0291646103106209,0.0291621461055102,0.));
#5429=CARTESIAN_POINT('',(-0.0286646103106209,0.0291621461055102,0.00106863));
#5430=CARTESIAN_POINT('',(-0.0286646103106209,0.0291621461055102,0.));
#5431=CARTESIAN_POINT('',(0.0393784159891538,-0.0376479203918157,0.003));
#5432=CARTESIAN_POINT('',(0.0393784159891538,-0.0376479203918157,0.00106863));
#5433=CARTESIAN_POINT('',(0.0393784159891538,-0.0376479203918157,0.));
#5434=CARTESIAN_POINT('',(0.0158318609096341,-0.0168384618231235,0.003));
#5435=CARTESIAN_POINT('',(0.0158318609096341,-0.0168384618231235,0.00106863));
#5436=CARTESIAN_POINT('',(0.019411180703429,-0.0168384618231235,0.00106863));
#5437=CARTESIAN_POINT('',(0.0158318609096341,-0.0168384618231235,0.));
#5438=CARTESIAN_POINT('',(0.019411180703429,-0.0168384618231235,0.));
#5439=CARTESIAN_POINT('',(-0.0504034355185696,0.0636636440536799,0.003));
#5440=CARTESIAN_POINT('',(-0.0504034355185696,0.0636636440536799,0.00106863));
#5441=CARTESIAN_POINT('',(-0.0489034355185696,0.0636636440536799,0.00106863));
#5442=CARTESIAN_POINT('',(-0.0504034355185696,0.0636636440536799,0.));
#5443=CARTESIAN_POINT('',(-0.0489034355185696,0.0636636440536799,0.));
#5444=CARTESIAN_POINT('',(0.05718628246563,0.0636636440536799,0.003));
#5445=CARTESIAN_POINT('',(0.05718628246563,0.0636636440536799,0.00106863));
#5446=CARTESIAN_POINT('',(0.05868628246563,0.0636636440536799,0.00106863));
#5447=CARTESIAN_POINT('',(0.05718628246563,0.0636636440536799,0.));
#5448=CARTESIAN_POINT('',(0.05868628246563,0.0636636440536799,0.));
#5449=CARTESIAN_POINT('',(-0.0504034355185696,-0.0436638538944898,0.003));
#5450=CARTESIAN_POINT('',(-0.0504034355185696,-0.0436638538944898,0.00106863));
#5451=CARTESIAN_POINT('',(-0.0489034355185696,-0.0436638538944898,0.00106863));
#5452=CARTESIAN_POINT('',(-0.0504034355185696,-0.0436638538944898,0.));
#5453=CARTESIAN_POINT('',(-0.0489034355185696,-0.0436638538944898,0.));
#5454=CARTESIAN_POINT('',(0.05718628246563,-0.0436638538944898,0.003));
#5455=CARTESIAN_POINT('',(0.05718628246563,-0.0436638538944898,0.00106863));
#5456=CARTESIAN_POINT('',(0.05868628246563,-0.0436638538944898,0.00106863));
#5457=CARTESIAN_POINT('',(0.05718628246563,-0.0436638538944898,0.));
#5458=CARTESIAN_POINT('',(0.05868628246563,-0.0436638538944898,0.));
#5459=CARTESIAN_POINT('',(0.0192592807211212,0.0211722308082367,0.003));
#5460=CARTESIAN_POINT('',(0.0192592807211212,0.0211722308082367,0.00106863));
#5461=CARTESIAN_POINT('',(0.0192592807211212,0.0211722308082367,0.));
#5462=CARTESIAN_POINT('',(-0.0342157447777458,-0.0227835592077253,0.003));
#5463=CARTESIAN_POINT('',(-0.0342157447777458,-0.0227835592077253,0.00106863));
#5464=CARTESIAN_POINT('',(-0.0342157447777458,-0.0227835592077253,0.));
#5465=CARTESIAN_POINT('',(0.00103538968937914,0.00533714610551021,0.003));
#5466=CARTESIAN_POINT('',(0.00103538968937914,0.00533714610551021,0.00106863));
#5467=CARTESIAN_POINT('',(0.00103538968937914,0.00533714610551021,0.));
#5468=CARTESIAN_POINT('',(-0.0140146103106209,0.00533714610551021,0.003));
#5469=CARTESIAN_POINT('',(-0.0140146103106209,0.00533714610551021,0.00106863));
#5470=CARTESIAN_POINT('',(-0.0140146103106209,0.00533714610551021,0.));
#5471=CARTESIAN_POINT('',(-0.0291646103106209,0.00533714610551021,0.003));
#5472=CARTESIAN_POINT('',(-0.0291646103106209,0.00533714610551021,0.00106863));
#5473=CARTESIAN_POINT('',(-0.0291646103106209,0.00533714610551021,0.));
#5474=CARTESIAN_POINT('',(0.00103538968937914,0.0204871461055102,0.003));
#5475=CARTESIAN_POINT('',(0.00103538968937914,0.0204871461055102,0.00106863));
#5476=CARTESIAN_POINT('',(0.00103538968937914,0.0204871461055102,0.));
#5477=CARTESIAN_POINT('',(-0.0140146103106209,0.0204871461055102,0.003));
#5478=CARTESIAN_POINT('',(-0.0140146103106209,0.0204871461055102,0.00106863));
#5479=CARTESIAN_POINT('',(-0.0140146103106209,0.0204871461055102,0.));
#5480=CARTESIAN_POINT('',(-0.0291646103106209,0.0204871461055102,0.003));
#5481=CARTESIAN_POINT('',(-0.0291646103106209,0.0204871461055102,0.00106863));
#5482=CARTESIAN_POINT('',(-0.0291646103106209,0.0204871461055102,0.));
#5483=CARTESIAN_POINT('',(0.00103538968937914,0.0356621461055102,0.003));
#5484=CARTESIAN_POINT('',(0.00103538968937914,0.0356621461055102,0.00106863));
#5485=CARTESIAN_POINT('',(0.00103538968937914,0.0356621461055102,0.));
#5486=CARTESIAN_POINT('',(-0.0140146103106209,0.0356621461055102,0.003));
#5487=CARTESIAN_POINT('',(-0.0140146103106209,0.0356621461055102,0.00106863));
#5488=CARTESIAN_POINT('',(-0.0140146103106209,0.0356621461055102,0.));
#5489=CARTESIAN_POINT('',(-0.0291646103106209,0.0356621461055102,0.003));
#5490=CARTESIAN_POINT('',(-0.0291646103106209,0.0356621461055102,0.00106863));
#5491=CARTESIAN_POINT('',(-0.0291646103106209,0.0356621461055102,0.));
#5492=CARTESIAN_POINT('',(0.0631842552222542,0.0100763487002673,0.003));
#5493=CARTESIAN_POINT('',(0.0631842552222542,0.0100763487002673,0.));
#5494=CARTESIAN_POINT('',(0.0631842552222542,0.0678949787002673,0.));
#5495=CARTESIAN_POINT('',(0.0631842552222542,-0.0477422812997327,0.));
#5496=CARTESIAN_POINT('',(0.0631842552222542,0.0678949787002673,0.003));
#5497=CARTESIAN_POINT('',(0.0631842552222542,0.0678949787002673,0.00106863));
#5498=CARTESIAN_POINT('',(0.0631842552222542,0.0100763487002673,0.00106863));
#5499=CARTESIAN_POINT('',(0.0631842552222542,-0.0477422812997327,0.00106863));
#5500=CARTESIAN_POINT('',(0.0631842552222542,-0.0477422812997327,0.));
#5501=CARTESIAN_POINT('',(0.00343425522225417,0.0100763487002673,0.003));
#5502=CARTESIAN_POINT('',(0.0458749793069843,-0.00817004762246736,0.003));
#5503=CARTESIAN_POINT('',(0.0458749793069843,0.0524458792389407,0.003));
#5504=CARTESIAN_POINT('',(0.0458749793069843,-0.0101014176224674,0.003));
#5505=CARTESIAN_POINT('',(0.0192592807211212,-0.0101014176224674,0.003));
#5506=CARTESIAN_POINT('',(0.0173279107211212,-0.0101014176224674,0.003));
#5507=CARTESIAN_POINT('',(0.0173279107211212,0.0100763487002673,0.003));
#5508=CARTESIAN_POINT('',(0.0173279107211212,0.0524458792389407,0.003));
#5509=CARTESIAN_POINT('',(0.00343425522225417,0.0524458792389407,0.003));
#5510=CARTESIAN_POINT('',(0.0533735528188233,-0.0376479203918157,0.003));
#5511=CARTESIAN_POINT('',(0.0533735528188233,-0.0135920559658632,0.003));
#5512=CARTESIAN_POINT('',(0.0533735528188233,-0.0395792903918157,0.003));
#5513=CARTESIAN_POINT('',(0.00343425522225417,-0.0395792903918157,0.003));
#5514=CARTESIAN_POINT('',(0.0253832791594843,-0.0395792903918157,0.003));
#5515=CARTESIAN_POINT('',(0.0253832791594843,0.0100763487002673,0.003));
#5516=CARTESIAN_POINT('',(0.0253832791594843,-0.0135920559658632,0.003));
#5517=CARTESIAN_POINT('',(0.0514421828188233,-0.0135920559658632,0.003));
#5518=CARTESIAN_POINT('',(0.05718628246563,-0.0436638538944898,0.003));
#5519=CARTESIAN_POINT('',(0.06061765246563,-0.0436638538944898,0.003));
#5520=CARTESIAN_POINT('',(-0.0504034355185696,-0.0436638538944898,0.003));
#5521=CARTESIAN_POINT('',(-0.0469720655185696,-0.0436638538944898,0.003));
#5522=CARTESIAN_POINT('',(0.05718628246563,0.0636636440536799,0.003));
#5523=CARTESIAN_POINT('',(0.06061765246563,0.0636636440536799,0.003));
#5524=CARTESIAN_POINT('',(-0.0504034355185696,0.0636636440536799,0.003));
#5525=CARTESIAN_POINT('',(-0.0469720655185696,0.0636636440536799,0.003));
#5526=CARTESIAN_POINT('',(-0.0543843747777458,-0.0496736512997327,0.003));
#5527=CARTESIAN_POINT('',(-0.0543843747777458,0.0678949787002673,0.003));
#5528=CARTESIAN_POINT('',(-0.0543843747777458,-0.0477422812997327,0.003));
#5529=CARTESIAN_POINT('',(0.0631842552222542,-0.0477422812997327,0.003));
#5530=CARTESIAN_POINT('',(0.0612528852222542,-0.0477422812997327,0.003));
#5531=CARTESIAN_POINT('',(0.0612528852222542,0.0100763487002673,0.003));
#5532=CARTESIAN_POINT('',(0.0612528852222542,0.0678949787002673,0.003));
#5533=CARTESIAN_POINT('',(0.00343425522225417,0.0678949787002673,0.003));
#5534=CARTESIAN_POINT('',(0.0158318609096341,-0.0168384618231235,0.003));
#5535=CARTESIAN_POINT('',(0.021342550703429,-0.0168384618231235,0.003));
#5536=CARTESIAN_POINT('',(-0.0342157447777458,-0.0117835592077253,0.003));
#5537=CARTESIAN_POINT('',(-0.0366471147777458,-0.0117835592077253,0.003));
#5538=CARTESIAN_POINT('',(-0.0342157447777458,-0.00935218920772531,0.003));
#5539=CARTESIAN_POINT('',(0.00343425522225417,-0.00935218920772531,0.003));
#5540=CARTESIAN_POINT('',(0.00283538968937914,-0.00935218920772531,0.003));
#5541=CARTESIAN_POINT('',(0.00283538968937914,-0.0117835592077253,0.003));
#5542=CARTESIAN_POINT('',(0.00526675968937913,-0.0117835592077253,0.003));
#5543=CARTESIAN_POINT('',(0.00526675968937913,0.0100763487002673,0.003));
#5544=CARTESIAN_POINT('',(0.00526675968937914,-0.0227835592077253,0.003));
#5545=CARTESIAN_POINT('',(0.00283538968937913,-0.0227835592077253,0.003));
#5546=CARTESIAN_POINT('',(0.00283538968937916,-0.0252149292077253,0.003));
#5547=CARTESIAN_POINT('',(0.00343425522225417,-0.0252149292077253,0.003));
#5548=CARTESIAN_POINT('',(-0.0342157447777458,-0.0252149292077253,0.003));
#5549=CARTESIAN_POINT('',(-0.0342157447777458,-0.0227835592077253,0.003));
#5550=CARTESIAN_POINT('',(-0.0366471147777458,-0.0227835592077253,0.003));
#5551=CARTESIAN_POINT('',(-0.0366471147777457,0.0100763487002673,0.003));
#5552=CARTESIAN_POINT('',(-0.0310959803106209,0.0100763487002673,0.003));
#5553=CARTESIAN_POINT('',(-0.0310959803106209,-0.00116285389448979,0.003));
#5554=CARTESIAN_POINT('',(-0.0310959803106209,0.0118371461055102,0.003));
#5555=CARTESIAN_POINT('',(-0.0286646103106209,0.0118371461055102,0.003));
#5556=CARTESIAN_POINT('',(-0.0308454209573529,0.0129121461055102,0.003));
#5557=CARTESIAN_POINT('',(-0.0286646103106209,0.0139871461055102,0.003));
#5558=CARTESIAN_POINT('',(-0.0310959803106209,0.0139871461055102,0.003));
#5559=CARTESIAN_POINT('',(-0.0310959803106209,0.0100763487002673,0.003));
#5560=CARTESIAN_POINT('',(-0.0310959803106209,0.0269871461055102,0.003));
#5561=CARTESIAN_POINT('',(-0.0286646103106209,0.0269871461055102,0.003));
#5562=CARTESIAN_POINT('',(-0.0308392146026474,0.0280746461055102,0.003));
#5563=CARTESIAN_POINT('',(-0.0286646103106209,0.0291621461055102,0.003));
#5564=CARTESIAN_POINT('',(-0.0310959803106209,0.0291621461055102,0.003));
#5565=CARTESIAN_POINT('',(-0.0310959803106209,0.0100763487002673,0.003));
#5566=CARTESIAN_POINT('',(-0.0310959803106209,0.0421621461055103,0.003));
#5567=CARTESIAN_POINT('',(-0.0286646103106209,0.0421621461055102,0.003));
#5568=CARTESIAN_POINT('',(-0.0286646103106209,0.0445935161055102,0.003));
#5569=CARTESIAN_POINT('',(-0.0156646103106209,0.0445935161055102,0.003));
#5570=CARTESIAN_POINT('',(-0.0156646103106209,0.0445935161055102,0.003));
#5571=CARTESIAN_POINT('',(-0.0156646103106209,0.0421621461055102,0.003));
#5572=CARTESIAN_POINT('',(-0.0145896103106209,0.0443429567522423,0.003));
#5573=CARTESIAN_POINT('',(-0.0135146103106209,0.0421621461055102,0.003));
#5574=CARTESIAN_POINT('',(-0.0135146103106209,0.0445935161055102,0.003));
#5575=CARTESIAN_POINT('',(-0.000514610310620861,0.0445935161055102,0.003));
#5576=CARTESIAN_POINT('',(-0.000514610310620861,0.0445935161055102,0.003));
#5577=CARTESIAN_POINT('',(-0.000514610310620861,0.0421621461055102,0.003));
#5578=CARTESIAN_POINT('',(0.000510389689379137,0.0443668989435626,0.003));
#5579=CARTESIAN_POINT('',(0.00153538968937914,0.0421621461055102,0.003));
#5580=CARTESIAN_POINT('',(0.00153538968937914,0.0445935161055102,0.003));
#5581=CARTESIAN_POINT('',(0.0145353896893791,0.0445935161055102,0.003));
#5582=CARTESIAN_POINT('',(0.0145353896893791,0.0445935161055102,0.003));
#5583=CARTESIAN_POINT('',(0.0145353896893791,0.0421621461055102,0.003));
#5584=CARTESIAN_POINT('',(0.0169667596893791,0.0421621461055102,0.003));
#5585=CARTESIAN_POINT('',(0.0169667596893791,0.0291621461055102,0.003));
#5586=CARTESIAN_POINT('',(0.0169667596893791,0.0291621461055102,0.003));
#5587=CARTESIAN_POINT('',(0.0145353896893791,0.0291621461055102,0.003));
#5588=CARTESIAN_POINT('',(0.0167099939814056,0.0280746461055102,0.003));
#5589=CARTESIAN_POINT('',(0.0145353896893791,0.0269871461055102,0.003));
#5590=CARTESIAN_POINT('',(0.0169667596893791,0.0269871461055102,0.003));
#5591=CARTESIAN_POINT('',(0.0169667596893791,0.0139871461055102,0.003));
#5592=CARTESIAN_POINT('',(0.0169667596893791,0.0139871461055102,0.003));
#5593=CARTESIAN_POINT('',(0.0145353896893791,0.0139871461055102,0.003));
#5594=CARTESIAN_POINT('',(0.0167162003361112,0.0129121461055102,0.003));
#5595=CARTESIAN_POINT('',(0.0145353896893791,0.0118371461055102,0.003));
#5596=CARTESIAN_POINT('',(0.0169667596893791,0.0118371461055102,0.003));
#5597=CARTESIAN_POINT('',(0.0169667596893791,-0.00116285389448979,0.003));
#5598=CARTESIAN_POINT('',(0.0169667596893791,-0.00116285389448979,0.003));
#5599=CARTESIAN_POINT('',(0.0145353896893791,-0.00116285389448979,0.003));
#5600=CARTESIAN_POINT('',(0.0145353896893791,-0.00359422389448979,0.003));
#5601=CARTESIAN_POINT('',(0.00343425522225417,-0.00359422389448979,0.003));
#5602=CARTESIAN_POINT('',(0.00153538968937914,-0.00359422389448979,0.003));
#5603=CARTESIAN_POINT('',(0.00153538968937914,-0.00116285389448979,0.003));
#5604=CARTESIAN_POINT('',(0.000510389689379137,-0.00336760673254216,0.003));
#5605=CARTESIAN_POINT('',(-0.000514610310620861,-0.00116285389448979,0.003));
#5606=CARTESIAN_POINT('',(-0.000514610310620861,-0.00359422389448979,0.003));
#5607=CARTESIAN_POINT('',(0.00343425522225417,-0.00359422389448979,0.003));
#5608=CARTESIAN_POINT('',(-0.0135146103106209,-0.00359422389448979,0.003));
#5609=CARTESIAN_POINT('',(-0.0135146103106209,-0.00116285389448979,0.003));
#5610=CARTESIAN_POINT('',(-0.0145896103106209,-0.00334366454122187,0.003));
#5611=CARTESIAN_POINT('',(-0.0156646103106209,-0.00116285389448979,0.003));
#5612=CARTESIAN_POINT('',(-0.0156646103106209,-0.00359422389448979,0.003));
#5613=CARTESIAN_POINT('',(0.00343425522225417,-0.00359422389448979,0.003));
#5614=CARTESIAN_POINT('',(-0.0286646103106209,-0.00359422389448979,0.003));
#5615=CARTESIAN_POINT('',(-0.0286646103106209,-0.00116285389448978,0.003));
#5616=CARTESIAN_POINT('',(0.00343425522225417,0.0100763487002673,0.));
#5617=CARTESIAN_POINT('',(-0.0543843747777458,-0.0477422812997327,0.));
#5618=CARTESIAN_POINT('',(-0.0543843747777458,0.0678949787002673,0.));
#5619=CARTESIAN_POINT('',(0.0612528852222542,0.0678949787002673,0.));
#5620=CARTESIAN_POINT('',(0.0612528852222542,-0.0477422812997327,0.));
#5621=CARTESIAN_POINT('',(0.0612528852222542,0.0678949787002673,0.003));
#5622=CARTESIAN_POINT('',(0.0612528852222542,0.0678949787002673,0.00106863));
#5623=CARTESIAN_POINT('',(0.0612528852222542,0.0678949787002673,0.00106863));
#5624=CARTESIAN_POINT('',(0.0612528852222542,0.0678949787002673,0.00106863));
#5625=CARTESIAN_POINT('',(0.0612528852222542,0.0678949787002673,0.00106863));
#5626=CARTESIAN_POINT('',(-0.0543843747777458,0.0678949787002673,0.003));
#5627=CARTESIAN_POINT('',(-0.0543843747777458,0.0678949787002673,0.00106863));
#5628=CARTESIAN_POINT('',(0.00343425522225418,0.0678949787002673,0.00106863));
#5629=CARTESIAN_POINT('',(-0.0543843747777458,0.0678949787002673,0.00106863));
#5630=CARTESIAN_POINT('',(0.0612528852222542,0.0100763487002673,0.00106863));
#5631=CARTESIAN_POINT('',(0.0612528852222542,-0.0477422812997327,0.00106863));
#5632=CARTESIAN_POINT('',(0.0612528852222542,-0.0477422812997327,0.003));
#5633=CARTESIAN_POINT('',(0.0612528852222542,-0.0477422812997327,0.00106863));
#5634=CARTESIAN_POINT('',(-0.0543843747777458,0.0678949787002673,0.00106863));
#5635=CARTESIAN_POINT('',(-0.0543843747777458,0.0678949787002673,0.00106863));
#5636=CARTESIAN_POINT('',(0.0612528852222542,-0.0477422812997327,0.00106863));
#5637=CARTESIAN_POINT('',(0.0612528852222542,-0.0477422812997327,0.00106863));
#5638=CARTESIAN_POINT('',(-0.0543843747777458,0.0100763487002673,0.00106863));
#5639=CARTESIAN_POINT('',(-0.0543843747777458,-0.0477422812997327,0.00106863));
#5640=CARTESIAN_POINT('',(0.00343425522225417,-0.0477422812997327,0.00106863));
#5641=CARTESIAN_POINT('',(-0.0543843747777458,-0.0477422812997327,0.00106863));
#5642=CARTESIAN_POINT('',(-0.0543843747777458,-0.0477422812997327,0.00106863));
#5643=CARTESIAN_POINT('',(-0.0543843747777458,-0.0477422812997327,0.00106863));
#5644=CARTESIAN_POINT('',(-0.0543843747777458,-0.0477422812997327,0.003));
#5645=CARTESIAN_POINT('',(0.0458749793069843,0.0100763487002673,0.00106863));
#5646=CARTESIAN_POINT('',(0.0458749793069843,-0.0101014176224674,0.00106863));
#5647=CARTESIAN_POINT('',(0.0458749793069843,0.0524458792389407,0.00106863));
#5648=CARTESIAN_POINT('',(0.0316014450140528,0.0524458792389407,0.00106863));
#5649=CARTESIAN_POINT('',(0.0173279107211212,0.0524458792389407,0.00106863));
#5650=CARTESIAN_POINT('',(0.00343425522225417,-0.0101014176224674,0.00106863));
#5651=CARTESIAN_POINT('',(0.0173279107211212,-0.0101014176224674,0.00106863));
#5652=CARTESIAN_POINT('',(0.0173279107211212,0.0211722308082367,0.00106863));
#5653=CARTESIAN_POINT('',(0.0253832791594843,-0.0265856731788394,0.00106863));
#5654=CARTESIAN_POINT('',(0.0253832791594843,-0.0395792903918157,0.00106863));
#5655=CARTESIAN_POINT('',(0.0253832791594843,-0.0135920559658632,0.00106863));
#5656=CARTESIAN_POINT('',(0.00343425522225417,-0.0135920559658632,0.00106863));
#5657=CARTESIAN_POINT('',(0.0533735528188233,-0.0135920559658632,0.00106863));
#5658=CARTESIAN_POINT('',(0.0393784159891538,-0.0395792903918157,0.00106863));
#5659=CARTESIAN_POINT('',(0.0533735528188233,-0.0395792903918157,0.00106863));
#5660=CARTESIAN_POINT('',(0.0533735528188233,0.0100763487002673,0.00106863));
#5661=CARTESIAN_POINT('',(0.05718628246563,-0.0436638538944898,0.00106863));
#5662=CARTESIAN_POINT('',(-0.0504034355185696,-0.0436638538944898,0.00106863));
#5663=CARTESIAN_POINT('',(0.05718628246563,0.0636636440536799,0.00106863));
#5664=CARTESIAN_POINT('',(-0.0504034355185696,0.0636636440536799,0.00106863));
#5665=CARTESIAN_POINT('',(0.0158318609096341,-0.0168384618231235,0.00106863));
#5666=CARTESIAN_POINT('',(-0.0156901775441834,-0.0252149292077253,0.00106863));
#5667=CARTESIAN_POINT('',(-0.0342157447777458,-0.0252149292077253,0.00106863));
#5668=CARTESIAN_POINT('',(0.00283538968937914,-0.0252149292077253,0.00106863));
#5669=CARTESIAN_POINT('',(0.00283538968937913,-0.0227835592077253,0.00106863));
#5670=CARTESIAN_POINT('',(0.00526675968937914,-0.0227835592077253,0.00106863));
#5671=CARTESIAN_POINT('',(-0.0342157447777458,-0.0227835592077253,0.00106863));
#5672=CARTESIAN_POINT('',(-0.0366471147777458,-0.0227835592077253,0.00106863));
#5673=CARTESIAN_POINT('',(0.00526675968937913,-0.0172835592077253,0.00106863));
#5674=CARTESIAN_POINT('',(0.00526675968937913,-0.0117835592077253,0.00106863));
#5675=CARTESIAN_POINT('',(-0.0366471147777458,-0.0172835592077253,0.00106863));
#5676=CARTESIAN_POINT('',(-0.0366471147777458,-0.0117835592077253,0.00106863));
#5677=CARTESIAN_POINT('',(0.00283538968937914,-0.0117835592077253,0.00106863));
#5678=CARTESIAN_POINT('',(0.00283538968937914,-0.00935218920772531,0.00106863));
#5679=CARTESIAN_POINT('',(-0.0342157447777458,-0.0117835592077253,0.00106863));
#5680=CARTESIAN_POINT('',(-0.0342157447777458,-0.00935218920772531,0.00106863));
#5681=CARTESIAN_POINT('',(-0.0156901775441834,-0.00935218920772531,0.00106863));
#5682=CARTESIAN_POINT('',(-0.0286646103106209,0.0421621461055102,0.00106863));
#5683=CARTESIAN_POINT('',(-0.0286646103106209,0.0445935161055102,0.00106863));
#5684=CARTESIAN_POINT('',(-0.0310959803106209,0.0421621461055103,0.00106863));
#5685=CARTESIAN_POINT('',(-0.0310959803106209,0.0356621461055102,0.00106863));
#5686=CARTESIAN_POINT('',(-0.0310959803106209,0.0291621461055102,0.00106863));
#5687=CARTESIAN_POINT('',(0.00343425522225417,0.0445935161055102,0.00106863));
#5688=CARTESIAN_POINT('',(-0.0156646103106209,0.0445935161055102,0.00106863));
#5689=CARTESIAN_POINT('',(-0.0286646103106209,0.0291621461055102,0.00106863));
#5690=CARTESIAN_POINT('',(-0.0286646103106208,0.0280746461055102,0.00245578662417767));
#5691=CARTESIAN_POINT('',(-0.0290425939540844,0.0280746461055102,0.00245578662417767));
#5692=CARTESIAN_POINT('',(-0.0297182542972674,0.0280746461055102,0.00282255697446472));
#5693=CARTESIAN_POINT('',(-0.030467641497688,0.0280746461055102,0.003));
#5694=CARTESIAN_POINT('',(-0.0308392146026474,0.0280746461055102,0.003));
#5695=CARTESIAN_POINT('',(-0.0286646103106209,0.0280746461055102,0.00245578662417766));
#5696=CARTESIAN_POINT('',(-0.0286646103106209,0.0267307761055102,0.00106863));
#5697=CARTESIAN_POINT('',(-0.0156646103106209,0.0421621461055102,0.00106863));
#5698=CARTESIAN_POINT('',(-0.0132332403106209,0.0421621461055102,0.00106863));
#5699=CARTESIAN_POINT('',(-0.0145896103106209,0.0421621461055102,0.0024435665439903));
#5700=CARTESIAN_POINT('',(-0.0145896103106209,0.0443429567522423,0.003));
#5701=CARTESIAN_POINT('',(-0.0145896103106193,0.0439693002852514,0.003));
#5702=CARTESIAN_POINT('',(-0.0145896103106216,0.0432268570888713,0.00282748004450262));
#5703=CARTESIAN_POINT('',(-0.0145896103106209,0.0425577023482886,0.0024435665439903));
#5704=CARTESIAN_POINT('',(-0.0145896103106209,0.0421621461055102,0.0024435665439903));
#5705=CARTESIAN_POINT('',(-0.0286646103106209,0.0269871461055102,0.00106863));
#5706=CARTESIAN_POINT('',(-0.0310959803106209,0.0269871461055102,0.00106863));
#5707=CARTESIAN_POINT('',(-0.0286646103106209,0.0294185161055102,0.00106863));
#5708=CARTESIAN_POINT('',(-0.0221646103106208,0.0267307761055102,0.00106863));
#5709=CARTESIAN_POINT('',(-0.0221646103106208,0.0280746461055102,0.00245578662417767));
#5710=CARTESIAN_POINT('',(-0.0156646103106209,0.0280746461055102,0.00245578662417767));
#5711=CARTESIAN_POINT('',(-0.0156646103106209,0.0267307761055102,0.00106863));
#5712=CARTESIAN_POINT('',(-0.0132332403106209,0.0100763487002673,0.00106863));
#5713=CARTESIAN_POINT('',(-0.0132332403106209,0.0291621461055102,0.00106863));
#5714=CARTESIAN_POINT('',(-0.0145896103106209,0.0291621461055102,0.0024435665439903));
#5715=CARTESIAN_POINT('',(-0.0145896103106209,0.0356621461055102,0.0024435665439903));
#5716=CARTESIAN_POINT('',(-0.0135146103106209,0.0421621461055102,0.00106863));
#5717=CARTESIAN_POINT('',(-0.0159459803106209,0.0421621461055102,0.00106863));
#5718=CARTESIAN_POINT('',(-0.0135146103106209,0.0445935161055102,0.00106863));
#5719=CARTESIAN_POINT('',(0.0145353896893791,0.0421621461055102,0.00106863));
#5720=CARTESIAN_POINT('',(0.0169667596893791,0.0421621461055102,0.00106863));
#5721=CARTESIAN_POINT('',(0.0145353896893791,0.0445935161055102,0.00106863));
#5722=CARTESIAN_POINT('',(-0.0286646103106209,-0.00116285389448978,0.00106863));
#5723=CARTESIAN_POINT('',(-0.0310959803106209,-0.00116285389448979,0.00106863));
#5724=CARTESIAN_POINT('',(-0.0286646103106209,-0.00359422389448978,0.00106863));
#5725=CARTESIAN_POINT('',(-0.0310959803106209,0.0204871461055102,0.00106863));
#5726=CARTESIAN_POINT('',(-0.0310959803106209,0.0139871461055102,0.00106863));
#5727=CARTESIAN_POINT('',(0.00343425522225417,0.0294185161055102,0.00106863));
#5728=CARTESIAN_POINT('',(-0.0156646103106209,0.0294185161055102,0.00106863));
#5729=CARTESIAN_POINT('',(-0.0156646103106209,0.0291621461055102,0.00106863));
#5730=CARTESIAN_POINT('',(-0.0145896103106209,0.0280746461055102,0.00277631212774136));
#5731=CARTESIAN_POINT('',(-0.014942469554661,0.0280746461055102,0.00264525220294974));
#5732=CARTESIAN_POINT('',(-0.0152788883514756,0.0280746461055102,0.00245578662417768));
#5733=CARTESIAN_POINT('',(-0.0156646103106209,0.0280746461055102,0.00245578662417767));
#5734=CARTESIAN_POINT('',(-0.0145896103106209,0.0280746461055104,0.00277631212774129));
#5735=CARTESIAN_POINT('',(-0.0145896103106209,0.0291621461055102,0.0024435665439903));
#5736=CARTESIAN_POINT('',(-0.0145896103106209,0.0287780233752212,0.0024435665439903));
#5737=CARTESIAN_POINT('',(-0.0145896103106209,0.0284325438669798,0.00264183507001407));
#5738=CARTESIAN_POINT('',(-0.0145896103106209,0.0280746461055104,0.00277631212774129));
#5739=CARTESIAN_POINT('',(-0.0159459803106209,0.0356621461055102,0.00106863));
#5740=CARTESIAN_POINT('',(-0.0159459803106209,0.0291621461055102,0.00106863));
#5741=CARTESIAN_POINT('',(0.00343425522225417,0.0445935161055102,0.00106863));
#5742=CARTESIAN_POINT('',(-0.000514610310620861,0.0445935161055102,0.00106863));
#5743=CARTESIAN_POINT('',(0.00343425522225417,0.0445935161055102,0.00106863));
#5744=CARTESIAN_POINT('',(0.00153538968937914,0.0445935161055102,0.00106863));
#5745=CARTESIAN_POINT('',(0.0169667596893791,0.0100763487002673,0.00106863));
#5746=CARTESIAN_POINT('',(0.0169667596893791,0.0291621461055102,0.00106863));
#5747=CARTESIAN_POINT('',(-0.0221646103106208,-0.00359422389448979,0.00106863));
#5748=CARTESIAN_POINT('',(-0.0156646103106209,-0.00359422389448979,0.00106863));
#5749=CARTESIAN_POINT('',(-0.0310959803106209,0.00533714610551021,0.00106863));
#5750=CARTESIAN_POINT('',(-0.0310959803106209,0.0118371461055102,0.00106863));
#5751=CARTESIAN_POINT('',(-0.0286646103106209,0.0139871461055102,0.00106863));
#5752=CARTESIAN_POINT('',(-0.0286646103106209,0.0129121461055102,0.0024435665439903));
#5753=CARTESIAN_POINT('',(-0.0290439817485743,0.0129121461055102,0.0024435665439903));
#5754=CARTESIAN_POINT('',(-0.029719437681643,0.0129121461055102,0.002820827850854));
#5755=CARTESIAN_POINT('',(-0.0304724792708689,0.0129121461055102,0.003));
#5756=CARTESIAN_POINT('',(-0.0308454209573529,0.0129121461055102,0.003));
#5757=CARTESIAN_POINT('',(-0.0286646103106209,0.0129121461055102,0.00244356654399029));
#5758=CARTESIAN_POINT('',(-0.0286646103106209,0.0115557761055102,0.00106863));
#5759=CARTESIAN_POINT('',(-0.0156646103106209,0.0269871461055102,0.00106863));
#5760=CARTESIAN_POINT('',(-0.0132332403106209,0.0269871461055102,0.00106863));
#5761=CARTESIAN_POINT('',(-0.0145896103106209,0.0269871461055102,0.0024435665439903));
#5762=CARTESIAN_POINT('',(-0.0145896103106209,0.0280746461055104,0.00277631212774143));
#5763=CARTESIAN_POINT('',(-0.0145896103106209,0.027719229951371,0.00264276751298569));
#5764=CARTESIAN_POINT('',(-0.0145896103106209,0.0273843666655628,0.00244356654399032));
#5765=CARTESIAN_POINT('',(-0.0145896103106209,0.0269871461055102,0.00244356654399032));
#5766=CARTESIAN_POINT('',(-0.0135146103106209,0.0291621461055102,0.00106863));
#5767=CARTESIAN_POINT('',(-0.0135146103106209,0.0280746461055102,0.00245578662417767));
#5768=CARTESIAN_POINT('',(-0.0138944238407952,0.0280746461055102,0.00245578662417767));
#5769=CARTESIAN_POINT('',(-0.0142362871088008,0.0280746461055102,0.00264507987850938));
#5770=CARTESIAN_POINT('',(-0.0145896103106208,0.0280746461055102,0.00277631212774135));
#5771=CARTESIAN_POINT('',(-0.0135146103106209,0.0280746461055102,0.00245578662417766));
#5772=CARTESIAN_POINT('',(-0.0135146103106209,0.0267307761055102,0.00106863));
#5773=CARTESIAN_POINT('',(-0.000514610310620861,0.0421621461055102,0.00106863));
#5774=CARTESIAN_POINT('',(0.000510389689379137,0.0443668989435626,0.003));
#5775=CARTESIAN_POINT('',(0.000510389689379137,0.0439871437372843,0.003));
#5776=CARTESIAN_POINT('',(0.000510389689379137,0.0434233729942618,0.00285443253811542));
#5777=CARTESIAN_POINT('',(0.000510389689379137,0.0427272069008905,0.00252035291711147));
#5778=CARTESIAN_POINT('',(0.000510389689379137,0.0423650319412403,0.00239237978753539));
#5779=CARTESIAN_POINT('',(0.000510389689379137,0.0421621461055102,0.00239237978753539));
#5780=CARTESIAN_POINT('',(0.000510389689379141,0.0421621461055102,0.0023923797875354));
#5781=CARTESIAN_POINT('',(0.00191675968937914,0.0421621461055102,0.00106863));
#5782=CARTESIAN_POINT('',(0.00153538968937914,0.0421621461055102,0.00106863));
#5783=CARTESIAN_POINT('',(-0.000895980310620865,0.0421621461055102,0.00106863));
#5784=CARTESIAN_POINT('',(0.0145353896893791,0.0291621461055102,0.00106863));
#5785=CARTESIAN_POINT('',(0.0145353896893791,0.0267307761055102,0.00106863));
#5786=CARTESIAN_POINT('',(0.0145353896893791,0.0280746461055102,0.00245578662417767));
#5787=CARTESIAN_POINT('',(0.0167099939814056,0.0280746461055102,0.003));
#5788=CARTESIAN_POINT('',(0.0163378264251239,0.0280746461055102,0.003));
#5789=CARTESIAN_POINT('',(0.0155987749651853,0.0280746461055102,0.00282886678118472));
#5790=CARTESIAN_POINT('',(0.0149284855315918,0.0280746461055102,0.00245578662417768));
#5791=CARTESIAN_POINT('',(0.0145353896893791,0.0280746461055102,0.00245578662417767));
#5792=CARTESIAN_POINT('',(-0.0156646103106209,-0.00116285389448979,0.00106863));
#5793=CARTESIAN_POINT('',(-0.0145896103106209,-0.00116285389448978,0.0024435665439903));
#5794=CARTESIAN_POINT('',(-0.0145896103106209,-0.00154222533244321,0.0024435665439903));
#5795=CARTESIAN_POINT('',(-0.0145896103106209,-0.00221768126551194,0.002820827850854));
#5796=CARTESIAN_POINT('',(-0.0145896103106209,-0.00297072285473779,0.003));
#5797=CARTESIAN_POINT('',(-0.0145896103106209,-0.00334366454122187,0.003));
#5798=CARTESIAN_POINT('',(-0.0145896103106209,-0.00116285389448978,0.0024435665439903));
#5799=CARTESIAN_POINT('',(-0.0132332403106209,-0.00116285389448978,0.00106863));
#5800=CARTESIAN_POINT('',(-0.0286646103106209,0.0118371461055102,0.00106863));
#5801=CARTESIAN_POINT('',(-0.0286646103106209,0.0142685161055102,0.00106863));
#5802=CARTESIAN_POINT('',(-0.0221646103106208,0.0115557761055102,0.00106863));
#5803=CARTESIAN_POINT('',(-0.0221646103106208,0.0129121461055102,0.0024435665439903));
#5804=CARTESIAN_POINT('',(-0.0156646103106209,0.0129121461055102,0.0024435665439903));
#5805=CARTESIAN_POINT('',(-0.0156646103106209,0.0115557761055102,0.00106863));
#5806=CARTESIAN_POINT('',(-0.0132332403106209,0.0100763487002673,0.00106863));
#5807=CARTESIAN_POINT('',(-0.0132332403106209,0.0139871461055102,0.00106863));
#5808=CARTESIAN_POINT('',(-0.0145896103106209,0.0139871461055102,0.0024435665439903));
#5809=CARTESIAN_POINT('',(-0.0145896103106209,0.0204871461055102,0.0024435665439903));
#5810=CARTESIAN_POINT('',(-0.0135146103106209,0.0269871461055102,0.00106863));
#5811=CARTESIAN_POINT('',(-0.0159459803106209,0.0269871461055102,0.00106863));
#5812=CARTESIAN_POINT('',(-0.0135146103106209,0.0294185161055102,0.00106863));
#5813=CARTESIAN_POINT('',(-0.00701461031062086,0.0267307761055102,0.00106863));
#5814=CARTESIAN_POINT('',(-0.00701461031062086,0.0280746461055102,0.00245578662417767));
#5815=CARTESIAN_POINT('',(-0.000514610310620861,0.0280746461055102,0.00245578662417767));
#5816=CARTESIAN_POINT('',(-0.000514610310620861,0.0267307761055102,0.00106863));
#5817=CARTESIAN_POINT('',(0.00191675968937914,0.0100763487002673,0.00106863));
#5818=CARTESIAN_POINT('',(0.00051038968937914,0.0356621461055102,0.0023923797875354));
#5819=CARTESIAN_POINT('',(0.000510389689379137,0.0291621461055102,0.00239237978753539));
#5820=CARTESIAN_POINT('',(0.00191675968937914,0.0291621461055102,0.00106863));
#5821=CARTESIAN_POINT('',(-0.000895980310620859,0.0356621461055102,0.00106863));
#5822=CARTESIAN_POINT('',(-0.000895980310620859,0.0291621461055102,0.00106863));
#5823=CARTESIAN_POINT('',(0.00803538968937913,0.0267307761055102,0.00106863));
#5824=CARTESIAN_POINT('',(0.00153538968937914,0.0267307761055102,0.00106863));
#5825=CARTESIAN_POINT('',(0.00153538968937913,0.0280746461055102,0.00245578662417767));
#5826=CARTESIAN_POINT('',(0.00803538968937914,0.0280746461055102,0.00245578662417767));
#5827=CARTESIAN_POINT('',(0.0145353896893791,0.0269871461055102,0.00106863));
#5828=CARTESIAN_POINT('',(0.0145353896893792,0.0294185161055102,0.00106863));
#5829=CARTESIAN_POINT('',(0.0169667596893791,0.0269871461055102,0.00106863));
#5830=CARTESIAN_POINT('',(-0.0135146103106209,-0.00116285389448979,0.00106863));
#5831=CARTESIAN_POINT('',(-0.0135146103106209,-0.00359422389448979,0.00106863));
#5832=CARTESIAN_POINT('',(-0.0159459803106209,-0.00116285389448979,0.00106863));
#5833=CARTESIAN_POINT('',(-0.0132332403106209,0.0100763487002673,0.00106863));
#5834=CARTESIAN_POINT('',(-0.0145896103106209,0.00533714610551021,0.0024435665439903));
#5835=CARTESIAN_POINT('',(-0.0145896103106209,0.0118371461055102,0.0024435665439903));
#5836=CARTESIAN_POINT('',(-0.0132332403106209,0.0118371461055102,0.00106863));
#5837=CARTESIAN_POINT('',(0.00343425522225417,0.0142685161055102,0.00106863));
#5838=CARTESIAN_POINT('',(-0.0156646103106209,0.0142685161055102,0.00106863));
#5839=CARTESIAN_POINT('',(-0.0156646103106209,0.0139871461055102,0.00106863));
#5840=CARTESIAN_POINT('',(-0.0145896103106209,0.0129121461055102,0.00277159926650664));
#5841=CARTESIAN_POINT('',(-0.0149423809661745,0.0129121461055102,0.00263814510396968));
#5842=CARTESIAN_POINT('',(-0.0152775292185124,0.0129121461055102,0.0024435665439903));
#5843=CARTESIAN_POINT('',(-0.0156646103106208,0.0129121461055102,0.00244356654399029));
#5844=CARTESIAN_POINT('',(-0.0145896103106209,0.0129121461055104,0.00277159926650659));
#5845=CARTESIAN_POINT('',(-0.0145896103106209,0.0139871461055102,0.0024435665439903));
#5846=CARTESIAN_POINT('',(-0.0145896103106209,0.0136074967877067,0.0024435665439903));
#5847=CARTESIAN_POINT('',(-0.0145896103106209,0.0132656504548913,0.00263786754546599));
#5848=CARTESIAN_POINT('',(-0.0145896103106209,0.0129121461055104,0.00277159926650658));
#5849=CARTESIAN_POINT('',(-0.0159459803106209,0.0204871461055102,0.00106863));
#5850=CARTESIAN_POINT('',(-0.0159459803106209,0.0139871461055102,0.00106863));
#5851=CARTESIAN_POINT('',(0.00343425522225417,0.0294185161055102,0.00106863));
#5852=CARTESIAN_POINT('',(-0.000514610310620838,0.0294185161055102,0.00106863));
#5853=CARTESIAN_POINT('',(-0.000514610310620861,0.0291621461055102,0.00106863));
#5854=CARTESIAN_POINT('',(0.000510389689379137,0.0291621461055102,0.00239237978753539));
#5855=CARTESIAN_POINT('',(0.000510389689379137,0.0287744804682173,0.00239237978753539));
#5856=CARTESIAN_POINT('',(0.000510389689379137,0.0284323649779973,0.00261309064342469));
#5857=CARTESIAN_POINT('',(0.000510389689379137,0.0280746461055102,0.00275750790439364));
#5858=CARTESIAN_POINT('',(0.000510389689379137,0.0280746461055102,0.00275750790439364));
#5859=CARTESIAN_POINT('',(0.000510389689379097,0.0280746461055102,0.00275750790439377));
#5860=CARTESIAN_POINT('',(0.000176800140176046,0.0280746461055102,0.00263057205691701));
#5861=CARTESIAN_POINT('',(-0.000142128706525838,0.0280746461055102,0.00245578662417767));
#5862=CARTESIAN_POINT('',(-0.000514610310620863,0.0280746461055102,0.00245578662417767));
#5863=CARTESIAN_POINT('',(0.00153538968937914,0.0291621461055102,0.00106863));
#5864=CARTESIAN_POINT('',(0.00153538968937913,0.0280746461055102,0.00245578662417767));
#5865=CARTESIAN_POINT('',(0.0011734361495235,0.0280746461055102,0.00245578662417768));
#5866=CARTESIAN_POINT('',(0.000846005062225413,0.0280746461055102,0.00262980120051095));
#5867=CARTESIAN_POINT('',(0.000510389689379176,0.0280746461055102,0.00275750790439374));
#5868=CARTESIAN_POINT('',(0.00343425522225417,0.0294185161055102,0.00106863));
#5869=CARTESIAN_POINT('',(0.00153538968937914,0.0294185161055102,0.00106863));
#5870=CARTESIAN_POINT('',(0.0169667596893791,0.0100763487002673,0.00106863));
#5871=CARTESIAN_POINT('',(0.0169667596893791,0.0139871461055102,0.00106863));
#5872=CARTESIAN_POINT('',(0.0145353896893791,-0.00116285389448979,0.00106863));
#5873=CARTESIAN_POINT('',(0.0145353896893791,-0.00359422389448979,0.00106863));
#5874=CARTESIAN_POINT('',(0.0169667596893791,-0.00116285389448979,0.00106863));
#5875=CARTESIAN_POINT('',(-0.00701461031062086,-0.00359422389448979,0.00106863));
#5876=CARTESIAN_POINT('',(-0.000514610310620861,-0.00359422389448979,0.00106863));
#5877=CARTESIAN_POINT('',(-0.0159459803106209,0.00533714610551021,0.00106863));
#5878=CARTESIAN_POINT('',(-0.0159459803106209,0.0118371461055102,0.00106863));
#5879=CARTESIAN_POINT('',(-0.0156646103106209,0.0118371461055102,0.00106863));
#5880=CARTESIAN_POINT('',(-0.0145896103106208,0.0129121461055104,0.00277159926650671));
#5881=CARTESIAN_POINT('',(-0.0145896103106208,0.0125611499307968,0.00263881639522012));
#5882=CARTESIAN_POINT('',(-0.0145896103106209,0.0122297082322447,0.0024435665439903));
#5883=CARTESIAN_POINT('',(-0.0145896103106209,0.0118371461055102,0.0024435665439903));
#5884=CARTESIAN_POINT('',(-0.0135146103106209,0.0139871461055102,0.00106863));
#5885=CARTESIAN_POINT('',(-0.0135146103106209,0.0129121461055102,0.0024435665439903));
#5886=CARTESIAN_POINT('',(-0.0138951638328052,0.0129121461055102,0.0024435665439903));
#5887=CARTESIAN_POINT('',(-0.0142363611675721,0.0129121461055102,0.00263796409076198));
#5888=CARTESIAN_POINT('',(-0.0145896103106208,0.0129121461055102,0.00277159926650664));
#5889=CARTESIAN_POINT('',(-0.0135146103106209,0.0129121461055102,0.00244356654399029));
#5890=CARTESIAN_POINT('',(-0.0135146103106208,0.0115557761055102,0.00106863));
#5891=CARTESIAN_POINT('',(-0.000514610310620867,0.0269871461055102,0.00106863));
#5892=CARTESIAN_POINT('',(0.000510389689379136,0.0280746461055102,0.00275750790439364));
#5893=CARTESIAN_POINT('',(0.000510389689379136,0.0277195518164938,0.0026141502329101));
#5894=CARTESIAN_POINT('',(0.000510389689379137,0.0273912819137983,0.0023923797875354));
#5895=CARTESIAN_POINT('',(0.000510389689379137,0.0269871461055102,0.0023923797875354));
#5896=CARTESIAN_POINT('',(0.000510389689379141,0.0269871461055102,0.0023923797875354));
#5897=CARTESIAN_POINT('',(0.00191675968937914,0.0269871461055102,0.00106863));
#5898=CARTESIAN_POINT('',(0.00153538968937914,0.0269871461055102,0.00106863));
#5899=CARTESIAN_POINT('',(-0.000895980310620862,0.0269871461055102,0.00106863));
#5900=CARTESIAN_POINT('',(0.0145353896893791,0.0139871461055102,0.00106863));
#5901=CARTESIAN_POINT('',(0.0145353896893791,0.0115557761055102,0.00106863));
#5902=CARTESIAN_POINT('',(0.0145353896893791,0.0129121461055102,0.0024435665439903));
#5903=CARTESIAN_POINT('',(0.0167162003361112,0.0129121461055102,0.003));
#5904=CARTESIAN_POINT('',(0.0163425438691203,0.0129121461055102,0.003));
#5905=CARTESIAN_POINT('',(0.0156001006727402,0.0129121461055102,0.00282748004450261));
#5906=CARTESIAN_POINT('',(0.0149309459321576,0.0129121461055102,0.0024435665439903));
#5907=CARTESIAN_POINT('',(0.0145353896893791,0.0129121461055102,0.0024435665439903));
#5908=CARTESIAN_POINT('',(0.0169667596893791,0.0100763487002673,0.00106863));
#5909=CARTESIAN_POINT('',(0.0169667596893791,0.0118371461055102,0.00106863));
#5910=CARTESIAN_POINT('',(0.00803538968937913,-0.00359422389448979,0.00106863));
#5911=CARTESIAN_POINT('',(0.00153538968937914,-0.00359422389448979,0.00106863));
#5912=CARTESIAN_POINT('',(-0.000514610310620861,-0.00116285389448979,0.00106863));
#5913=CARTESIAN_POINT('',(0.000510389689379137,-0.00116285389448979,0.00239237978753539));
#5914=CARTESIAN_POINT('',(0.000510389689379137,-0.00154803680960054,0.00239237978753539));
#5915=CARTESIAN_POINT('',(0.000510389689379136,-0.00221848144091678,0.00281326684929412));
#5916=CARTESIAN_POINT('',(0.000510389689379137,-0.00298893127844533,0.003));
#5917=CARTESIAN_POINT('',(0.000510389689379137,-0.00336760673254216,0.003));
#5918=CARTESIAN_POINT('',(0.000510389689379135,-0.00116285389448979,0.00239237978753539));
#5919=CARTESIAN_POINT('',(0.00191675968937914,-0.00116285389448979,0.00106863));
#5920=CARTESIAN_POINT('',(-0.0135146103106209,0.0118371461055102,0.00106863));
#5921=CARTESIAN_POINT('',(-0.0135146103106209,0.0142685161055102,0.00106863));
#5922=CARTESIAN_POINT('',(-0.00701461031062086,0.0115557761055102,0.00106863));
#5923=CARTESIAN_POINT('',(-0.00701461031062086,0.0129121461055102,0.0024435665439903));
#5924=CARTESIAN_POINT('',(-0.000514610310620861,0.0129121461055102,0.0024435665439903));
#5925=CARTESIAN_POINT('',(-0.000514610310620861,0.0115557761055102,0.00106863));
#5926=CARTESIAN_POINT('',(0.00191675968937914,0.0100763487002673,0.00106863));
#5927=CARTESIAN_POINT('',(0.00051038968937914,0.0204871461055102,0.0023923797875354));
#5928=CARTESIAN_POINT('',(0.000510389689379137,0.0139871461055102,0.00239237978753539));
#5929=CARTESIAN_POINT('',(0.00191675968937914,0.0139871461055102,0.00106863));
#5930=CARTESIAN_POINT('',(-0.000895980310620859,0.0204871461055102,0.00106863));
#5931=CARTESIAN_POINT('',(-0.000895980310620859,0.0139871461055102,0.00106863));
#5932=CARTESIAN_POINT('',(0.00803538968937913,0.0115557761055102,0.00106863));
#5933=CARTESIAN_POINT('',(0.00153538968937914,0.0115557761055102,0.00106863));
#5934=CARTESIAN_POINT('',(0.00153538968937914,0.0129121461055102,0.0024435665439903));
#5935=CARTESIAN_POINT('',(0.00803538968937914,0.0129121461055102,0.0024435665439903));
#5936=CARTESIAN_POINT('',(0.0145353896893791,0.0118371461055102,0.00106863));
#5937=CARTESIAN_POINT('',(0.0145353896893791,0.0142685161055102,0.00106863));
#5938=CARTESIAN_POINT('',(0.00153538968937914,-0.00116285389448979,0.00106863));
#5939=CARTESIAN_POINT('',(-0.000895980310620865,-0.00116285389448979,0.00106863));
#5940=CARTESIAN_POINT('',(0.00191675968937914,0.0100763487002673,0.00106863));
#5941=CARTESIAN_POINT('',(0.00051038968937914,0.00533714610551021,0.0023923797875354));
#5942=CARTESIAN_POINT('',(0.000510389689379137,0.0118371461055102,0.00239237978753539));
#5943=CARTESIAN_POINT('',(0.00191675968937914,0.0118371461055102,0.00106863));
#5944=CARTESIAN_POINT('',(0.00343425522225417,0.0142685161055102,0.00106863));
#5945=CARTESIAN_POINT('',(-0.000514610310620861,0.0142685161055102,0.00106863));
#5946=CARTESIAN_POINT('',(-0.000514610310620858,0.0139871461055102,0.00106863));
#5947=CARTESIAN_POINT('',(0.000510389689379136,0.0139871461055102,0.00239237978753539));
#5948=CARTESIAN_POINT('',(0.000510389689379136,0.0136039979176555,0.00239237978753539));
#5949=CARTESIAN_POINT('',(0.000510389689379136,0.0132653902089489,0.00260880675038293));
#5950=CARTESIAN_POINT('',(0.000510389689379136,0.0129121461055102,0.00275244320917267));
#5951=CARTESIAN_POINT('',(0.000510389689379137,0.0129121461055102,0.00275244320917265));
#5952=CARTESIAN_POINT('',(0.000510389689379095,0.0129121461055102,0.00275244320917279));
#5953=CARTESIAN_POINT('',(0.000176963666676714,0.0129121461055102,0.00262317115155839));
#5954=CARTESIAN_POINT('',(-0.000140699426805299,0.0129121461055102,0.0024435665439903));
#5955=CARTESIAN_POINT('',(-0.000514610310620861,0.0129121461055102,0.0024435665439903));
#5956=CARTESIAN_POINT('',(0.00153538968937913,0.0139871461055102,0.00106863));
#5957=CARTESIAN_POINT('',(0.00153538968937914,0.0129121461055102,0.0024435665439903));
#5958=CARTESIAN_POINT('',(0.00117272454467517,0.0129121461055102,0.0024435665439903));
#5959=CARTESIAN_POINT('',(0.0008458775476866,0.0129121461055102,0.0026223717606501));
#5960=CARTESIAN_POINT('',(0.000510389689379177,0.0129121461055102,0.00275244320917276));
#5961=CARTESIAN_POINT('',(0.00343425522225417,0.0142685161055102,0.00106863));
#5962=CARTESIAN_POINT('',(0.00153538968937914,0.0142685161055102,0.00106863));
#5963=CARTESIAN_POINT('',(-0.000895980310620859,0.00533714610551021,0.00106863));
#5964=CARTESIAN_POINT('',(-0.000895980310620859,0.0118371461055102,0.00106863));
#5965=CARTESIAN_POINT('',(-0.000514610310620861,0.0118371461055102,0.00106863));
#5966=CARTESIAN_POINT('',(0.000510389689379137,0.0129121461055102,0.00275244320917267));
#5967=CARTESIAN_POINT('',(0.000510389689379137,0.0125615263352646,0.00260987385928261));
#5968=CARTESIAN_POINT('',(0.000510389689379137,0.01223653771648,0.00239237978753539));
#5969=CARTESIAN_POINT('',(0.000510389689379137,0.0118371461055102,0.00239237978753539));
#5970=CARTESIAN_POINT('',(0.00153538968937914,0.0118371461055102,0.00106863));
#5971=MECHANICAL_DESIGN_GEOMETRIC_PRESENTATION_REPRESENTATION('',(#3376),
#5972);
#5972=(
GEOMETRIC_REPRESENTATION_CONTEXT(3)
GLOBAL_UNCERTAINTY_ASSIGNED_CONTEXT((#5973))
GLOBAL_UNIT_ASSIGNED_CONTEXT((#5976,#5975,#5974))
REPRESENTATION_CONTEXT('Part 1','TOP_LEVEL_ASSEMBLY_PART')
);
#5973=UNCERTAINTY_MEASURE_WITH_UNIT(LENGTH_MEASURE(2.E-5),#5976,
'DISTANCE_ACCURACY_VALUE','Maximum Tolerance applied to model');
#5974=(
NAMED_UNIT(*)
SI_UNIT($,.STERADIAN.)
SOLID_ANGLE_UNIT()
);
#5975=(
NAMED_UNIT(*)
PLANE_ANGLE_UNIT()
SI_UNIT($,.RADIAN.)
);
#5976=(
LENGTH_UNIT()
NAMED_UNIT(*)
SI_UNIT($,.METRE.)
);
#5977=PRODUCT_DEFINITION_SHAPE('','',#5978);
#5978=PRODUCT_DEFINITION('','',#5980,#5979);
#5979=PRODUCT_DEFINITION_CONTEXT('',#5986,'design');
#5980=PRODUCT_DEFINITION_FORMATION_WITH_SPECIFIED_SOURCE('','',#5982,
 .NOT_KNOWN.);
#5981=PRODUCT_RELATED_PRODUCT_CATEGORY('','',(#5982));
#5982=PRODUCT('Part 1','Part 1','Part 1',(#5984));
#5983=PRODUCT_CATEGORY('','');
#5984=PRODUCT_CONTEXT('',#5986,'mechanical');
#5985=APPLICATION_PROTOCOL_DEFINITION('international standard',
'ap242_managed_model_based_3d_engineering',2020,#5986);
#5986=APPLICATION_CONTEXT('managed model based 3d engineering');
ENDSEC;
END-ISO-10303-21;
